{
  "type": "FeatureCollection",
  "generator": "overpass-turbo",
  "copyright": "The data included in this document is from www.openstreetmap.org. The data is made available under ODbL.",
  "timestamp": "2026-09-22T08:45:51Z",
  "features": [
    {
      "type": "Feature",
      "properties": {
        "@id": "node/24961718",
        "highway": "motorway_junction",
        "name": "Nuenen",
        "wikidata": "Q109404726"
      },
      "geometry": {
        "type": "Point",
        "coordinates": [
          5.5539761,
          51.4590636
        ]
      },
      "id": "node/24961718"
    },
    {
      "type": "Feature",
      "properties": {
        "@id": "node/27240166",
        "highway": "motorway_junction",
        "name": "Assen-Noord",
        "ref": "34"
      },
      "geometry": {
        "type": "Point",
        "coordinates": [
          6.5734302,
          53.0297517
        ]
      },
      "id": "node/27240166"
    },
    {
      "type": "Feature",
      "properties": {
        "@id": "node/27240171",
        "highway": "motorway_junction",
        "name": "Assen-West",
        "ref": "33"
      },
      "geometry": {
        "type": "Point",
        "coordinates": [
          6.5258842,
          52.990325
        ]
      },
      "id": "node/27240171"
    },
    {
      "type": "Feature",
      "properties": {
        "@id": "node/27350124",
        "highway": "motorway_junction",
        "name": "Knooppunt Assen"
      },
      "geometry": {
        "type": "Point",
        "coordinates": [
          6.5586832,
          52.9695621
        ]
      },
      "id": "node/27350124"
    },
    {
      "type": "Feature",
      "properties": {
        "@id": "node/27459906",
        "highway": "motorway_junction",
        "name": "Knooppunt Assen",
        "noref": "yes"
      },
      "geometry": {
        "type": "Point",
        "coordinates": [
          6.546754,
          52.9623674
        ]
      },
      "id": "node/27459906"
    },
    {
      "type": "Feature",
      "properties": {
        "@id": "node/29209831",
        "highway": "motorway_junction",
        "name": "Assen-Noord",
        "ref": "34"
      },
      "geometry": {
        "type": "Point",
        "coordinates": [
          6.5697725,
          53.0282851
        ]
      },
      "id": "node/29209831"
    },
    {
      "type": "Feature",
      "properties": {
        "@id": "node/41905314",
        "highway": "motorway_junction",
        "name": "Eijsden",
        "ref": "58",
        "source": "AND"
      },
      "geometry": {
        "type": "Point",
        "coordinates": [
          5.7198095,
          50.7682505
        ]
      },
      "id": "node/41905314"
    },
    {
      "type": "Feature",
      "properties": {
        "@id": "node/41922248",
        "highway": "motorway_junction",
        "name": "Oost-Maarland",
        "ref": "57",
        "source": "AND"
      },
      "geometry": {
        "type": "Point",
        "coordinates": [
          5.7257513,
          50.7935704
        ]
      },
      "id": "node/41922248"
    },
    {
      "type": "Feature",
      "properties": {
        "@id": "node/41932907",
        "highway": "motorway_junction",
        "name": "Gronsveld",
        "ref": "56",
        "source": "AND"
      },
      "geometry": {
        "type": "Point",
        "coordinates": [
          5.723189,
          50.8114461
        ]
      },
      "id": "node/41932907"
    },
    {
      "type": "Feature",
      "properties": {
        "@id": "node/41939069",
        "highway": "motorway_junction",
        "name": "Gronsveld",
        "ref": "56",
        "source": "AND"
      },
      "geometry": {
        "type": "Point",
        "coordinates": [
          5.7200695,
          50.8186493
        ]
      },
      "id": "node/41939069"
    },
    {
      "type": "Feature",
      "properties": {
        "@id": "node/41948483",
        "highway": "motorway_junction",
        "name": "Simpelveld",
        "ref": "7",
        "source": "AND"
      },
      "geometry": {
        "type": "Point",
        "coordinates": [
          6.0149201,
          50.8285514
        ]
      },
      "id": "node/41948483"
    },
    {
      "type": "Feature",
      "properties": {
        "@id": "node/41954336",
        "highway": "motorway_junction",
        "name": "Maastricht-Zuid",
        "ref": "55",
        "source": "AND"
      },
      "geometry": {
        "type": "Point",
        "coordinates": [
          5.7182999,
          50.8335261
        ]
      },
      "id": "node/41954336"
    },
    {
      "type": "Feature",
      "properties": {
        "@id": "node/41958077",
        "highway": "motorway_junction",
        "name": "Kerkrade"
      },
      "geometry": {
        "type": "Point",
        "coordinates": [
          6.0143713,
          50.8375469
        ]
      },
      "id": "node/41958077"
    },
    {
      "type": "Feature",
      "properties": {
        "@id": "node/41961766",
        "highway": "motorway_junction",
        "name": "Simpelveld",
        "ref": "7",
        "source": "AND"
      },
      "geometry": {
        "type": "Point",
        "coordinates": [
          6.0006016,
          50.8402559
        ]
      },
      "id": "node/41961766"
    },
    {
      "type": "Feature",
      "properties": {
        "@id": "node/41968742",
        "highway": "motorway_junction",
        "name": "Kerkrade"
      },
      "geometry": {
        "type": "Point",
        "coordinates": [
          6.0120659,
          50.845678
        ]
      },
      "id": "node/41968742"
    },
    {
      "type": "Feature",
      "properties": {
        "@id": "node/41971856",
        "highway": "motorway_junction",
        "name": "Parkstad 5300-5500"
      },
      "geometry": {
        "type": "Point",
        "coordinates": [
          6.0099994,
          50.8478717
        ]
      },
      "id": "node/41971856"
    },
    {
      "type": "Feature",
      "properties": {
        "@id": "node/41977067",
        "highway": "motorway_junction",
        "name": "Simpelveld"
      },
      "geometry": {
        "type": "Point",
        "coordinates": [
          6.0057569,
          50.8516363
        ]
      },
      "id": "node/41977067"
    },
    {
      "type": "Feature",
      "properties": {
        "@id": "node/41981450",
        "highway": "motorway_junction",
        "name": "Kerkrade-West",
        "source": "AND"
      },
      "geometry": {
        "type": "Point",
        "coordinates": [
          6.0032858,
          50.8541948
        ]
      },
      "id": "node/41981450"
    },
    {
      "type": "Feature",
      "properties": {
        "@id": "node/41985196",
        "highway": "motorway_junction",
        "name": "Kerkrade-West",
        "source": "AND"
      },
      "geometry": {
        "type": "Point",
        "coordinates": [
          6.0002686,
          50.8567812
        ]
      },
      "id": "node/41985196"
    },
    {
      "type": "Feature",
      "properties": {
        "@id": "node/41989859",
        "highway": "motorway_junction"
      },
      "geometry": {
        "type": "Point",
        "coordinates": [
          5.695533,
          50.860053
        ]
      },
      "id": "node/41989859"
    },
    {
      "type": "Feature",
      "properties": {
        "@id": "node/41998195",
        "highway": "motorway_junction",
        "name": "Heerlen-Zuid",
        "source": "AND"
      },
      "geometry": {
        "type": "Point",
        "coordinates": [
          5.9850606,
          50.8655725
        ]
      },
      "id": "node/41998195"
    },
    {
      "type": "Feature",
      "properties": {
        "@id": "node/42003549",
        "highway": "motorway_junction",
        "name": "Knooppunt Kruisdonk"
      },
      "geometry": {
        "type": "Point",
        "coordinates": [
          5.728544,
          50.8687721
        ]
      },
      "id": "node/42003549"
    },
    {
      "type": "Feature",
      "properties": {
        "@id": "node/42005856",
        "highway": "motorway_junction",
        "name": "Heerlen-Zuid",
        "source": "AND"
      },
      "geometry": {
        "type": "Point",
        "coordinates": [
          5.9784751,
          50.8703337
        ]
      },
      "id": "node/42005856"
    },
    {
      "type": "Feature",
      "properties": {
        "@id": "node/42012477",
        "highway": "motorway_junction",
        "name": "Knooppunt Kunderberg"
      },
      "geometry": {
        "type": "Point",
        "coordinates": [
          5.9574769,
          50.8737439
        ]
      },
      "id": "node/42012477"
    },
    {
      "type": "Feature",
      "properties": {
        "@id": "node/42012783",
        "highway": "motorway_junction",
        "name": "Bunde",
        "ref": "1",
        "source": "AND"
      },
      "geometry": {
        "type": "Point",
        "coordinates": [
          5.7404238,
          50.8748688
        ]
      },
      "id": "node/42012783"
    },
    {
      "type": "Feature",
      "properties": {
        "@id": "node/42013371",
        "highway": "motorway_junction",
        "name": "Voerendaal",
        "ref": "6",
        "source": "AND"
      },
      "geometry": {
        "type": "Point",
        "coordinates": [
          5.9489409,
          50.8745524
        ]
      },
      "id": "node/42013371"
    },
    {
      "type": "Feature",
      "properties": {
        "@id": "node/42013611",
        "highway": "motorway_junction",
        "name": "Valkenburg",
        "name:de": "Falkenburg",
        "ref": "3",
        "source": "AND"
      },
      "geometry": {
        "type": "Point",
        "coordinates": [
          5.8025133,
          50.8750839
        ]
      },
      "id": "node/42013611"
    },
    {
      "type": "Feature",
      "properties": {
        "@id": "node/42013613",
        "highway": "motorway_junction",
        "name": "Valkenburg",
        "ref": "3",
        "source": "AND"
      },
      "geometry": {
        "type": "Point",
        "coordinates": [
          5.8218452,
          50.8753511
        ]
      },
      "id": "node/42013613"
    },
    {
      "type": "Feature",
      "properties": {
        "@id": "node/42016998",
        "highway": "motorway_junction",
        "name": "Heerlen-Centrum",
        "ref": "7",
        "source": "AND"
      },
      "geometry": {
        "type": "Point",
        "coordinates": [
          5.9581073,
          50.8765073
        ]
      },
      "id": "node/42016998"
    },
    {
      "type": "Feature",
      "properties": {
        "@id": "node/42017065",
        "highway": "motorway_junction",
        "name": "Meerssen",
        "ref": "2",
        "source": "AND"
      },
      "geometry": {
        "type": "Point",
        "coordinates": [
          5.7713047,
          50.876746
        ]
      },
      "id": "node/42017065"
    },
    {
      "type": "Feature",
      "properties": {
        "@id": "node/42018941",
        "highway": "motorway_junction",
        "name": "Maastricht"
      },
      "geometry": {
        "type": "Point",
        "coordinates": [
          5.9742677,
          50.8777192
        ]
      },
      "id": "node/42018941"
    },
    {
      "type": "Feature",
      "properties": {
        "@id": "node/42019829",
        "highway": "motorway_junction",
        "name": "Voerendaal",
        "ref": "6",
        "source": "AND"
      },
      "geometry": {
        "type": "Point",
        "coordinates": [
          5.9114872,
          50.8783563
        ]
      },
      "id": "node/42019829"
    },
    {
      "type": "Feature",
      "properties": {
        "@id": "node/42022335",
        "highway": "motorway_junction",
        "name": "Klimmen",
        "ref": "5",
        "source": "AND"
      },
      "geometry": {
        "type": "Point",
        "coordinates": [
          5.9067071,
          50.8798023
        ]
      },
      "id": "node/42022335"
    },
    {
      "type": "Feature",
      "properties": {
        "@id": "node/42025208",
        "highway": "motorway_junction",
        "name": "Hulsberg",
        "ref": "4",
        "side": "right",
        "source": "AND"
      },
      "geometry": {
        "type": "Point",
        "coordinates": [
          5.8535849,
          50.8817795
        ]
      },
      "id": "node/42025208"
    },
    {
      "type": "Feature",
      "properties": {
        "@id": "node/42025927",
        "highway": "motorway_junction",
        "name": "Hulsberg",
        "ref": "4",
        "source": "AND"
      },
      "geometry": {
        "type": "Point",
        "coordinates": [
          5.8440134,
          50.8822629
        ]
      },
      "id": "node/42025927"
    },
    {
      "type": "Feature",
      "properties": {
        "@id": "node/42026023",
        "highway": "motorway_junction",
        "name": "Klimmen",
        "ref": "5",
        "side": "right",
        "source": "AND"
      },
      "geometry": {
        "type": "Point",
        "coordinates": [
          5.8624285,
          50.8821706
        ]
      },
      "id": "node/42026023"
    },
    {
      "type": "Feature",
      "properties": {
        "@id": "node/42026734",
        "highway": "motorway_junction",
        "name": "Maastricht"
      },
      "geometry": {
        "type": "Point",
        "coordinates": [
          5.971627,
          50.8827449
        ]
      },
      "id": "node/42026734"
    },
    {
      "type": "Feature",
      "properties": {
        "@id": "node/42028774",
        "highway": "motorway_junction",
        "name": "Heerlen",
        "source": "AND"
      },
      "geometry": {
        "type": "Point",
        "coordinates": [
          5.9710292,
          50.884012
        ]
      },
      "id": "node/42028774"
    },
    {
      "type": "Feature",
      "properties": {
        "@id": "node/42032309",
        "highway": "motorway_junction",
        "name": "Heerlen"
      },
      "geometry": {
        "type": "Point",
        "coordinates": [
          5.9652105,
          50.8871425
        ]
      },
      "id": "node/42032309"
    },
    {
      "type": "Feature",
      "properties": {
        "@id": "node/42036538",
        "highway": "motorway_junction",
        "name": "Woonboulevard",
        "source": "AND"
      },
      "geometry": {
        "type": "Point",
        "coordinates": [
          5.9612683,
          50.8899502
        ]
      },
      "id": "node/42036538"
    },
    {
      "type": "Feature",
      "properties": {
        "@id": "node/42041319",
        "highway": "motorway_junction",
        "name": "Parkstad 9200-9400",
        "source": "AND"
      },
      "geometry": {
        "type": "Point",
        "coordinates": [
          5.9548578,
          50.8937849
        ]
      },
      "id": "node/42041319"
    },
    {
      "type": "Feature",
      "properties": {
        "@id": "node/42041718",
        "highway": "motorway_junction",
        "name": "Meerssen",
        "ref": "51",
        "source": "AND"
      },
      "geometry": {
        "type": "Point",
        "coordinates": [
          5.7452042,
          50.8944381
        ]
      },
      "id": "node/42041718"
    },
    {
      "type": "Feature",
      "properties": {
        "@id": "node/42044217",
        "highway": "motorway_junction",
        "name": "Heerlen-Noord",
        "ref": "6",
        "source": "AND"
      },
      "geometry": {
        "type": "Point",
        "coordinates": [
          5.9336305,
          50.8961647
        ]
      },
      "id": "node/42044217"
    },
    {
      "type": "Feature",
      "properties": {
        "@id": "node/42044342",
        "highway": "motorway_junction",
        "name": "Landgraaf"
      },
      "geometry": {
        "type": "Point",
        "coordinates": [
          6.0430662,
          50.8963928
        ]
      },
      "id": "node/42044342"
    },
    {
      "type": "Feature",
      "properties": {
        "@id": "node/42046887",
        "highway": "motorway_junction",
        "name": "Landgraaf"
      },
      "geometry": {
        "type": "Point",
        "coordinates": [
          6.0451585,
          50.8992925
        ]
      },
      "id": "node/42046887"
    },
    {
      "type": "Feature",
      "properties": {
        "@id": "node/42047985",
        "highway": "motorway_junction",
        "name": "Heerlen-Noord",
        "source": "AND"
      },
      "geometry": {
        "type": "Point",
        "coordinates": [
          5.9384903,
          50.8998395
        ]
      },
      "id": "node/42047985"
    },
    {
      "type": "Feature",
      "properties": {
        "@id": "node/42050166",
        "highway": "motorway_junction",
        "name": "Heerlen-Noord"
      },
      "geometry": {
        "type": "Point",
        "coordinates": [
          5.9332195,
          50.9023129
        ]
      },
      "id": "node/42050166"
    },
    {
      "type": "Feature",
      "properties": {
        "@id": "node/42056059",
        "highway": "motorway_junction",
        "name": "Knooppunt Ten Esschen",
        "source": "AND"
      },
      "geometry": {
        "type": "Point",
        "coordinates": [
          5.9199433,
          50.9084838
        ]
      },
      "id": "node/42056059"
    },
    {
      "type": "Feature",
      "properties": {
        "@id": "node/42064621",
        "highway": "motorway_junction",
        "name": "Nuth-Centrum",
        "ref": "5a"
      },
      "geometry": {
        "type": "Point",
        "coordinates": [
          5.8950462,
          50.917056
        ]
      },
      "id": "node/42064621"
    },
    {
      "type": "Feature",
      "properties": {
        "@id": "node/42074992",
        "highway": "motorway_junction",
        "name": "Ulestraten",
        "ref": "50"
      },
      "geometry": {
        "type": "Point",
        "coordinates": [
          5.7783223,
          50.929611
        ]
      },
      "id": "node/42074992"
    },
    {
      "type": "Feature",
      "properties": {
        "@id": "node/42079171",
        "highway": "motorway_junction",
        "name": "Nuth",
        "ref": "5"
      },
      "geometry": {
        "type": "Point",
        "coordinates": [
          5.8769996,
          50.9365113
        ]
      },
      "id": "node/42079171"
    },
    {
      "type": "Feature",
      "properties": {
        "@id": "node/42084068",
        "highway": "motorway_junction",
        "name": "Spaubeek",
        "ref": "3",
        "source": "AND"
      },
      "geometry": {
        "type": "Point",
        "coordinates": [
          5.8521638,
          50.9423292
        ]
      },
      "id": "node/42084068"
    },
    {
      "type": "Feature",
      "properties": {
        "@id": "node/42088397",
        "highway": "motorway_junction",
        "name": "Spaubeek",
        "ref": "3",
        "source": "AND"
      },
      "geometry": {
        "type": "Point",
        "coordinates": [
          5.8315574,
          50.9477036
        ]
      },
      "id": "node/42088397"
    },
    {
      "type": "Feature",
      "properties": {
        "@id": "node/42092171",
        "highway": "motorway_junction",
        "name": "Geleen",
        "ref": "2",
        "source": "AND"
      },
      "geometry": {
        "type": "Point",
        "coordinates": [
          5.81883,
          50.9527585
        ]
      },
      "id": "node/42092171"
    },
    {
      "type": "Feature",
      "properties": {
        "@id": "node/42095643",
        "highway": "motorway_junction",
        "name": "Knooppunt Kerensheide"
      },
      "geometry": {
        "type": "Point",
        "coordinates": [
          5.786384,
          50.9571749
        ]
      },
      "id": "node/42095643"
    },
    {
      "type": "Feature",
      "properties": {
        "@id": "node/42096367",
        "check_date": "2024-03-29",
        "highway": "motorway_junction",
        "name": "Geleen",
        "ref": "2",
        "source": "AND"
      },
      "geometry": {
        "type": "Point",
        "coordinates": [
          5.8076988,
          50.9579701
        ]
      },
      "id": "node/42096367"
    },
    {
      "type": "Feature",
      "properties": {
        "@id": "node/42097983",
        "highway": "motorway_junction",
        "name": "Stein",
        "ref": "1",
        "source": "AND"
      },
      "geometry": {
        "type": "Point",
        "coordinates": [
          5.7608203,
          50.961044
        ]
      },
      "id": "node/42097983"
    },
    {
      "type": "Feature",
      "properties": {
        "@id": "node/42099435",
        "highway": "motorway_junction",
        "name": "Doenrade"
      },
      "geometry": {
        "type": "Point",
        "coordinates": [
          5.9014328,
          50.9639608
        ]
      },
      "id": "node/42099435"
    },
    {
      "type": "Feature",
      "properties": {
        "@id": "node/42099629",
        "highway": "motorway_junction",
        "name": "Knooppunt Kerensheide",
        "source": "AND"
      },
      "geometry": {
        "type": "Point",
        "coordinates": [
          5.7974472,
          50.9642092
        ]
      },
      "id": "node/42099629"
    },
    {
      "type": "Feature",
      "properties": {
        "@id": "node/42101087",
        "highway": "motorway_junction",
        "name": "Knooppunt Kerensheide",
        "source": "AND"
      },
      "geometry": {
        "type": "Point",
        "coordinates": [
          5.7755265,
          50.9662141
        ]
      },
      "id": "node/42101087"
    },
    {
      "type": "Feature",
      "properties": {
        "@id": "node/42102861",
        "highway": "motorway_junction",
        "name": "Doenrade"
      },
      "geometry": {
        "type": "Point",
        "coordinates": [
          5.8949273,
          50.9687225
        ]
      },
      "id": "node/42102861"
    },
    {
      "type": "Feature",
      "properties": {
        "@id": "node/42103817",
        "highway": "motorway_junction",
        "name": "Stein",
        "ref": "1a",
        "source": "AND"
      },
      "geometry": {
        "type": "Point",
        "coordinates": [
          5.7889806,
          50.9698765
        ]
      },
      "id": "node/42103817"
    },
    {
      "type": "Feature",
      "properties": {
        "@id": "node/42109229",
        "highway": "motorway_junction",
        "name": "Knooppunt Kerensheide"
      },
      "geometry": {
        "type": "Point",
        "coordinates": [
          5.7856968,
          50.9769747
        ]
      },
      "id": "node/42109229"
    },
    {
      "type": "Feature",
      "properties": {
        "@id": "node/42114147",
        "highway": "motorway_junction",
        "name": "Geleen"
      },
      "geometry": {
        "type": "Point",
        "coordinates": [
          5.841564,
          50.986242
        ]
      },
      "id": "node/42114147"
    },
    {
      "type": "Feature",
      "properties": {
        "@id": "node/42114401",
        "highway": "motorway_junction",
        "name": "Urmond",
        "ref": "48"
      },
      "geometry": {
        "type": "Point",
        "coordinates": [
          5.7831465,
          50.9867676
        ]
      },
      "id": "node/42114401"
    },
    {
      "type": "Feature",
      "properties": {
        "@id": "node/42117971",
        "highway": "motorway_junction",
        "name": "Urmond",
        "ref": "48",
        "source": "AND"
      },
      "geometry": {
        "type": "Point",
        "coordinates": [
          5.7861403,
          50.9936056
        ]
      },
      "id": "node/42117971"
    },
    {
      "type": "Feature",
      "properties": {
        "@id": "node/42122703",
        "highway": "motorway_junction",
        "name": "Limbricht"
      },
      "geometry": {
        "type": "Point",
        "coordinates": [
          5.843623,
          51.0050345
        ]
      },
      "id": "node/42122703"
    },
    {
      "type": "Feature",
      "properties": {
        "@id": "node/42124535",
        "highway": "motorway_junction",
        "name": "Limbricht"
      },
      "geometry": {
        "type": "Point",
        "coordinates": [
          5.8466756,
          51.0100688
        ]
      },
      "id": "node/42124535"
    },
    {
      "type": "Feature",
      "properties": {
        "@id": "node/42130293",
        "highway": "motorway_junction",
        "name": "Born",
        "ref": "47",
        "source": "AND"
      },
      "geometry": {
        "type": "Point",
        "coordinates": [
          5.8247295,
          51.0365671
        ]
      },
      "id": "node/42130293"
    },
    {
      "type": "Feature",
      "properties": {
        "@id": "node/42132706",
        "highway": "motorway_junction",
        "name": "Born",
        "ref": "47",
        "source": "AND"
      },
      "geometry": {
        "type": "Point",
        "coordinates": [
          5.82578,
          51.043028
        ]
      },
      "id": "node/42132706"
    },
    {
      "type": "Feature",
      "properties": {
        "@id": "node/42140554",
        "highway": "motorway_junction",
        "name": "Roosteren",
        "ref": "46",
        "source": "AND"
      },
      "geometry": {
        "type": "Point",
        "coordinates": [
          5.8239864,
          51.0717705
        ]
      },
      "id": "node/42140554"
    },
    {
      "type": "Feature",
      "properties": {
        "@id": "node/42140597",
        "highway": "motorway_junction",
        "name": "Roosteren",
        "ref": "46",
        "source": "AND"
      },
      "geometry": {
        "type": "Point",
        "coordinates": [
          5.8244169,
          51.0726583
        ]
      },
      "id": "node/42140597"
    },
    {
      "type": "Feature",
      "properties": {
        "@id": "node/42148078",
        "highway": "motorway_junction",
        "name": "Echt",
        "ref": "45",
        "source": "AND"
      },
      "geometry": {
        "type": "Point",
        "coordinates": [
          5.8507794,
          51.1042585
        ]
      },
      "id": "node/42148078"
    },
    {
      "type": "Feature",
      "properties": {
        "@id": "node/42149547",
        "highway": "motorway_junction",
        "name": "Echt",
        "ref": "45",
        "source": "AND"
      },
      "geometry": {
        "type": "Point",
        "coordinates": [
          5.8564152,
          51.1074658
        ]
      },
      "id": "node/42149547"
    },
    {
      "type": "Feature",
      "properties": {
        "@id": "node/42158650",
        "highway": "motorway_junction",
        "name": "Sint Joost",
        "ref": "44",
        "source": "AND"
      },
      "geometry": {
        "type": "Point",
        "coordinates": [
          5.8948271,
          51.1310426
        ]
      },
      "id": "node/42158650"
    },
    {
      "type": "Feature",
      "properties": {
        "@id": "node/42162707",
        "highway": "motorway_junction",
        "name": "Sint Joost",
        "ref": "44",
        "source": "AND"
      },
      "geometry": {
        "type": "Point",
        "coordinates": [
          5.8972767,
          51.1387544
        ]
      },
      "id": "node/42162707"
    },
    {
      "type": "Feature",
      "properties": {
        "@id": "node/42171846",
        "highway": "motorway_junction",
        "name": "Maasbracht",
        "ref": "43",
        "source": "AND"
      },
      "geometry": {
        "type": "Point",
        "coordinates": [
          5.8962245,
          51.1550538
        ]
      },
      "id": "node/42171846"
    },
    {
      "type": "Feature",
      "properties": {
        "@id": "node/42179196",
        "highway": "motorway_junction",
        "name": "Wessem",
        "ref": "42",
        "source": "AND"
      },
      "geometry": {
        "type": "Point",
        "coordinates": [
          5.8824873,
          51.1655982
        ]
      },
      "id": "node/42179196"
    },
    {
      "type": "Feature",
      "properties": {
        "@id": "node/42186447",
        "highway": "motorway_junction",
        "name": "Grathem",
        "ref": "41",
        "source": "AND"
      },
      "geometry": {
        "type": "Point",
        "coordinates": [
          5.8516334,
          51.1753784
        ]
      },
      "id": "node/42186447"
    },
    {
      "type": "Feature",
      "properties": {
        "@id": "node/42192442",
        "highway": "motorway_junction",
        "name": "Grathem",
        "ref": "41",
        "source": "AND"
      },
      "geometry": {
        "type": "Point",
        "coordinates": [
          5.8438817,
          51.1831561
        ]
      },
      "id": "node/42192442"
    },
    {
      "type": "Feature",
      "properties": {
        "@id": "node/42204256",
        "highway": "motorway_junction",
        "name": "Herten"
      },
      "geometry": {
        "type": "Point",
        "coordinates": [
          5.9838697,
          51.1975065
        ]
      },
      "id": "node/42204256"
    },
    {
      "type": "Feature",
      "properties": {
        "@id": "node/42208471",
        "highway": "motorway_junction",
        "name": "Horn"
      },
      "geometry": {
        "type": "Point",
        "coordinates": [
          5.9522598,
          51.2030971
        ]
      },
      "id": "node/42208471"
    },
    {
      "type": "Feature",
      "properties": {
        "@id": "node/42210056",
        "highway": "motorway_junction",
        "name": "Haelen"
      },
      "geometry": {
        "type": "Point",
        "coordinates": [
          5.9204812,
          51.2060929
        ]
      },
      "id": "node/42210056"
    },
    {
      "type": "Feature",
      "properties": {
        "@id": "node/42213943",
        "highway": "motorway_junction",
        "name": "Haelen"
      },
      "geometry": {
        "type": "Point",
        "coordinates": [
          5.9073716,
          51.2127575
        ]
      },
      "id": "node/42213943"
    },
    {
      "type": "Feature",
      "properties": {
        "@id": "node/42232234",
        "highway": "motorway_junction",
        "name": "Kelpen-Oler",
        "ref": "40",
        "source": "AND"
      },
      "geometry": {
        "type": "Point",
        "coordinates": [
          5.7976606,
          51.2323632
        ]
      },
      "id": "node/42232234"
    },
    {
      "type": "Feature",
      "properties": {
        "@id": "node/42238919",
        "highway": "motorway_junction",
        "name": "Kelpen-Oler",
        "ref": "40",
        "source": "AND"
      },
      "geometry": {
        "type": "Point",
        "coordinates": [
          5.7900049,
          51.238414
        ]
      },
      "id": "node/42238919"
    },
    {
      "type": "Feature",
      "properties": {
        "@id": "node/42283861",
        "highway": "motorway_junction",
        "name": "Nederweert",
        "ref": "39",
        "source": "AND"
      },
      "geometry": {
        "type": "Point",
        "coordinates": [
          5.738648,
          51.2728718
        ]
      },
      "id": "node/42283861"
    },
    {
      "type": "Feature",
      "properties": {
        "@id": "node/42288729",
        "highway": "motorway_junction",
        "name": "Weert-Noord",
        "ref": "38",
        "source": "AND"
      },
      "geometry": {
        "type": "Point",
        "coordinates": [
          5.6713911,
          51.2764209
        ]
      },
      "id": "node/42288729"
    },
    {
      "type": "Feature",
      "properties": {
        "@id": "node/42291904",
        "highway": "motorway_junction",
        "name": "Weert-Noord",
        "ref": "38",
        "source": "AND"
      },
      "geometry": {
        "type": "Point",
        "coordinates": [
          5.6566118,
          51.2791325
        ]
      },
      "id": "node/42291904"
    },
    {
      "type": "Feature",
      "properties": {
        "@id": "node/42293218",
        "highway": "motorway_junction",
        "name": "Nederweert",
        "ref": "39",
        "source": "AND"
      },
      "geometry": {
        "type": "Point",
        "coordinates": [
          5.7320693,
          51.2795167
        ]
      },
      "id": "node/42293218"
    },
    {
      "type": "Feature",
      "properties": {
        "@id": "node/42308189",
        "highway": "motorway_junction"
      },
      "geometry": {
        "type": "Point",
        "coordinates": [
          5.6445592,
          51.2888135
        ]
      },
      "id": "node/42308189"
    },
    {
      "type": "Feature",
      "properties": {
        "@id": "node/42315929",
        "highway": "motorway_junction",
        "name": "Budel",
        "ref": "37",
        "wikidata": "Q96901985"
      },
      "geometry": {
        "type": "Point",
        "coordinates": [
          5.6339869,
          51.2946724
        ]
      },
      "id": "node/42315929"
    },
    {
      "type": "Feature",
      "properties": {
        "@id": "node/42337840",
        "highway": "motorway_junction",
        "name": "Maarheeze",
        "ref": "36",
        "wikidata": "Q96902376"
      },
      "geometry": {
        "type": "Point",
        "coordinates": [
          5.6087398,
          51.3099341
        ]
      },
      "id": "node/42337840"
    },
    {
      "type": "Feature",
      "properties": {
        "@id": "node/42345927",
        "highway": "motorway_junction",
        "name": "Maarheeze",
        "ref": "36",
        "wikidata": "Q96902376"
      },
      "geometry": {
        "type": "Point",
        "coordinates": [
          5.603521,
          51.3145039
        ]
      },
      "id": "node/42345927"
    },
    {
      "type": "Feature",
      "properties": {
        "@id": "node/42357853",
        "highway": "motorway_junction",
        "name": "Het Goor",
        "wikidata": "Q1991197",
        "wikipedia": "nl:Verzorgingsplaats Het Goor"
      },
      "geometry": {
        "type": "Point",
        "coordinates": [
          5.2148503,
          51.3207702
        ]
      },
      "id": "node/42357853"
    },
    {
      "type": "Feature",
      "properties": {
        "@id": "node/42366316",
        "highway": "motorway_junction",
        "name": "Havens 0-1200"
      },
      "geometry": {
        "type": "Point",
        "coordinates": [
          3.7987429,
          51.324748
        ]
      },
      "id": "node/42366316"
    },
    {
      "type": "Feature",
      "properties": {
        "@id": "node/42366511",
        "highway": "motorway_junction",
        "name": "De Beerze",
        "wikidata": "Q2406580",
        "wikipedia": "nl:Verzorgingsplaats De Beerze"
      },
      "geometry": {
        "type": "Point",
        "coordinates": [
          5.2270311,
          51.3250419
        ]
      },
      "id": "node/42366511"
    },
    {
      "type": "Feature",
      "properties": {
        "@id": "node/42377440",
        "highway": "motorway_junction",
        "name": "Havens 0-1200"
      },
      "geometry": {
        "type": "Point",
        "coordinates": [
          3.8008952,
          51.3302107
        ]
      },
      "id": "node/42377440"
    },
    {
      "type": "Feature",
      "properties": {
        "@id": "node/42416228",
        "highway": "motorway_junction",
        "name": "Leende",
        "ref": "35",
        "wikidata": "Q96602772"
      },
      "geometry": {
        "type": "Point",
        "coordinates": [
          5.5647303,
          51.3393914
        ]
      },
      "id": "node/42416228"
    },
    {
      "type": "Feature",
      "properties": {
        "@id": "node/42430873",
        "highway": "motorway_junction",
        "name": "Valkenswaard",
        "ref": "34",
        "wikidata": "Q96903554"
      },
      "geometry": {
        "type": "Point",
        "coordinates": [
          5.5463833,
          51.3467717
        ]
      },
      "id": "node/42430873"
    },
    {
      "type": "Feature",
      "properties": {
        "@id": "node/42435701",
        "highway": "motorway_junction",
        "name": "Hapert",
        "ref": "29",
        "wikidata": "Q96942440"
      },
      "geometry": {
        "type": "Point",
        "coordinates": [
          5.2713173,
          51.3489236
        ]
      },
      "id": "node/42435701"
    },
    {
      "type": "Feature",
      "properties": {
        "@id": "node/42444222",
        "highway": "motorway_junction",
        "name": "Valkenswaard",
        "ref": "34",
        "wikidata": "Q96903554"
      },
      "geometry": {
        "type": "Point",
        "coordinates": [
          5.5380398,
          51.3548961
        ]
      },
      "id": "node/42444222"
    },
    {
      "type": "Feature",
      "properties": {
        "@id": "node/42458521",
        "highway": "motorway_junction",
        "name": "Blerick",
        "ref": "15",
        "source": "AND"
      },
      "geometry": {
        "type": "Point",
        "coordinates": [
          6.1397736,
          51.3589375
        ]
      },
      "id": "node/42458521"
    },
    {
      "type": "Feature",
      "properties": {
        "@id": "node/42483541",
        "highway": "motorway_junction",
        "name": "Eersel",
        "ref": "30",
        "wikidata": "Q96581748"
      },
      "geometry": {
        "type": "Point",
        "coordinates": [
          5.316086,
          51.3692369
        ]
      },
      "id": "node/42483541"
    },
    {
      "type": "Feature",
      "properties": {
        "@id": "node/42495546",
        "highway": "motorway_junction",
        "name": "Eersel",
        "ref": "30",
        "wikidata": "Q96581748"
      },
      "geometry": {
        "type": "Point",
        "coordinates": [
          5.3277226,
          51.3744206
        ]
      },
      "id": "node/42495546"
    },
    {
      "type": "Feature",
      "properties": {
        "@id": "node/42501005",
        "highway": "motorway_junction",
        "name": "Panningen",
        "ref": "38",
        "wikidata": "Q96793727"
      },
      "geometry": {
        "type": "Point",
        "coordinates": [
          5.9770514,
          51.3775039
        ]
      },
      "id": "node/42501005"
    },
    {
      "type": "Feature",
      "properties": {
        "@id": "node/42501440",
        "highway": "motorway_junction",
        "name": "Panningen",
        "ref": "38",
        "wikidata": "Q96793727"
      },
      "geometry": {
        "type": "Point",
        "coordinates": [
          5.9906341,
          51.3776786
        ]
      },
      "id": "node/42501440"
    },
    {
      "type": "Feature",
      "properties": {
        "@id": "node/42502417",
        "highway": "motorway_junction",
        "name": "De Slenk",
        "wikidata": "Q2412106",
        "wikipedia": "nl:Verzorgingsplaats De Slenk (A67)"
      },
      "geometry": {
        "type": "Point",
        "coordinates": [
          5.9635084,
          51.3781119
        ]
      },
      "id": "node/42502417"
    },
    {
      "type": "Feature",
      "properties": {
        "@id": "node/42502667",
        "highway": "motorway_junction",
        "name": "Deersels",
        "wikidata": "Q4763605",
        "wikipedia": "nl:Verzorgingsplaats Deersels"
      },
      "geometry": {
        "type": "Point",
        "coordinates": [
          5.998609,
          51.3781969
        ]
      },
      "id": "node/42502667"
    },
    {
      "type": "Feature",
      "properties": {
        "@id": "node/42503593",
        "highway": "motorway_junction",
        "name": "Helenaveen",
        "wikidata": "Q2263271",
        "wikipedia": "nl:Verzorgingsplaats Helenaveen"
      },
      "geometry": {
        "type": "Point",
        "coordinates": [
          5.9110509,
          51.3787563
        ]
      },
      "id": "node/42503593"
    },
    {
      "type": "Feature",
      "properties": {
        "@id": "node/42519702",
        "highway": "motorway_junction",
        "name": "Venlo",
        "ref": "41",
        "wikidata": "Q96757052"
      },
      "geometry": {
        "type": "Point",
        "coordinates": [
          6.2043152,
          51.3878911
        ]
      },
      "id": "node/42519702"
    },
    {
      "type": "Feature",
      "properties": {
        "@id": "node/42523233",
        "highway": "motorway_junction",
        "name": "Liessel",
        "ref": "37",
        "wikidata": "Q96794094"
      },
      "geometry": {
        "type": "Point",
        "coordinates": [
          5.8697307,
          51.3899418
        ]
      },
      "id": "node/42523233"
    },
    {
      "type": "Feature",
      "properties": {
        "@id": "node/42524885",
        "highway": "motorway_junction",
        "name": "Venlo",
        "ref": "41",
        "wikidata": "Q96757052"
      },
      "geometry": {
        "type": "Point",
        "coordinates": [
          6.1935424,
          51.3910486
        ]
      },
      "id": "node/42524885"
    },
    {
      "type": "Feature",
      "properties": {
        "@id": "node/42528860",
        "highway": "motorway_junction",
        "name": "Liessel",
        "ref": "37",
        "wikidata": "Q96794094"
      },
      "geometry": {
        "type": "Point",
        "coordinates": [
          5.8556103,
          51.393363
        ]
      },
      "id": "node/42528860"
    },
    {
      "type": "Feature",
      "properties": {
        "@id": "node/42529291",
        "highway": "motorway_junction",
        "name": "Knooppunt Zaarderheiken",
        "wikidata": "Q2329882",
        "wikipedia": "nl:Knooppunt Zaarderheiken"
      },
      "geometry": {
        "type": "Point",
        "coordinates": [
          6.1154388,
          51.3933279
        ]
      },
      "id": "node/42529291"
    },
    {
      "type": "Feature",
      "properties": {
        "@id": "node/42530242",
        "highway": "motorway_junction",
        "name": "Venlo-Noordwest",
        "ref": "39",
        "wikidata": "Q96757086"
      },
      "geometry": {
        "type": "Point",
        "coordinates": [
          6.0743469,
          51.3935356
        ]
      },
      "id": "node/42530242"
    },
    {
      "type": "Feature",
      "properties": {
        "@id": "node/42531728",
        "highway": "motorway_junction",
        "name": "Venlo-Noordwest",
        "ref": "39",
        "wikidata": "Q96757086"
      },
      "geometry": {
        "type": "Point",
        "coordinates": [
          6.0833119,
          51.3945623
        ]
      },
      "id": "node/42531728"
    },
    {
      "type": "Feature",
      "properties": {
        "@id": "node/42532471",
        "highway": "motorway_junction",
        "name": "Velden",
        "ref": "40",
        "wikidata": "Q96757058"
      },
      "geometry": {
        "type": "Point",
        "coordinates": [
          6.1792779,
          51.3950384
        ]
      },
      "id": "node/42532471"
    },
    {
      "type": "Feature",
      "properties": {
        "@id": "node/42534647",
        "highway": "motorway_junction",
        "name": "Valkenswaard",
        "proposed:name": "Valkenswaard",
        "ref": "31",
        "wikidata": "Q108556181"
      },
      "geometry": {
        "type": "Point",
        "coordinates": [
          5.3887596,
          51.3964748
        ]
      },
      "id": "node/42534647"
    },
    {
      "type": "Feature",
      "properties": {
        "@id": "node/42544015",
        "highway": "motorway_junction",
        "name": "Knooppunt Zaarderheiken",
        "wikidata": "Q2329882",
        "wikipedia": "nl:Knooppunt Zaarderheiken"
      },
      "geometry": {
        "type": "Point",
        "coordinates": [
          6.1269148,
          51.4015109
        ]
      },
      "id": "node/42544015"
    },
    {
      "type": "Feature",
      "properties": {
        "@id": "node/42547122",
        "highway": "motorway_junction",
        "name": "De Leysing",
        "wikidata": "Q2401597",
        "wikipedia": "nl:Verzorgingsplaats De Leysing"
      },
      "geometry": {
        "type": "Point",
        "coordinates": [
          5.8151791,
          51.4037372
        ]
      },
      "id": "node/42547122"
    },
    {
      "type": "Feature",
      "properties": {
        "@id": "node/42547563",
        "highway": "motorway_junction",
        "name": "Knooppunt De Hogt",
        "wikidata": "Q2615942",
        "wikimedia_commons": "Category:Knooppunt De Hogt",
        "wikipedia": "nl:Knooppunt De Hogt"
      },
      "geometry": {
        "type": "Point",
        "coordinates": [
          5.427344,
          51.4042257
        ]
      },
      "id": "node/42547563"
    },
    {
      "type": "Feature",
      "properties": {
        "@id": "node/42547839",
        "highway": "motorway_junction",
        "name": "Knooppunt Leenderheide",
        "wikidata": "Q2059157",
        "wikimedia_commons": "Category:Knooppunt Leenderheide",
        "wikipedia": "nl:Knooppunt Leenderheide"
      },
      "geometry": {
        "type": "Point",
        "coordinates": [
          5.5013447,
          51.40433
        ]
      },
      "id": "node/42547839"
    },
    {
      "type": "Feature",
      "properties": {
        "@id": "node/42548710",
        "highway": "motorway_junction",
        "name": "Meelakkers",
        "wikidata": "Q4480569",
        "wikipedia": "nl:Verzorgingsplaats Meelakkers"
      },
      "geometry": {
        "type": "Point",
        "coordinates": [
          5.534323,
          51.4048722
        ]
      },
      "id": "node/42548710"
    },
    {
      "type": "Feature",
      "properties": {
        "@id": "node/42548969",
        "highway": "motorway_junction",
        "name": "Knooppunt Leenderheide",
        "wikidata": "Q2059157",
        "wikimedia_commons": "Category:Knooppunt Leenderheide",
        "wikipedia": "nl:Knooppunt Leenderheide"
      },
      "geometry": {
        "type": "Point",
        "coordinates": [
          5.5118642,
          51.4050064
        ]
      },
      "id": "node/42548969"
    },
    {
      "type": "Feature",
      "properties": {
        "@id": "node/42549203",
        "highway": "motorway_junction",
        "name": "Waalre",
        "ref": "33",
        "wikidata": "Q19845691"
      },
      "geometry": {
        "type": "Point",
        "coordinates": [
          5.4846085,
          51.4055568
        ]
      },
      "id": "node/42549203"
    },
    {
      "type": "Feature",
      "properties": {
        "@id": "node/42549273",
        "highway": "motorway_junction",
        "name": "Het Gevlocht",
        "wikidata": "Q2147228",
        "wikipedia": "nl:Verzorgingsplaats Het Gevlocht"
      },
      "geometry": {
        "type": "Point",
        "coordinates": [
          5.8096711,
          51.4053395
        ]
      },
      "id": "node/42549273"
    },
    {
      "type": "Feature",
      "properties": {
        "@id": "node/42549379",
        "highway": "motorway_junction",
        "name": "Knooppunt De Hogt",
        "wikidata": "Q2615942",
        "wikimedia_commons": "Category:Knooppunt De Hogt",
        "wikipedia": "nl:Knooppunt De Hogt"
      },
      "geometry": {
        "type": "Point",
        "coordinates": [
          5.4390146,
          51.405547
        ]
      },
      "id": "node/42549379"
    },
    {
      "type": "Feature",
      "properties": {
        "@id": "node/42549505",
        "highway": "motorway_junction",
        "name": "Waalre",
        "ref": "33",
        "wikidata": "Q19845691"
      },
      "geometry": {
        "type": "Point",
        "coordinates": [
          5.4768063,
          51.4051137
        ]
      },
      "id": "node/42549505"
    },
    {
      "type": "Feature",
      "properties": {
        "@id": "node/42549861",
        "highway": "motorway_junction",
        "name": "Knooppunt Leenderheide",
        "wikidata": "Q2059157",
        "wikimedia_commons": "Category:Knooppunt Leenderheide",
        "wikipedia": "nl:Knooppunt Leenderheide"
      },
      "geometry": {
        "type": "Point",
        "coordinates": [
          5.501493,
          51.4056703
        ]
      },
      "id": "node/42549861"
    },
    {
      "type": "Feature",
      "properties": {
        "@id": "node/42551169",
        "highway": "motorway_junction",
        "name": "Geldrop",
        "ref": "34",
        "wikidata": "Q96484200"
      },
      "geometry": {
        "type": "Point",
        "coordinates": [
          5.5620235,
          51.4067305
        ]
      },
      "id": "node/42551169"
    },
    {
      "type": "Feature",
      "properties": {
        "@id": "node/42554295",
        "highway": "motorway_junction",
        "name": "Geldrop",
        "ref": "34",
        "wikidata": "Q96484200"
      },
      "geometry": {
        "type": "Point",
        "coordinates": [
          5.568785,
          51.4089179
        ]
      },
      "id": "node/42554295"
    },
    {
      "type": "Feature",
      "properties": {
        "@id": "node/42555526",
        "highway": "motorway_junction",
        "name": "Grubbenvorst",
        "ref": "12"
      },
      "geometry": {
        "type": "Point",
        "coordinates": [
          6.1255114,
          51.4089137
        ]
      },
      "id": "node/42555526"
    },
    {
      "type": "Feature",
      "properties": {
        "@id": "node/42561469",
        "highway": "motorway_junction",
        "name": "Veldhoven-Zuid",
        "ref": "32",
        "wikidata": "Q96943040"
      },
      "geometry": {
        "type": "Point",
        "coordinates": [
          5.4301874,
          51.4134097
        ]
      },
      "id": "node/42561469"
    },
    {
      "type": "Feature",
      "properties": {
        "@id": "node/42571290",
        "highway": "motorway_junction",
        "name": "Asten",
        "ref": "36",
        "wikidata": "Q2644947",
        "wikipedia": "nl:Verkeersplein Asten"
      },
      "geometry": {
        "type": "Point",
        "coordinates": [
          5.7705407,
          51.41656
        ]
      },
      "id": "node/42571290"
    },
    {
      "type": "Feature",
      "properties": {
        "@id": "node/42572450",
        "highway": "motorway_junction",
        "name": "Grubbenvorst",
        "ref": "12"
      },
      "geometry": {
        "type": "Point",
        "coordinates": [
          6.1191395,
          51.418086
        ]
      },
      "id": "node/42572450"
    },
    {
      "type": "Feature",
      "properties": {
        "@id": "node/42577458",
        "highway": "motorway_junction",
        "name": "Asten",
        "ref": "36",
        "wikidata": "Q2644947",
        "wikipedia": "nl:Verkeersplein Asten"
      },
      "geometry": {
        "type": "Point",
        "coordinates": [
          5.7548409,
          51.418766
        ]
      },
      "id": "node/42577458"
    },
    {
      "type": "Feature",
      "properties": {
        "@id": "node/42585768",
        "highway": "motorway_junction",
        "name": "Veldhoven-Zuid",
        "ref": "32",
        "wikidata": "Q96943040"
      },
      "geometry": {
        "type": "Point",
        "coordinates": [
          5.4281726,
          51.420158
        ]
      },
      "id": "node/42585768"
    },
    {
      "type": "Feature",
      "properties": {
        "@id": "node/42587128",
        "highway": "motorway_junction",
        "name": "Someren",
        "ref": "35",
        "wikidata": "Q96484002"
      },
      "geometry": {
        "type": "Point",
        "coordinates": [
          5.6957718,
          51.4225354
        ]
      },
      "id": "node/42587128"
    },
    {
      "type": "Feature",
      "properties": {
        "@id": "node/42587616",
        "highway": "motorway_junction",
        "name": "Someren",
        "ref": "35",
        "wikidata": "Q96484002"
      },
      "geometry": {
        "type": "Point",
        "coordinates": [
          5.6916789,
          51.4227644
        ]
      },
      "id": "node/42587616"
    },
    {
      "type": "Feature",
      "properties": {
        "@id": "node/42589822",
        "highway": "motorway_junction",
        "name": "Rilland",
        "ref": "31",
        "source": "AND"
      },
      "geometry": {
        "type": "Point",
        "coordinates": [
          4.1796598,
          51.4234583
        ]
      },
      "id": "node/42589822"
    },
    {
      "type": "Feature",
      "properties": {
        "@id": "node/42589982",
        "highway": "motorway_junction",
        "name": "Oeijenbraak",
        "wikidata": "Q1869769"
      },
      "geometry": {
        "type": "Point",
        "coordinates": [
          5.6722033,
          51.423544
        ]
      },
      "id": "node/42589982"
    },
    {
      "type": "Feature",
      "properties": {
        "@id": "node/42591478",
        "highway": "motorway_junction",
        "name": "Rilland",
        "ref": "31",
        "source": "AND"
      },
      "geometry": {
        "type": "Point",
        "coordinates": [
          4.1963716,
          51.4241798
        ]
      },
      "id": "node/42591478"
    },
    {
      "type": "Feature",
      "properties": {
        "@id": "node/42600029",
        "highway": "motorway_junction",
        "name": "Knooppunt Markiezaat",
        "wikidata": "Q2964343",
        "wikipedia": "nl:Knooppunt Markiezaat"
      },
      "geometry": {
        "type": "Point",
        "coordinates": [
          4.2766101,
          51.4275659
        ]
      },
      "id": "node/42600029"
    },
    {
      "type": "Feature",
      "properties": {
        "@id": "node/42614109",
        "highway": "motorway_junction",
        "name": "Knooppunt Markiezaat",
        "wikidata": "Q2964343",
        "wikipedia": "nl:Knooppunt Markiezaat"
      },
      "geometry": {
        "type": "Point",
        "coordinates": [
          4.2869542,
          51.4333569
        ]
      },
      "id": "node/42614109"
    },
    {
      "type": "Feature",
      "properties": {
        "@id": "node/42618667",
        "highway": "motorway_junction",
        "layer": "1",
        "name": "Kruiningen",
        "ref": "32",
        "source": "AND"
      },
      "geometry": {
        "type": "Point",
        "coordinates": [
          4.0701785,
          51.4350615
        ]
      },
      "id": "node/42618667"
    },
    {
      "type": "Feature",
      "properties": {
        "@id": "node/42625185",
        "highway": "motorway_junction",
        "name": "Hoogerheide",
        "ref": "30",
        "wikidata": "Q97354174"
      },
      "geometry": {
        "type": "Point",
        "coordinates": [
          4.304421,
          51.4382224
        ]
      },
      "id": "node/42625185"
    },
    {
      "type": "Feature",
      "properties": {
        "@id": "node/42634801",
        "highway": "motorway_junction",
        "name": "Hoogerheide",
        "ref": "30",
        "wikidata": "Q97354174"
      },
      "geometry": {
        "type": "Point",
        "coordinates": [
          4.3111861,
          51.441436
        ]
      },
      "id": "node/42634801"
    },
    {
      "type": "Feature",
      "properties": {
        "@id": "node/42643249",
        "highway": "motorway_junction",
        "name": "Horst",
        "ref": "11"
      },
      "geometry": {
        "type": "Point",
        "coordinates": [
          6.0731117,
          51.4455352
        ]
      },
      "id": "node/42643249"
    },
    {
      "type": "Feature",
      "properties": {
        "@id": "node/42647905",
        "highway": "motorway_junction",
        "name": "Borssele"
      },
      "geometry": {
        "type": "Point",
        "coordinates": [
          3.7532815,
          51.4463238
        ]
      },
      "id": "node/42647905"
    },
    {
      "type": "Feature",
      "properties": {
        "@id": "node/42655218",
        "highway": "motorway_junction",
        "name": "Borssele"
      },
      "geometry": {
        "type": "Point",
        "coordinates": [
          3.7506303,
          51.4494985
        ]
      },
      "id": "node/42655218"
    },
    {
      "type": "Feature",
      "properties": {
        "@id": "node/42659629",
        "highway": "motorway_junction",
        "name": "Eindhoven-Centrum",
        "ref": "30",
        "wikidata": "Q96942850"
      },
      "geometry": {
        "type": "Point",
        "coordinates": [
          5.4214314,
          51.4518696
        ]
      },
      "id": "node/42659629"
    },
    {
      "type": "Feature",
      "properties": {
        "@id": "node/42663745",
        "highway": "motorway_junction",
        "name": "Horst",
        "ref": "11",
        "source": "AND"
      },
      "geometry": {
        "type": "Point",
        "coordinates": [
          6.0656872,
          51.4533123
        ]
      },
      "id": "node/42663745"
    },
    {
      "type": "Feature",
      "properties": {
        "@id": "node/42676881",
        "highway": "motorway_junction",
        "name": "Eindhoven Airport",
        "ref": "29",
        "wikidata": "Q96942733"
      },
      "geometry": {
        "type": "Point",
        "coordinates": [
          5.4123634,
          51.4571644
        ]
      },
      "id": "node/42676881"
    },
    {
      "type": "Feature",
      "properties": {
        "@id": "node/42683358",
        "highway": "motorway_junction",
        "name": "Ritthem",
        "ref": "40",
        "source": "AND"
      },
      "geometry": {
        "type": "Point",
        "coordinates": [
          3.6041867,
          51.4590148
        ]
      },
      "id": "node/42683358"
    },
    {
      "type": "Feature",
      "properties": {
        "@id": "node/42688378",
        "highway": "motorway_junction",
        "name": "Yerseke",
        "ref": "33"
      },
      "geometry": {
        "type": "Point",
        "coordinates": [
          4.0292049,
          51.4602222
        ]
      },
      "id": "node/42688378"
    },
    {
      "type": "Feature",
      "properties": {
        "@id": "node/42693197",
        "highway": "motorway_junction",
        "name": "Yerseke",
        "ref": "33"
      },
      "geometry": {
        "type": "Point",
        "coordinates": [
          4.0256071,
          51.4629245
        ]
      },
      "id": "node/42693197"
    },
    {
      "type": "Feature",
      "properties": {
        "@id": "node/42695391",
        "highway": "motorway_junction",
        "name": "Ritthem",
        "ref": "40",
        "source": "AND"
      },
      "geometry": {
        "type": "Point",
        "coordinates": [
          3.6124317,
          51.463402
        ]
      },
      "id": "node/42695391"
    },
    {
      "type": "Feature",
      "properties": {
        "@id": "node/42697073",
        "highway": "motorway_junction",
        "name": "Eindhoven Airport",
        "ref": "29",
        "wikidata": "Q96942733"
      },
      "geometry": {
        "type": "Point",
        "coordinates": [
          5.4065075,
          51.4629153
        ]
      },
      "id": "node/42697073"
    },
    {
      "type": "Feature",
      "properties": {
        "@id": "node/42700723",
        "highway": "motorway_junction",
        "name": "Horst-Noord",
        "ref": "10"
      },
      "geometry": {
        "type": "Point",
        "coordinates": [
          6.0566109,
          51.4656222
        ]
      },
      "id": "node/42700723"
    },
    {
      "type": "Feature",
      "properties": {
        "@id": "node/42701487",
        "highway": "motorway_junction",
        "name": "Kapelle-Zuid",
        "ref": "34"
      },
      "geometry": {
        "type": "Point",
        "coordinates": [
          3.9863357,
          51.4659704
        ]
      },
      "id": "node/42701487"
    },
    {
      "type": "Feature",
      "properties": {
        "@id": "node/42705444",
        "highway": "motorway_junction",
        "name": "Deurne",
        "wikidata": "Q2199640",
        "wikipedia": "nl:Kruispunt tussen de N270 en de N604"
      },
      "geometry": {
        "type": "Point",
        "coordinates": [
          5.78229,
          51.46694
        ]
      },
      "id": "node/42705444"
    },
    {
      "type": "Feature",
      "properties": {
        "@id": "node/42708556",
        "highway": "motorway_junction",
        "name": "Nieuwdorp"
      },
      "geometry": {
        "type": "Point",
        "coordinates": [
          3.7306771,
          51.4681771
        ]
      },
      "id": "node/42708556"
    },
    {
      "type": "Feature",
      "properties": {
        "@id": "node/42712377",
        "highway": "motorway_junction",
        "name": "Deurne",
        "wikidata": "Q2199640",
        "wikipedia": "nl:Kruispunt tussen de N270 en de N604"
      },
      "geometry": {
        "type": "Point",
        "coordinates": [
          5.78999,
          51.46952
        ]
      },
      "id": "node/42712377"
    },
    {
      "type": "Feature",
      "properties": {
        "@id": "node/42716183",
        "highway": "motorway_junction",
        "name": "Havens 0-5000"
      },
      "geometry": {
        "type": "Point",
        "coordinates": [
          3.6706216,
          51.4707163
        ]
      },
      "id": "node/42716183"
    },
    {
      "type": "Feature",
      "properties": {
        "@id": "node/42717781",
        "highway": "motorway_junction",
        "name": "Deurne-Oost"
      },
      "geometry": {
        "type": "Point",
        "coordinates": [
          5.8020286,
          51.4718303
        ]
      },
      "id": "node/42717781"
    },
    {
      "type": "Feature",
      "properties": {
        "@id": "node/42718249",
        "highway": "motorway_junction",
        "name": "Knooppunt Batadorp",
        "wikidata": "Q4304650",
        "wikimedia_commons": "Category:Knooppunt Batadorp",
        "wikipedia": "nl:Knooppunt Batadorp"
      },
      "geometry": {
        "type": "Point",
        "coordinates": [
          5.4053588,
          51.4726018
        ]
      },
      "id": "node/42718249"
    },
    {
      "type": "Feature",
      "properties": {
        "@id": "node/42718300",
        "highway": "motorway_junction",
        "name": "De Rips"
      },
      "geometry": {
        "type": "Point",
        "coordinates": [
          5.8056347,
          51.4720901
        ]
      },
      "id": "node/42718300"
    },
    {
      "type": "Feature",
      "properties": {
        "@id": "node/42720386",
        "highway": "motorway_junction",
        "name": "Horst-Noord",
        "ref": "10"
      },
      "geometry": {
        "type": "Point",
        "coordinates": [
          6.0521795,
          51.472481
        ]
      },
      "id": "node/42720386"
    },
    {
      "type": "Feature",
      "properties": {
        "@id": "node/42728237",
        "highway": "motorway_junction",
        "name": "Havens 0-2200"
      },
      "geometry": {
        "type": "Point",
        "coordinates": [
          3.682528,
          51.475681
        ]
      },
      "id": "node/42728237"
    },
    {
      "type": "Feature",
      "properties": {
        "@id": "node/42728817",
        "highway": "motorway_junction",
        "name": "Middelburg-Centrum",
        "ref": "39",
        "source": "AND"
      },
      "geometry": {
        "type": "Point",
        "coordinates": [
          3.6309195,
          51.4753064
        ]
      },
      "id": "node/42728817"
    },
    {
      "type": "Feature",
      "properties": {
        "@id": "node/42733165",
        "highway": "motorway_junction",
        "name": "Kapelle",
        "ref": "35"
      },
      "geometry": {
        "type": "Point",
        "coordinates": [
          3.9306556,
          51.4771101
        ]
      },
      "id": "node/42733165"
    },
    {
      "type": "Feature",
      "properties": {
        "@id": "node/42737143",
        "highway": "motorway_junction",
        "name": "Middelburg-Centrum",
        "ref": "39",
        "source": "AND"
      },
      "geometry": {
        "type": "Point",
        "coordinates": [
          3.6433564,
          51.4787075
        ]
      },
      "id": "node/42737143"
    },
    {
      "type": "Feature",
      "properties": {
        "@id": "node/42739236",
        "highway": "motorway_junction",
        "name": "Bergen op Zoom-Zuid",
        "ref": "29",
        "wikidata": "Q97354437"
      },
      "geometry": {
        "type": "Point",
        "coordinates": [
          4.3157711,
          51.4788759
        ]
      },
      "id": "node/42739236"
    },
    {
      "type": "Feature",
      "properties": {
        "@id": "node/42744417",
        "highway": "motorway_junction",
        "name": "Goes-Zuid",
        "ref": "35a"
      },
      "geometry": {
        "type": "Point",
        "coordinates": [
          3.8909277,
          51.4805626
        ]
      },
      "id": "node/42744417"
    },
    {
      "type": "Feature",
      "properties": {
        "@id": "node/42748902",
        "highway": "motorway_junction",
        "name": "Bergen op Zoom-Zuid",
        "ref": "29",
        "wikidata": "Q97354437"
      },
      "geometry": {
        "type": "Point",
        "coordinates": [
          4.316099,
          51.4820047
        ]
      },
      "id": "node/42748902"
    },
    {
      "type": "Feature",
      "properties": {
        "@id": "node/42750421",
        "highway": "motorway_junction",
        "name": "Knooppunt De Poel"
      },
      "geometry": {
        "type": "Point",
        "coordinates": [
          3.8708202,
          51.4826411
        ]
      },
      "id": "node/42750421"
    },
    {
      "type": "Feature",
      "properties": {
        "@id": "node/42754702",
        "highway": "motorway_junction",
        "name": "Middelburg-Oost",
        "ref": "38",
        "source": "AND"
      },
      "geometry": {
        "type": "Point",
        "coordinates": [
          3.655489,
          51.484088
        ]
      },
      "id": "node/42754702"
    },
    {
      "type": "Feature",
      "properties": {
        "@id": "node/42754840",
        "highway": "motorway_junction",
        "name": "Knooppunt Batadorp",
        "wikidata": "Q4304650",
        "wikimedia_commons": "Category:Knooppunt Batadorp",
        "wikipedia": "nl:Knooppunt Batadorp"
      },
      "geometry": {
        "type": "Point",
        "coordinates": [
          5.4091876,
          51.4839647
        ]
      },
      "id": "node/42754840"
    },
    {
      "type": "Feature",
      "properties": {
        "@id": "node/42757606",
        "highway": "motorway_junction",
        "name": "Knooppunt Stelleplas"
      },
      "geometry": {
        "type": "Point",
        "coordinates": [
          3.789955,
          51.4844273
        ]
      },
      "id": "node/42757606"
    },
    {
      "type": "Feature",
      "properties": {
        "@id": "node/42762009",
        "highway": "motorway_junction",
        "name": "Best",
        "ref": "7",
        "wikidata": "Q96639368"
      },
      "geometry": {
        "type": "Point",
        "coordinates": [
          5.3886834,
          51.4858984
        ]
      },
      "id": "node/42762009"
    },
    {
      "type": "Feature",
      "properties": {
        "@id": "node/42763260",
        "highway": "motorway_junction",
        "name": "Knooppunt Ekkersweijer",
        "wikidata": "Q2470034",
        "wikimedia_commons": "Category:Knooppunt Ekkersweijer",
        "wikipedia": "nl:Knooppunt Ekkersweijer"
      },
      "geometry": {
        "type": "Point",
        "coordinates": [
          5.4200017,
          51.4862109
        ]
      },
      "id": "node/42763260"
    },
    {
      "type": "Feature",
      "properties": {
        "@id": "node/42763990",
        "highway": "motorway_junction",
        "name": "Best",
        "ref": "7",
        "wikidata": "Q96639368"
      },
      "geometry": {
        "type": "Point",
        "coordinates": [
          5.3849402,
          51.4865509
        ]
      },
      "id": "node/42763990"
    },
    {
      "type": "Feature",
      "properties": {
        "@id": "node/42764626",
        "highway": "motorway_junction",
        "name": "Knooppunt De Poel"
      },
      "geometry": {
        "type": "Point",
        "coordinates": [
          3.8707412,
          51.4862857
        ]
      },
      "id": "node/42764626"
    },
    {
      "type": "Feature",
      "properties": {
        "@id": "node/42768357",
        "highway": "motorway_junction",
        "name": "Helmond-Centrum",
        "wikidata": "Q129330078"
      },
      "geometry": {
        "type": "Point",
        "coordinates": [
          5.686795,
          51.4882509
        ]
      },
      "id": "node/42768357"
    },
    {
      "type": "Feature",
      "properties": {
        "@id": "node/42783048",
        "highway": "motorway_junction",
        "name": "Helmond-Centrum",
        "wikidata": "Q129330078"
      },
      "geometry": {
        "type": "Point",
        "coordinates": [
          5.6815294,
          51.4926554
        ]
      },
      "id": "node/42783048"
    },
    {
      "type": "Feature",
      "properties": {
        "@id": "node/42785033",
        "highway": "motorway_junction",
        "name": "Oirschot",
        "ref": "8",
        "wikidata": "Q97292023"
      },
      "geometry": {
        "type": "Point",
        "coordinates": [
          5.3162769,
          51.4931471
        ]
      },
      "id": "node/42785033"
    },
    {
      "type": "Feature",
      "properties": {
        "@id": "node/42786878",
        "highway": "motorway_junction",
        "name": "Knooppunt Ekkersweijer",
        "wikidata": "Q2470034",
        "wikimedia_commons": "Category:Knooppunt Ekkersweijer",
        "wikipedia": "nl:Knooppunt Ekkersweijer"
      },
      "geometry": {
        "type": "Point",
        "coordinates": [
          5.441706,
          51.4936535
        ]
      },
      "id": "node/42786878"
    },
    {
      "type": "Feature",
      "properties": {
        "@id": "node/42790962",
        "highway": "motorway_junction",
        "name": "Knooppunt Zoomland",
        "wikidata": "Q2004877",
        "wikipedia": "nl:Knooppunt Zoomland"
      },
      "geometry": {
        "type": "Point",
        "coordinates": [
          4.3168803,
          51.4950047
        ]
      },
      "id": "node/42790962"
    },
    {
      "type": "Feature",
      "properties": {
        "@id": "node/42792104",
        "description": "Goes-Zuid",
        "highway": "motorway_junction",
        "name": "Goes-De Poel",
        "ref": "1"
      },
      "geometry": {
        "type": "Point",
        "coordinates": [
          3.8710508,
          51.4954311
        ]
      },
      "id": "node/42792104"
    },
    {
      "type": "Feature",
      "properties": {
        "@id": "node/42792688",
        "highway": "motorway_junction",
        "name": "Oirschot",
        "ref": "8",
        "wikidata": "Q97292023"
      },
      "geometry": {
        "type": "Point",
        "coordinates": [
          5.3049774,
          51.4951879
        ]
      },
      "id": "node/42792688"
    },
    {
      "type": "Feature",
      "properties": {
        "@id": "node/42794467",
        "highway": "motorway_junction",
        "name": "Knooppunt Ekkersweijer",
        "wikidata": "Q2470034",
        "wikipedia": "nl:Knooppunt Ekkersweijer"
      },
      "geometry": {
        "type": "Point",
        "coordinates": [
          5.4259242,
          51.4956038
        ]
      },
      "id": "node/42794467"
    },
    {
      "type": "Feature",
      "properties": {
        "@id": "node/42795192",
        "highway": "motorway_junction",
        "name": "Arnemuiden",
        "ref": "37",
        "source": "AND"
      },
      "geometry": {
        "type": "Point",
        "coordinates": [
          3.6752555,
          51.4954928
        ]
      },
      "id": "node/42795192"
    },
    {
      "type": "Feature",
      "properties": {
        "@id": "node/42802254",
        "highway": "motorway_junction",
        "name": "Arnemuiden",
        "ref": "37",
        "source": "AND"
      },
      "geometry": {
        "type": "Point",
        "coordinates": [
          3.6790214,
          51.4978083
        ]
      },
      "id": "node/42802254"
    },
    {
      "type": "Feature",
      "properties": {
        "@id": "node/42812007",
        "highway": "motorway_junction",
        "name": "Bergen op Zoom-Oost",
        "ref": "27",
        "wikidata": "Q97355772"
      },
      "geometry": {
        "type": "Point",
        "coordinates": [
          4.3190136,
          51.4996723
        ]
      },
      "id": "node/42812007"
    },
    {
      "type": "Feature",
      "properties": {
        "@id": "node/42814267",
        "highway": "motorway_junction",
        "name": "Knooppunt Zoomland",
        "wikidata": "Q2004877",
        "wikipedia": "nl:Knooppunt Zoomland"
      },
      "geometry": {
        "type": "Point",
        "coordinates": [
          4.3232092,
          51.5002653
        ]
      },
      "id": "node/42814267"
    },
    {
      "type": "Feature",
      "properties": {
        "@id": "node/42821448",
        "highway": "motorway_junction",
        "name": "Knooppunt Zoomland",
        "wikidata": "Q2004877",
        "wikipedia": "nl:Knooppunt Zoomland"
      },
      "geometry": {
        "type": "Point",
        "coordinates": [
          4.3132046,
          51.5025602
        ]
      },
      "id": "node/42821448"
    },
    {
      "type": "Feature",
      "properties": {
        "@id": "node/42824137",
        "highway": "motorway_junction",
        "name": "Best",
        "ref": "28",
        "wikidata": "Q96638944"
      },
      "geometry": {
        "type": "Point",
        "coordinates": [
          5.4178241,
          51.5027766
        ]
      },
      "id": "node/42824137"
    },
    {
      "type": "Feature",
      "properties": {
        "@id": "node/42826904",
        "highway": "motorway_junction",
        "name": "Helmond",
        "old_name": "Knooppunt Ekkersrijt",
        "ref": "6+7"
      },
      "geometry": {
        "type": "Point",
        "coordinates": [
          5.4743017,
          51.5028343
        ]
      },
      "id": "node/42826904"
    },
    {
      "type": "Feature",
      "properties": {
        "@id": "node/42835839",
        "highway": "motorway_junction",
        "name": "Bergen op Zoom-Noord",
        "ref": "27",
        "wikidata": "Q97355514"
      },
      "geometry": {
        "type": "Point",
        "coordinates": [
          4.3112104,
          51.5060279
        ]
      },
      "id": "node/42835839"
    },
    {
      "type": "Feature",
      "properties": {
        "@id": "node/42840473",
        "highway": "motorway_junction",
        "name": "Heerle",
        "ref": "26",
        "wikidata": "Q97356401"
      },
      "geometry": {
        "type": "Point",
        "coordinates": [
          4.3591667,
          51.5068925
        ]
      },
      "id": "node/42840473"
    },
    {
      "type": "Feature",
      "properties": {
        "@id": "node/42841649",
        "highway": "motorway_junction",
        "name": "Heerle",
        "ref": "26",
        "wikidata": "Q97356401"
      },
      "geometry": {
        "type": "Point",
        "coordinates": [
          4.3625845,
          51.5072038
        ]
      },
      "id": "node/42841649"
    },
    {
      "type": "Feature",
      "properties": {
        "@id": "node/42844249",
        "highway": "motorway_junction",
        "name": "Wouwse Plantage",
        "ref": "25",
        "wikidata": "Q97356766"
      },
      "geometry": {
        "type": "Point",
        "coordinates": [
          4.3904408,
          51.5078679
        ]
      },
      "id": "node/42844249"
    },
    {
      "type": "Feature",
      "properties": {
        "@id": "node/42845638",
        "highway": "motorway_junction",
        "name": "Wouwse Plantage",
        "ref": "25",
        "wikidata": "Q97356766"
      },
      "geometry": {
        "type": "Point",
        "coordinates": [
          4.3970238,
          51.5081963
        ]
      },
      "id": "node/42845638"
    },
    {
      "type": "Feature",
      "properties": {
        "@id": "node/42849792",
        "highway": "motorway_junction",
        "name": "Son en Breugel",
        "ref": "8",
        "wikidata": "Q96944097"
      },
      "geometry": {
        "type": "Point",
        "coordinates": [
          5.4707869,
          51.5095296
        ]
      },
      "id": "node/42849792"
    },
    {
      "type": "Feature",
      "properties": {
        "@id": "node/42852024",
        "highway": "motorway_junction",
        "name": "Best",
        "ref": "28",
        "wikidata": "Q96638944"
      },
      "geometry": {
        "type": "Point",
        "coordinates": [
          5.4086986,
          51.5091841
        ]
      },
      "id": "node/42852024"
    },
    {
      "type": "Feature",
      "properties": {
        "@id": "node/42870444",
        "highway": "motorway_junction",
        "name": "Leunen"
      },
      "geometry": {
        "type": "Point",
        "coordinates": [
          5.9755377,
          51.5145566
        ]
      },
      "id": "node/42870444"
    },
    {
      "type": "Feature",
      "properties": {
        "@id": "node/42875555",
        "highway": "motorway_junction",
        "name": "Roosendaal-Zuid"
      },
      "geometry": {
        "type": "Point",
        "coordinates": [
          4.4667528,
          51.5160397
        ]
      },
      "id": "node/42875555"
    },
    {
      "type": "Feature",
      "properties": {
        "@id": "node/42876983",
        "highway": "motorway_junction",
        "name": "Venray"
      },
      "geometry": {
        "type": "Point",
        "coordinates": [
          5.9856542,
          51.5163917
        ]
      },
      "id": "node/42876983"
    },
    {
      "type": "Feature",
      "properties": {
        "@id": "node/42878311",
        "highway": "motorway_junction",
        "name": "Venray",
        "ref": "9",
        "source": "AND"
      },
      "geometry": {
        "type": "Point",
        "coordinates": [
          6.0056417,
          51.5167306
        ]
      },
      "id": "node/42878311"
    },
    {
      "type": "Feature",
      "properties": {
        "@id": "node/42880534",
        "highway": "motorway_junction",
        "name": "Son en Breugel",
        "ref": "8",
        "wikidata": "Q96944097"
      },
      "geometry": {
        "type": "Point",
        "coordinates": [
          5.4684123,
          51.5172734
        ]
      },
      "id": "node/42880534"
    },
    {
      "type": "Feature",
      "properties": {
        "@id": "node/42891717",
        "highway": "motorway_junction",
        "name": "Venray",
        "ref": "9",
        "source": "AND"
      },
      "geometry": {
        "type": "Point",
        "coordinates": [
          6.0030782,
          51.520233
        ]
      },
      "id": "node/42891717"
    },
    {
      "type": "Feature",
      "properties": {
        "@id": "node/42900023",
        "highway": "motorway_junction",
        "name": "Knooppunt Galder",
        "wikidata": "Q2133480",
        "wikipedia": "nl:Knooppunt Galder"
      },
      "geometry": {
        "type": "Point",
        "coordinates": [
          4.7454334,
          51.5222657
        ]
      },
      "id": "node/42900023"
    },
    {
      "type": "Feature",
      "properties": {
        "@id": "node/42901355",
        "highway": "motorway_junction",
        "name": "Best-West",
        "ref": "27",
        "wikidata": "Q96639398"
      },
      "geometry": {
        "type": "Point",
        "coordinates": [
          5.3952915,
          51.52198
        ]
      },
      "id": "node/42901355"
    },
    {
      "type": "Feature",
      "properties": {
        "@id": "node/42911955",
        "highway": "motorway_junction",
        "name": "Knooppunt De Stok",
        "noref": "yes",
        "wikidata": "Q2307825",
        "wikipedia": "nl:Knooppunt De Stok"
      },
      "geometry": {
        "type": "Point",
        "coordinates": [
          4.4269414,
          51.5254662
        ]
      },
      "id": "node/42911955"
    },
    {
      "type": "Feature",
      "properties": {
        "@id": "node/42914387",
        "highway": "motorway_junction",
        "name": "Roosendaal",
        "ref": "24",
        "wikidata": "Q20899730"
      },
      "geometry": {
        "type": "Point",
        "coordinates": [
          4.4588932,
          51.5258354
        ]
      },
      "id": "node/42914387"
    },
    {
      "type": "Feature",
      "properties": {
        "@id": "node/42914526",
        "highway": "motorway_junction",
        "name": "Roosendaal",
        "ref": "24",
        "wikidata": "Q20899730"
      },
      "geometry": {
        "type": "Point",
        "coordinates": [
          4.4724033,
          51.5262663
        ]
      },
      "id": "node/42914526"
    },
    {
      "type": "Feature",
      "properties": {
        "@id": "node/42915523",
        "highway": "motorway_junction",
        "name": "Best-West",
        "ref": "27",
        "wikidata": "Q96639398"
      },
      "geometry": {
        "type": "Point",
        "coordinates": [
          5.3900327,
          51.5266346
        ]
      },
      "id": "node/42915523"
    },
    {
      "type": "Feature",
      "properties": {
        "@id": "node/42924144",
        "highway": "motorway_junction",
        "name": "Roosendaal-West",
        "ref": "19",
        "wikidata": "Q97358035"
      },
      "geometry": {
        "type": "Point",
        "coordinates": [
          4.429627,
          51.5284302
        ]
      },
      "id": "node/42924144"
    },
    {
      "type": "Feature",
      "properties": {
        "@id": "node/42926050",
        "highway": "motorway_junction",
        "name": "Knooppunt De Stok",
        "noref": "yes",
        "wikidata": "Q2307825",
        "wikipedia": "nl:Knooppunt De Stok"
      },
      "geometry": {
        "type": "Point",
        "coordinates": [
          4.4300082,
          51.5293072
        ]
      },
      "id": "node/42926050"
    },
    {
      "type": "Feature",
      "properties": {
        "@id": "node/42927894",
        "highway": "motorway_junction",
        "name": "Knooppunt De Stok",
        "noref": "yes",
        "wikidata": "Q2307825",
        "wikipedia": "nl:Knooppunt De Stok"
      },
      "geometry": {
        "type": "Point",
        "coordinates": [
          4.4394772,
          51.5296876
        ]
      },
      "id": "node/42927894"
    },
    {
      "type": "Feature",
      "properties": {
        "@id": "node/42928954",
        "highway": "motorway_junction",
        "name": "Beekse Bergen"
      },
      "geometry": {
        "type": "Point",
        "coordinates": [
          5.1154301,
          51.5305188
        ]
      },
      "id": "node/42928954"
    },
    {
      "type": "Feature",
      "properties": {
        "@id": "node/42936978",
        "highway": "motorway_junction",
        "name": "Roosendaal-Oost",
        "ref": "23",
        "wikidata": "Q97359024"
      },
      "geometry": {
        "type": "Point",
        "coordinates": [
          4.4797462,
          51.532622
        ]
      },
      "id": "node/42936978"
    },
    {
      "type": "Feature",
      "properties": {
        "@id": "node/42937108",
        "highway": "motorway_junction",
        "name": "Knooppunt Galder",
        "wikidata": "Q2133480",
        "wikipedia": "nl:Knooppunt Galder"
      },
      "geometry": {
        "type": "Point",
        "coordinates": [
          4.7419997,
          51.5323584
        ]
      },
      "id": "node/42937108"
    },
    {
      "type": "Feature",
      "properties": {
        "@id": "node/42939407",
        "highway": "motorway_junction",
        "name": "Roosendaal-West",
        "ref": "19",
        "wikidata": "Q97358035"
      },
      "geometry": {
        "type": "Point",
        "coordinates": [
          4.43412,
          51.5332463
        ]
      },
      "id": "node/42939407"
    },
    {
      "type": "Feature",
      "properties": {
        "@id": "node/42940435",
        "highway": "motorway_junction",
        "name": "Beekse Bergen"
      },
      "geometry": {
        "type": "Point",
        "coordinates": [
          5.1156965,
          51.5336977
        ]
      },
      "id": "node/42940435"
    },
    {
      "type": "Feature",
      "properties": {
        "@id": "node/42943618",
        "highway": "motorway_junction",
        "name": "Ulvenhout",
        "ref": "14",
        "wikidata": "Q96626813"
      },
      "geometry": {
        "type": "Point",
        "coordinates": [
          4.7920277,
          51.534678
        ]
      },
      "id": "node/42943618"
    },
    {
      "type": "Feature",
      "properties": {
        "@id": "node/42944201",
        "highway": "motorway_junction",
        "name": "Moergestel",
        "ref": "9",
        "wikidata": "Q97291743"
      },
      "geometry": {
        "type": "Point",
        "coordinates": [
          5.1821813,
          51.5347879
        ]
      },
      "id": "node/42944201"
    },
    {
      "type": "Feature",
      "properties": {
        "@id": "node/42946363",
        "highway": "motorway_junction",
        "name": "Roosendaal-West",
        "ref": "19",
        "wikidata": "Q97358035"
      },
      "geometry": {
        "type": "Point",
        "coordinates": [
          4.43537,
          51.5355526
        ]
      },
      "id": "node/42946363"
    },
    {
      "type": "Feature",
      "properties": {
        "@id": "node/42949097",
        "highway": "motorway_junction",
        "name": "Halsteren-Zuid"
      },
      "geometry": {
        "type": "Point",
        "coordinates": [
          4.2364325,
          51.5361509
        ]
      },
      "id": "node/42949097"
    },
    {
      "type": "Feature",
      "properties": {
        "@id": "node/42950301",
        "highway": "motorway_junction",
        "name": "Knooppunt De Baars",
        "wikidata": "Q1864986",
        "wikipedia": "nl:Knooppunt De Baars"
      },
      "geometry": {
        "type": "Point",
        "coordinates": [
          5.1029824,
          51.5365121
        ]
      },
      "id": "node/42950301"
    },
    {
      "type": "Feature",
      "properties": {
        "@id": "node/42950657",
        "highway": "motorway_junction",
        "name": "Moergestel",
        "ref": "9",
        "wikidata": "Q97291743"
      },
      "geometry": {
        "type": "Point",
        "coordinates": [
          5.1756587,
          51.5365524
        ]
      },
      "id": "node/42950657"
    },
    {
      "type": "Feature",
      "properties": {
        "@id": "node/42953150",
        "highway": "motorway_junction",
        "name": "Ulvenhout",
        "ref": "14",
        "wikidata": "Q96626813"
      },
      "geometry": {
        "type": "Point",
        "coordinates": [
          4.7988946,
          51.537496
        ]
      },
      "id": "node/42953150"
    },
    {
      "type": "Feature",
      "properties": {
        "@id": "node/42956027",
        "highway": "motorway_junction",
        "name": "Leikant",
        "wikidata": "Q3543235",
        "wikipedia": "nl:Verzorgingsplaats Leikant"
      },
      "geometry": {
        "type": "Point",
        "coordinates": [
          4.9981854,
          51.5381434
        ]
      },
      "id": "node/42956027"
    },
    {
      "type": "Feature",
      "properties": {
        "@id": "node/42957830",
        "highway": "motorway_junction",
        "name": "Tholen-Centrum"
      },
      "geometry": {
        "type": "Point",
        "coordinates": [
          4.2267088,
          51.5386579
        ]
      },
      "id": "node/42957830"
    },
    {
      "type": "Feature",
      "properties": {
        "@id": "node/42958747",
        "highway": "motorway_junction",
        "name": "Blaak",
        "wikidata": "Q2057677",
        "wikipedia": "nl:Verzorgingsplaats Blaak"
      },
      "geometry": {
        "type": "Point",
        "coordinates": [
          5.0130082,
          51.5388835
        ]
      },
      "id": "node/42958747"
    },
    {
      "type": "Feature",
      "properties": {
        "@id": "node/42960465",
        "highway": "motorway_junction",
        "name": "Tilburg-Centrum West",
        "ref": "11",
        "wikidata": "Q97291615"
      },
      "geometry": {
        "type": "Point",
        "coordinates": [
          5.0482235,
          51.539342
        ]
      },
      "id": "node/42960465"
    },
    {
      "type": "Feature",
      "properties": {
        "@id": "node/42960693",
        "highway": "motorway_junction",
        "name": "Tilburg-Centrum Oost",
        "ref": "10",
        "wikidata": "Q97291196"
      },
      "geometry": {
        "type": "Point",
        "coordinates": [
          5.1086437,
          51.5392772
        ]
      },
      "id": "node/42960693"
    },
    {
      "type": "Feature",
      "properties": {
        "@id": "node/42960830",
        "highway": "motorway_junction",
        "name": "Knooppunt De Stok",
        "noref": "yes",
        "wikidata": "Q2307825",
        "wikipedia": "nl:Knooppunt De Stok"
      },
      "geometry": {
        "type": "Point",
        "coordinates": [
          4.4384495,
          51.539151
        ]
      },
      "id": "node/42960830"
    },
    {
      "type": "Feature",
      "properties": {
        "@id": "node/42961195",
        "highway": "motorway_junction",
        "name": "Tilburg-Centrum West",
        "ref": "11",
        "wikidata": "Q97291615"
      },
      "geometry": {
        "type": "Point",
        "coordinates": [
          5.0476824,
          51.5395643
        ]
      },
      "id": "node/42961195"
    },
    {
      "type": "Feature",
      "properties": {
        "@id": "node/42970721",
        "highway": "motorway_junction",
        "name": "Venray-Noord",
        "ref": "8",
        "source": "AND"
      },
      "geometry": {
        "type": "Point",
        "coordinates": [
          5.9975405,
          51.5419987
        ]
      },
      "id": "node/42970721"
    },
    {
      "type": "Feature",
      "properties": {
        "@id": "node/42976230",
        "highway": "motorway_junction",
        "name": "Zegge",
        "ref": "22",
        "wikidata": "Q97496933"
      },
      "geometry": {
        "type": "Point",
        "coordinates": [
          4.5091913,
          51.5440509
        ]
      },
      "id": "node/42976230"
    },
    {
      "type": "Feature",
      "properties": {
        "@id": "node/42983026",
        "highway": "motorway_junction",
        "name": "Zegge",
        "ref": "22",
        "wikidata": "Q97496933"
      },
      "geometry": {
        "type": "Point",
        "coordinates": [
          4.5181873,
          51.5460051
        ]
      },
      "id": "node/42983026"
    },
    {
      "type": "Feature",
      "properties": {
        "@id": "node/42984360",
        "highway": "motorway_junction",
        "name": "Tilburg-Centrum Oost",
        "ref": "10",
        "wikidata": "Q97291196"
      },
      "geometry": {
        "type": "Point",
        "coordinates": [
          5.1172164,
          51.5463502
        ]
      },
      "id": "node/42984360"
    },
    {
      "type": "Feature",
      "properties": {
        "@id": "node/42998984",
        "highway": "motorway_junction",
        "name": "Venray-Noord",
        "ref": "8",
        "source": "AND"
      },
      "geometry": {
        "type": "Point",
        "coordinates": [
          5.9922831,
          51.5499359
        ]
      },
      "id": "node/42998984"
    },
    {
      "type": "Feature",
      "properties": {
        "@id": "node/42999449",
        "highway": "motorway_junction",
        "name": "Rucphen",
        "ref": "21",
        "wikidata": "Q97496916"
      },
      "geometry": {
        "type": "Point",
        "coordinates": [
          4.5422341,
          51.5507182
        ]
      },
      "id": "node/42999449"
    },
    {
      "type": "Feature",
      "properties": {
        "@id": "node/42999772",
        "highway": "motorway_junction",
        "name": "Tilburg-Reeshof",
        "ref": "12",
        "wikidata": "Q97291634"
      },
      "geometry": {
        "type": "Point",
        "coordinates": [
          4.9598007,
          51.5508275
        ]
      },
      "id": "node/42999772"
    },
    {
      "type": "Feature",
      "properties": {
        "@id": "node/43002883",
        "highway": "motorway_junction",
        "name": "Tilburg-Reeshof",
        "ref": "12",
        "wikidata": "Q97291634"
      },
      "geometry": {
        "type": "Point",
        "coordinates": [
          4.9468438,
          51.5517844
        ]
      },
      "id": "node/43002883"
    },
    {
      "type": "Feature",
      "properties": {
        "@id": "node/43002900",
        "highway": "motorway_junction",
        "name": "Knooppunt De Baars",
        "wikidata": "Q1864986",
        "wikipedia": "nl:Knooppunt De Baars"
      },
      "geometry": {
        "type": "Point",
        "coordinates": [
          5.1328794,
          51.5518167
        ]
      },
      "id": "node/43002900"
    },
    {
      "type": "Feature",
      "properties": {
        "@id": "node/43003075",
        "highway": "motorway_junction",
        "name": "Knooppunt Sint Annabosch",
        "wikidata": "Q2466108",
        "wikipedia": "nl:Knooppunt Sint-Annabosch"
      },
      "geometry": {
        "type": "Point",
        "coordinates": [
          4.8335123,
          51.5518283
        ]
      },
      "id": "node/43003075"
    },
    {
      "type": "Feature",
      "properties": {
        "@id": "node/43004097",
        "highway": "motorway_junction",
        "name": "Rucphen",
        "ref": "21",
        "wikidata": "Q97496916"
      },
      "geometry": {
        "type": "Point",
        "coordinates": [
          4.5497163,
          51.5523709
        ]
      },
      "id": "node/43004097"
    },
    {
      "type": "Feature",
      "properties": {
        "@id": "node/43005631",
        "highway": "motorway_junction",
        "name": "Knooppunt Sint Annabosch",
        "wikidata": "Q2466108",
        "wikipedia": "nl:Knooppunt Sint-Annabosch"
      },
      "geometry": {
        "type": "Point",
        "coordinates": [
          4.8351,
          51.5525805
        ]
      },
      "id": "node/43005631"
    },
    {
      "type": "Feature",
      "properties": {
        "@id": "node/43008906",
        "highway": "motorway_junction",
        "name": "Etten-Leur-West",
        "ref": "19",
        "wikidata": "Q97496864"
      },
      "geometry": {
        "type": "Point",
        "coordinates": [
          4.6174679,
          51.5534579
        ]
      },
      "id": "node/43008906"
    },
    {
      "type": "Feature",
      "properties": {
        "@id": "node/43009268",
        "highway": "motorway_junction",
        "name": "Roosendaal-Borchwerf",
        "ref": "20",
        "wikidata": "Q96634061"
      },
      "geometry": {
        "type": "Point",
        "coordinates": [
          4.453097,
          51.5539391
        ]
      },
      "id": "node/43009268"
    },
    {
      "type": "Feature",
      "properties": {
        "@id": "node/43010058",
        "highway": "motorway_junction",
        "name": "Knooppunt Sint Annabosch",
        "wikidata": "Q2466108",
        "wikipedia": "nl:Knooppunt Sint-Annabosch"
      },
      "geometry": {
        "type": "Point",
        "coordinates": [
          4.8206714,
          51.5542932
        ]
      },
      "id": "node/43010058"
    },
    {
      "type": "Feature",
      "properties": {
        "@id": "node/43015660",
        "highway": "motorway_junction",
        "name": "Bavel",
        "ref": "13",
        "wikidata": "Q97291707"
      },
      "geometry": {
        "type": "Point",
        "coordinates": [
          4.8510034,
          51.5559683
        ]
      },
      "id": "node/43015660"
    },
    {
      "type": "Feature",
      "properties": {
        "@id": "node/43016526",
        "highway": "motorway_junction",
        "name": "Bavel",
        "ref": "13",
        "wikidata": "Q97291707"
      },
      "geometry": {
        "type": "Point",
        "coordinates": [
          4.8541902,
          51.5562857
        ]
      },
      "id": "node/43016526"
    },
    {
      "type": "Feature",
      "properties": {
        "@id": "node/43020944",
        "highway": "motorway_junction",
        "name": "Etten-Leur-West",
        "ref": "19",
        "wikidata": "Q97496864"
      },
      "geometry": {
        "type": "Point",
        "coordinates": [
          4.604725,
          51.5575668
        ]
      },
      "id": "node/43020944"
    },
    {
      "type": "Feature",
      "properties": {
        "@id": "node/43022515",
        "highway": "motorway_junction",
        "name": "Sint Willebrord",
        "ref": "20",
        "wikidata": "Q97496879"
      },
      "geometry": {
        "type": "Point",
        "coordinates": [
          4.5795135,
          51.5582328
        ]
      },
      "id": "node/43022515"
    },
    {
      "type": "Feature",
      "properties": {
        "@id": "node/43025554",
        "highway": "motorway_junction",
        "name": "Breda",
        "ref": "15",
        "wikidata": "Q96626148"
      },
      "geometry": {
        "type": "Point",
        "coordinates": [
          4.7356427,
          51.5593451
        ]
      },
      "id": "node/43025554"
    },
    {
      "type": "Feature",
      "properties": {
        "@id": "node/43026285",
        "highway": "motorway_junction",
        "name": "Knooppunt De Baars",
        "wikidata": "Q1864986",
        "wikipedia": "nl:Knooppunt De Baars"
      },
      "geometry": {
        "type": "Point",
        "coordinates": [
          5.1329103,
          51.5593412
        ]
      },
      "id": "node/43026285"
    },
    {
      "type": "Feature",
      "properties": {
        "@id": "node/43026504",
        "highway": "motorway_junction",
        "name": "Sint Willebrord",
        "ref": "20",
        "wikidata": "Q97496879"
      },
      "geometry": {
        "type": "Point",
        "coordinates": [
          4.585976,
          51.5596697
        ]
      },
      "id": "node/43026504"
    },
    {
      "type": "Feature",
      "properties": {
        "@id": "node/43030468",
        "highway": "motorway_junction",
        "name": "Roosendaal-Borchwerf",
        "ref": "20",
        "wikidata": "Q96634061"
      },
      "geometry": {
        "type": "Point",
        "coordinates": [
          4.4615472,
          51.5608318
        ]
      },
      "id": "node/43030468"
    },
    {
      "type": "Feature",
      "properties": {
        "@id": "node/43041859",
        "highway": "motorway_junction",
        "name": "Etten-Leur",
        "ref": "18",
        "wikidata": "Q97496860"
      },
      "geometry": {
        "type": "Point",
        "coordinates": [
          4.6595493,
          51.5643613
        ]
      },
      "id": "node/43041859"
    },
    {
      "type": "Feature",
      "properties": {
        "@id": "node/43049109",
        "highway": "motorway_junction",
        "name": "Oud Gastel-Borchwerf",
        "ref": "21",
        "wikidata": "Q97359847"
      },
      "geometry": {
        "type": "Point",
        "coordinates": [
          4.4682794,
          51.566308
        ]
      },
      "id": "node/43049109"
    },
    {
      "type": "Feature",
      "properties": {
        "@id": "node/43052543",
        "highway": "motorway_junction",
        "name": "Breda",
        "ref": "15",
        "wikidata": "Q96626148"
      },
      "geometry": {
        "type": "Point",
        "coordinates": [
          4.730758,
          51.5670402
        ]
      },
      "id": "node/43052543"
    },
    {
      "type": "Feature",
      "properties": {
        "@id": "node/43058849",
        "highway": "motorway_junction",
        "name": "Sint-Oedenrode",
        "ref": "9",
        "wikidata": "Q96944161"
      },
      "geometry": {
        "type": "Point",
        "coordinates": [
          5.4756676,
          51.5677149
        ]
      },
      "id": "node/43058849"
    },
    {
      "type": "Feature",
      "properties": {
        "@id": "node/43067610",
        "highway": "motorway_junction",
        "name": "Etten-Leur",
        "ref": "18",
        "wikidata": "Q97496860"
      },
      "geometry": {
        "type": "Point",
        "coordinates": [
          4.6679109,
          51.5715602
        ]
      },
      "id": "node/43067610"
    },
    {
      "type": "Feature",
      "properties": {
        "@id": "node/43070012",
        "highway": "motorway_junction",
        "name": "Oud Gastel-Borchwerf",
        "ref": "21",
        "wikidata": "Q97359847"
      },
      "geometry": {
        "type": "Point",
        "coordinates": [
          4.474675,
          51.5714866
        ]
      },
      "id": "node/43070012"
    },
    {
      "type": "Feature",
      "properties": {
        "@id": "node/43070437",
        "highway": "motorway_junction",
        "name": "Mastbos"
      },
      "geometry": {
        "type": "Point",
        "coordinates": [
          4.7727332,
          51.5717321
        ]
      },
      "id": "node/43070437"
    },
    {
      "type": "Feature",
      "properties": {
        "@id": "node/43071245",
        "highway": "motorway_junction",
        "name": "Mastbos"
      },
      "geometry": {
        "type": "Point",
        "coordinates": [
          4.7648002,
          51.572016
        ]
      },
      "id": "node/43071245"
    },
    {
      "type": "Feature",
      "properties": {
        "@id": "node/43073701",
        "highway": "motorway_junction",
        "name": "Berkel-Enschot",
        "ref": "2",
        "wikidata": "Q96471975"
      },
      "geometry": {
        "type": "Point",
        "coordinates": [
          5.1437046,
          51.5727228
        ]
      },
      "id": "node/43073701"
    },
    {
      "type": "Feature",
      "properties": {
        "@id": "node/43076190",
        "highway": "motorway_junction",
        "name": "Boxtel",
        "ref": "26",
        "wikidata": "Q96583315"
      },
      "geometry": {
        "type": "Point",
        "coordinates": [
          5.3564484,
          51.5731043
        ]
      },
      "id": "node/43076190"
    },
    {
      "type": "Feature",
      "properties": {
        "@id": "node/43078201",
        "highway": "motorway_junction",
        "name": "Sint-Oedenrode",
        "ref": "9",
        "wikidata": "Q96944161"
      },
      "geometry": {
        "type": "Point",
        "coordinates": [
          5.4839957,
          51.5745386
        ]
      },
      "id": "node/43078201"
    },
    {
      "type": "Feature",
      "properties": {
        "@id": "node/43084985",
        "highway": "motorway_junction",
        "name": "Knooppunt Princeville",
        "wikidata": "Q2701434",
        "wikipedia": "nl:Knooppunt Princeville"
      },
      "geometry": {
        "type": "Point",
        "coordinates": [
          4.708145,
          51.575214
        ]
      },
      "id": "node/43084985"
    },
    {
      "type": "Feature",
      "properties": {
        "@id": "node/43086733",
        "highway": "motorway_junction",
        "name": "Breda",
        "ref": "15",
        "wikidata": "Q96625912"
      },
      "geometry": {
        "type": "Point",
        "coordinates": [
          4.8235932,
          51.5757428
        ]
      },
      "id": "node/43086733"
    },
    {
      "type": "Feature",
      "properties": {
        "@id": "node/43090398",
        "highway": "motorway_junction",
        "name": "Breda-West",
        "ref": "16",
        "wikidata": "Q96626659"
      },
      "geometry": {
        "type": "Point",
        "coordinates": [
          4.7124559,
          51.5764547
        ]
      },
      "id": "node/43090398"
    },
    {
      "type": "Feature",
      "properties": {
        "@id": "node/43091391",
        "highway": "motorway_junction",
        "name": "Knooppunt Princeville",
        "source": "AND",
        "wikidata": "Q2701434",
        "wikipedia": "nl:Knooppunt Princeville"
      },
      "geometry": {
        "type": "Point",
        "coordinates": [
          4.7269643,
          51.5762745
        ]
      },
      "id": "node/43091391"
    },
    {
      "type": "Feature",
      "properties": {
        "@id": "node/43097589",
        "highway": "motorway_junction",
        "name": "Kamperland"
      },
      "geometry": {
        "type": "Point",
        "coordinates": [
          3.7191645,
          51.5778195
        ]
      },
      "id": "node/43097589"
    },
    {
      "type": "Feature",
      "properties": {
        "@id": "node/43098053",
        "highway": "motorway_junction",
        "name": "Kortgene"
      },
      "geometry": {
        "type": "Point",
        "coordinates": [
          3.8137219,
          51.57802
        ]
      },
      "id": "node/43098053"
    },
    {
      "type": "Feature",
      "properties": {
        "@id": "node/43099606",
        "highway": "motorway_junction",
        "name": "IJpelaar"
      },
      "geometry": {
        "type": "Point",
        "coordinates": [
          4.8007131,
          51.5783563
        ]
      },
      "id": "node/43099606"
    },
    {
      "type": "Feature",
      "properties": {
        "@id": "node/43106886",
        "highway": "motorway_junction",
        "name": "Berkel-Enschot",
        "ref": "2",
        "wikidata": "Q96471975"
      },
      "geometry": {
        "type": "Point",
        "coordinates": [
          5.1498157,
          51.5798908
        ]
      },
      "id": "node/43106886"
    },
    {
      "type": "Feature",
      "properties": {
        "@id": "node/43109306",
        "highway": "motorway_junction",
        "name": "Vierlingsbeek",
        "ref": "7",
        "wikidata": "Q96782305"
      },
      "geometry": {
        "type": "Point",
        "coordinates": [
          5.983916,
          51.5808595
        ]
      },
      "id": "node/43109306"
    },
    {
      "type": "Feature",
      "properties": {
        "@id": "node/43109734",
        "highway": "motorway_junction",
        "name": "IJpelaar"
      },
      "geometry": {
        "type": "Point",
        "coordinates": [
          4.8092936,
          51.5808647
        ]
      },
      "id": "node/43109734"
    },
    {
      "type": "Feature",
      "properties": {
        "@id": "node/43110175",
        "highway": "motorway_junction",
        "name": "Breda-West",
        "ref": "16",
        "wikidata": "Q96626659"
      },
      "geometry": {
        "type": "Point",
        "coordinates": [
          4.7187523,
          51.5812635
        ]
      },
      "id": "node/43110175"
    },
    {
      "type": "Feature",
      "properties": {
        "@id": "node/43112267",
        "highway": "motorway_junction",
        "name": "Oudenbosch",
        "ref": "22",
        "wikidata": "Q96388866"
      },
      "geometry": {
        "type": "Point",
        "coordinates": [
          4.4875815,
          51.5812063
        ]
      },
      "id": "node/43112267"
    },
    {
      "type": "Feature",
      "properties": {
        "@id": "node/43125106",
        "highway": "motorway_junction",
        "name": "Vierlingsbeek",
        "ref": "7",
        "wikidata": "Q96782305"
      },
      "geometry": {
        "type": "Point",
        "coordinates": [
          5.9801516,
          51.5845616
        ]
      },
      "id": "node/43125106"
    },
    {
      "type": "Feature",
      "properties": {
        "@id": "node/43129957",
        "highway": "motorway_junction",
        "name": "Breda",
        "ref": "15",
        "wikidata": "Q96625912"
      },
      "geometry": {
        "type": "Point",
        "coordinates": [
          4.8243099,
          51.5848909
        ]
      },
      "id": "node/43129957"
    },
    {
      "type": "Feature",
      "properties": {
        "@id": "node/43145041",
        "highway": "motorway_junction",
        "name": "Oudenbosch",
        "ref": "22",
        "wikidata": "Q96388866"
      },
      "geometry": {
        "type": "Point",
        "coordinates": [
          4.4923516,
          51.5883443
        ]
      },
      "id": "node/43145041"
    },
    {
      "type": "Feature",
      "properties": {
        "@id": "node/43145058",
        "highway": "motorway_junction",
        "name": "Breda-Noord",
        "ref": "16",
        "wikidata": "Q96626770"
      },
      "geometry": {
        "type": "Point",
        "coordinates": [
          4.8262826,
          51.5887741
        ]
      },
      "id": "node/43145058"
    },
    {
      "type": "Feature",
      "properties": {
        "@id": "node/43177289",
        "highway": "motorway_junction",
        "name": "Breda-Noord",
        "ref": "16",
        "wikidata": "Q96626770"
      },
      "geometry": {
        "type": "Point",
        "coordinates": [
          4.8329552,
          51.5959019
        ]
      },
      "id": "node/43177289"
    },
    {
      "type": "Feature",
      "properties": {
        "@id": "node/43184343",
        "highway": "motorway_junction",
        "name": "Breda-Noord",
        "ref": "17",
        "wikidata": "Q96626706"
      },
      "geometry": {
        "type": "Point",
        "coordinates": [
          4.7232074,
          51.598437
        ]
      },
      "id": "node/43184343"
    },
    {
      "type": "Feature",
      "properties": {
        "@id": "node/43185491",
        "highway": "motorway_junction",
        "name": "Veghel-Zuid",
        "ref": "10",
        "wikidata": "Q96944231"
      },
      "geometry": {
        "type": "Point",
        "coordinates": [
          5.5112197,
          51.5975345
        ]
      },
      "id": "node/43185491"
    },
    {
      "type": "Feature",
      "properties": {
        "@id": "node/43188094",
        "highway": "motorway_junction",
        "name": "Digit Parc"
      },
      "geometry": {
        "type": "Point",
        "coordinates": [
          4.818953,
          51.599233
        ]
      },
      "id": "node/43188094"
    },
    {
      "type": "Feature",
      "properties": {
        "@id": "node/43188777",
        "highway": "motorway_junction",
        "name": "Digit Parc"
      },
      "geometry": {
        "type": "Point",
        "coordinates": [
          4.818575,
          51.5992542
        ]
      },
      "id": "node/43188777"
    },
    {
      "type": "Feature",
      "properties": {
        "@id": "node/43191235",
        "highway": "motorway_junction",
        "name": "9100-9125"
      },
      "geometry": {
        "type": "Point",
        "coordinates": [
          4.8163168,
          51.5999654
        ]
      },
      "id": "node/43191235"
    },
    {
      "type": "Feature",
      "properties": {
        "@id": "node/43191938",
        "highway": "motorway_junction",
        "name": "9100-9125"
      },
      "geometry": {
        "type": "Point",
        "coordinates": [
          4.8094859,
          51.6005723
        ]
      },
      "id": "node/43191938"
    },
    {
      "type": "Feature",
      "properties": {
        "@id": "node/43206042",
        "highway": "motorway_junction",
        "name": "Stampersgat",
        "ref": "23",
        "wikidata": "Q97446629"
      },
      "geometry": {
        "type": "Point",
        "coordinates": [
          4.4999342,
          51.6045032
        ]
      },
      "id": "node/43206042"
    },
    {
      "type": "Feature",
      "properties": {
        "@id": "node/43212367",
        "highway": "motorway_junction",
        "name": "Stampersgat",
        "ref": "23",
        "wikidata": "Q97446629"
      },
      "geometry": {
        "type": "Point",
        "coordinates": [
          4.5006721,
          51.6064943
        ]
      },
      "id": "node/43212367"
    },
    {
      "type": "Feature",
      "properties": {
        "@id": "node/43213394",
        "highway": "motorway_junction",
        "name": "Breda-Noord",
        "ref": "17",
        "wikidata": "Q96626706"
      },
      "geometry": {
        "type": "Point",
        "coordinates": [
          4.7195081,
          51.606124
        ]
      },
      "id": "node/43213394"
    },
    {
      "type": "Feature",
      "properties": {
        "@id": "node/43215395",
        "highway": "motorway_junction",
        "name": "Eerde",
        "ref": "10",
        "wikidata": "Q96944231"
      },
      "geometry": {
        "type": "Point",
        "coordinates": [
          5.5088535,
          51.6071125
        ]
      },
      "id": "node/43215395"
    },
    {
      "type": "Feature",
      "properties": {
        "@id": "node/43255659",
        "highway": "motorway_junction",
        "name": "Standdaarbuiten",
        "ref": "24",
        "wikidata": "Q97446637"
      },
      "geometry": {
        "type": "Point",
        "coordinates": [
          4.5134638,
          51.6210452
        ]
      },
      "id": "node/43255659"
    },
    {
      "type": "Feature",
      "properties": {
        "@id": "node/43257976",
        "highway": "motorway_junction",
        "name": "Standdaarbuiten",
        "ref": "24",
        "wikidata": "Q97446637"
      },
      "geometry": {
        "type": "Point",
        "coordinates": [
          4.5143614,
          51.6213508
        ]
      },
      "id": "node/43257976"
    },
    {
      "type": "Feature",
      "properties": {
        "@id": "node/43265327",
        "highway": "motorway_junction",
        "name": "Oosterhout-Zuid",
        "ref": "17",
        "wikidata": "Q96632119"
      },
      "geometry": {
        "type": "Point",
        "coordinates": [
          4.8677646,
          51.6238117
        ]
      },
      "id": "node/43265327"
    },
    {
      "type": "Feature",
      "properties": {
        "@id": "node/43283024",
        "highway": "motorway_junction",
        "name": "Veghel",
        "ref": "11",
        "wikidata": "Q96640685"
      },
      "geometry": {
        "type": "Point",
        "coordinates": [
          5.5072793,
          51.627676
        ]
      },
      "id": "node/43283024"
    },
    {
      "type": "Feature",
      "properties": {
        "@id": "node/43286895",
        "highway": "motorway_junction",
        "name": "Oosterhout-Zuid",
        "ref": "17",
        "wikidata": "Q96632119"
      },
      "geometry": {
        "type": "Point",
        "coordinates": [
          4.8730889,
          51.6287321
        ]
      },
      "id": "node/43286895"
    },
    {
      "type": "Feature",
      "properties": {
        "@id": "node/43302008",
        "highway": "motorway_junction",
        "name": "Oosterhout-Oost",
        "ref": "18",
        "wikidata": "Q96632111"
      },
      "geometry": {
        "type": "Point",
        "coordinates": [
          4.8779259,
          51.6330077
        ]
      },
      "id": "node/43302008"
    },
    {
      "type": "Feature",
      "properties": {
        "@id": "node/43306743",
        "highway": "motorway_junction",
        "name": "Deltapark Neeltje Jans"
      },
      "geometry": {
        "type": "Point",
        "coordinates": [
          3.7028088,
          51.6341515
        ]
      },
      "id": "node/43306743"
    },
    {
      "type": "Feature",
      "properties": {
        "@id": "node/43308750",
        "highway": "motorway_junction",
        "name": "Boxmeer",
        "ref": "6",
        "wikidata": "Q96583159"
      },
      "geometry": {
        "type": "Point",
        "coordinates": [
          5.9255244,
          51.6338543
        ]
      },
      "id": "node/43308750"
    },
    {
      "type": "Feature",
      "properties": {
        "@id": "node/43309760",
        "highway": "motorway_junction",
        "name": "Deltapark Neeltje Jans"
      },
      "geometry": {
        "type": "Point",
        "coordinates": [
          3.7051242,
          51.6352674
        ]
      },
      "id": "node/43309760"
    },
    {
      "type": "Feature",
      "properties": {
        "@id": "node/43312466",
        "highway": "motorway_junction",
        "name": "Knooppunt Noordhoek",
        "wikidata": "Q2834366",
        "wikipedia": "nl:Knooppunt Noordhoek"
      },
      "geometry": {
        "type": "Point",
        "coordinates": [
          4.5287329,
          51.6359496
        ]
      },
      "id": "node/43312466"
    },
    {
      "type": "Feature",
      "properties": {
        "@id": "node/43313802",
        "highway": "motorway_junction",
        "name": "Knooppunt Noordhoek",
        "wikidata": "Q2834366",
        "wikipedia": "nl:Knooppunt Noordhoek"
      },
      "geometry": {
        "type": "Point",
        "coordinates": [
          4.543337,
          51.63562
        ]
      },
      "id": "node/43313802"
    },
    {
      "type": "Feature",
      "properties": {
        "@id": "node/43315911",
        "highway": "motorway_junction",
        "name": "Veghel-Noord",
        "ref": "12",
        "wikidata": "Q96640719"
      },
      "geometry": {
        "type": "Point",
        "coordinates": [
          5.5628312,
          51.6369173
        ]
      },
      "id": "node/43315911"
    },
    {
      "type": "Feature",
      "properties": {
        "@id": "node/43324401",
        "highway": "motorway_junction",
        "name": "Veghel-Noord",
        "ref": "12",
        "wikidata": "Q96640719"
      },
      "geometry": {
        "type": "Point",
        "coordinates": [
          5.574501,
          51.6392646
        ]
      },
      "id": "node/43324401"
    },
    {
      "type": "Feature",
      "properties": {
        "@id": "node/43325137",
        "highway": "motorway_junction",
        "name": "Knooppunt Noordhoek",
        "wikidata": "Q2834366",
        "wikipedia": "nl:Knooppunt Noordhoek"
      },
      "geometry": {
        "type": "Point",
        "coordinates": [
          4.550463,
          51.6392663
        ]
      },
      "id": "node/43325137"
    },
    {
      "type": "Feature",
      "properties": {
        "@id": "node/43325478",
        "highway": "motorway_junction",
        "name": "Knooppunt Zonzeel",
        "wikidata": "Q2486751",
        "wikipedia": "nl:Knooppunt Zonzeel"
      },
      "geometry": {
        "type": "Point",
        "coordinates": [
          4.6970442,
          51.6389736
        ]
      },
      "id": "node/43325478"
    },
    {
      "type": "Feature",
      "properties": {
        "@id": "node/43337307",
        "highway": "motorway_junction",
        "name": "Boxmeer",
        "ref": "6",
        "wikidata": "Q96583159"
      },
      "geometry": {
        "type": "Point",
        "coordinates": [
          5.919347,
          51.6432739
        ]
      },
      "id": "node/43337307"
    },
    {
      "type": "Feature",
      "properties": {
        "@id": "node/43347971",
        "highway": "motorway_junction",
        "name": "Vught",
        "ref": "24",
        "wikidata": "Q96943121"
      },
      "geometry": {
        "type": "Point",
        "coordinates": [
          5.3082208,
          51.6461639
        ]
      },
      "id": "node/43347971"
    },
    {
      "type": "Feature",
      "properties": {
        "@id": "node/43348871",
        "highway": "motorway_junction",
        "name": "Fijnaart",
        "ref": "24",
        "wikidata": "Q97666427"
      },
      "geometry": {
        "type": "Point",
        "coordinates": [
          4.462597,
          51.6447234
        ]
      },
      "id": "node/43348871"
    },
    {
      "type": "Feature",
      "properties": {
        "@id": "node/43355731",
        "highway": "motorway_junction",
        "name": "Knooppunt Zonzeel",
        "wikidata": "Q2486751",
        "wikipedia": "nl:Knooppunt Zonzeel"
      },
      "geometry": {
        "type": "Point",
        "coordinates": [
          4.6969737,
          51.6463886
        ]
      },
      "id": "node/43355731"
    },
    {
      "type": "Feature",
      "properties": {
        "@id": "node/43359483",
        "highway": "motorway_junction",
        "name": "Oosterhout",
        "ref": "19",
        "wikidata": "Q96632102"
      },
      "geometry": {
        "type": "Point",
        "coordinates": [
          4.8826696,
          51.6474506
        ]
      },
      "id": "node/43359483"
    },
    {
      "type": "Feature",
      "properties": {
        "@id": "node/43360072",
        "highway": "motorway_junction",
        "name": "Fijnaart",
        "ref": "24",
        "wikidata": "Q97666427"
      },
      "geometry": {
        "type": "Point",
        "coordinates": [
          4.4507865,
          51.6473963
        ]
      },
      "id": "node/43360072"
    },
    {
      "type": "Feature",
      "properties": {
        "@id": "node/43366083",
        "highway": "motorway_junction",
        "name": "Volkel",
        "ref": "13",
        "wikidata": "Q96944530"
      },
      "geometry": {
        "type": "Point",
        "coordinates": [
          5.5959901,
          51.6490302
        ]
      },
      "id": "node/43366083"
    },
    {
      "type": "Feature",
      "properties": {
        "@id": "node/43370379",
        "highway": "motorway_junction",
        "name": "Zevenbergen",
        "ref": "25",
        "wikidata": "Q97446652"
      },
      "geometry": {
        "type": "Point",
        "coordinates": [
          4.5662808,
          51.6499313
        ]
      },
      "id": "node/43370379"
    },
    {
      "type": "Feature",
      "properties": {
        "@id": "node/43372686",
        "highway": "motorway_junction",
        "name": "Centrum-Oost"
      },
      "geometry": {
        "type": "Point",
        "coordinates": [
          4.8736502,
          51.6501808
        ]
      },
      "id": "node/43372686"
    },
    {
      "type": "Feature",
      "properties": {
        "@id": "node/43379553",
        "highway": "motorway_junction",
        "name": "Oosterhout",
        "ref": "19",
        "wikidata": "Q96632102"
      },
      "geometry": {
        "type": "Point",
        "coordinates": [
          4.8821594,
          51.6519857
        ]
      },
      "id": "node/43379553"
    },
    {
      "type": "Feature",
      "properties": {
        "@id": "node/43379677",
        "highway": "motorway_junction",
        "name": "Centrum-Oost"
      },
      "geometry": {
        "type": "Point",
        "coordinates": [
          4.86692,
          51.65189
        ]
      },
      "id": "node/43379677"
    },
    {
      "type": "Feature",
      "properties": {
        "@id": "node/43382161",
        "highway": "motorway_junction",
        "name": "Volkel",
        "ref": "13",
        "wikidata": "Q96944530"
      },
      "geometry": {
        "type": "Point",
        "coordinates": [
          5.5988248,
          51.6522784
        ]
      },
      "id": "node/43382161"
    },
    {
      "type": "Feature",
      "properties": {
        "@id": "node/43388995",
        "highway": "motorway_junction",
        "name": "Vught",
        "ref": "24",
        "wikidata": "Q96943121"
      },
      "geometry": {
        "type": "Point",
        "coordinates": [
          5.3036798,
          51.6537898
        ]
      },
      "id": "node/43388995"
    },
    {
      "type": "Feature",
      "properties": {
        "@id": "node/43389774",
        "highway": "motorway_junction",
        "name": "Centrum-West"
      },
      "geometry": {
        "type": "Point",
        "coordinates": [
          4.8582306,
          51.6542912
        ]
      },
      "id": "node/43389774"
    },
    {
      "type": "Feature",
      "properties": {
        "@id": "node/43391297",
        "highway": "motorway_junction",
        "name": "Centrum-West"
      },
      "geometry": {
        "type": "Point",
        "coordinates": [
          4.8549642,
          51.6547216
        ]
      },
      "id": "node/43391297"
    },
    {
      "type": "Feature",
      "properties": {
        "@id": "node/43393651",
        "highway": "motorway_junction",
        "name": "Terheijden",
        "ref": "31",
        "wikidata": "Q97666442"
      },
      "geometry": {
        "type": "Point",
        "coordinates": [
          4.7501285,
          51.6551377
        ]
      },
      "id": "node/43393651"
    },
    {
      "type": "Feature",
      "properties": {
        "@id": "node/43395902",
        "highway": "motorway_junction",
        "name": "Zevenbergen",
        "ref": "25",
        "wikidata": "Q97446652"
      },
      "geometry": {
        "type": "Point",
        "coordinates": [
          4.57389,
          51.6555433
        ]
      },
      "id": "node/43395902"
    },
    {
      "type": "Feature",
      "properties": {
        "@id": "node/43396642",
        "highway": "motorway_junction",
        "name": "Knooppunt Sabina",
        "wikidata": "Q1972767",
        "wikipedia": "nl:Knooppunt Sabina"
      },
      "geometry": {
        "type": "Point",
        "coordinates": [
          4.413992,
          51.655423
        ]
      },
      "id": "node/43396642"
    },
    {
      "type": "Feature",
      "properties": {
        "@id": "node/43402931",
        "highway": "motorway_junction",
        "name": "Knooppunt Sabina",
        "source": "AND",
        "wikidata": "Q1972767",
        "wikipedia": "nl:Knooppunt Sabina"
      },
      "geometry": {
        "type": "Point",
        "coordinates": [
          4.426705,
          51.6570053
        ]
      },
      "id": "node/43402931"
    },
    {
      "type": "Feature",
      "properties": {
        "@id": "node/43404296",
        "highway": "motorway_junction",
        "name": "Terheijden",
        "ref": "31",
        "wikidata": "Q97666442"
      },
      "geometry": {
        "type": "Point",
        "coordinates": [
          4.7647808,
          51.6576724
        ]
      },
      "id": "node/43404296"
    },
    {
      "type": "Feature",
      "properties": {
        "@id": "node/43405246",
        "highway": "motorway_junction",
        "name": "Middelrode"
      },
      "geometry": {
        "type": "Point",
        "coordinates": [
          5.4098203,
          51.6586239
        ]
      },
      "id": "node/43405246"
    },
    {
      "type": "Feature",
      "properties": {
        "@id": "node/43412275",
        "highway": "motorway_junction",
        "name": "'s-Hertogenbosch-West",
        "ref": "23",
        "source": "AND"
      },
      "geometry": {
        "type": "Point",
        "coordinates": [
          5.3025883,
          51.6603342
        ]
      },
      "id": "node/43412275"
    },
    {
      "type": "Feature",
      "properties": {
        "@id": "node/43420775",
        "highway": "motorway_junction",
        "name": "Boxmeer",
        "ref": "1",
        "wikidata": "Q96583170"
      },
      "geometry": {
        "type": "Point",
        "coordinates": [
          5.9419088,
          51.6618709
        ]
      },
      "id": "node/43420775"
    },
    {
      "type": "Feature",
      "properties": {
        "@id": "node/43421153",
        "highway": "motorway_junction",
        "name": "Kaatsheuvel"
      },
      "geometry": {
        "type": "Point",
        "coordinates": [
          5.0580387,
          51.6625491
        ]
      },
      "id": "node/43421153"
    },
    {
      "type": "Feature",
      "properties": {
        "@id": "node/43421551",
        "highway": "motorway_junction",
        "name": "Knooppunt Rijkevoort",
        "noref": "yes",
        "wikidata": "Q2954587",
        "wikipedia": "nl:Knooppunt Rijkevoort"
      },
      "geometry": {
        "type": "Point",
        "coordinates": [
          5.9049555,
          51.6622772
        ]
      },
      "id": "node/43421551"
    },
    {
      "type": "Feature",
      "properties": {
        "@id": "node/43423123",
        "highway": "motorway_junction",
        "name": "Boxmeer",
        "ref": "1",
        "wikidata": "Q96583170"
      },
      "geometry": {
        "type": "Point",
        "coordinates": [
          5.9494613,
          51.6625585
        ]
      },
      "id": "node/43423123"
    },
    {
      "type": "Feature",
      "properties": {
        "@id": "node/43423468",
        "highway": "motorway_junction",
        "noname": "yes",
        "noref": "yes"
      },
      "geometry": {
        "type": "Point",
        "coordinates": [
          5.2936874,
          51.6626123
        ]
      },
      "id": "node/43423468"
    },
    {
      "type": "Feature",
      "properties": {
        "@id": "node/43433399",
        "highway": "motorway_junction",
        "name": "'s-Hertogenbosch-West",
        "ref": "1",
        "wikidata": "Q96578292"
      },
      "geometry": {
        "type": "Point",
        "coordinates": [
          5.3002397,
          51.6654765
        ]
      },
      "id": "node/43433399"
    },
    {
      "type": "Feature",
      "properties": {
        "@id": "node/43434430",
        "highway": "motorway_junction",
        "name": "Zeeland",
        "ref": "14",
        "wikidata": "Q96944650"
      },
      "geometry": {
        "type": "Point",
        "coordinates": [
          5.5998879,
          51.6658733
        ]
      },
      "id": "node/43434430"
    },
    {
      "type": "Feature",
      "properties": {
        "@id": "node/43435077",
        "highway": "motorway_junction",
        "name": "'s-Hertogenbosch-West",
        "ref": "1",
        "wikidata": "Q96578292"
      },
      "geometry": {
        "type": "Point",
        "coordinates": [
          5.2999665,
          51.6654788
        ]
      },
      "id": "node/43435077"
    },
    {
      "type": "Feature",
      "properties": {
        "@id": "node/43436957",
        "highway": "motorway_junction",
        "name": "Knooppunt Sabina",
        "wikidata": "Q1972767",
        "wikipedia": "nl:Knooppunt Sabina"
      },
      "geometry": {
        "type": "Point",
        "coordinates": [
          4.4242568,
          51.6660683
        ]
      },
      "id": "node/43436957"
    },
    {
      "type": "Feature",
      "properties": {
        "@id": "node/43437398",
        "highway": "motorway_junction",
        "name": "Knooppunt Rijkevoort",
        "noref": "yes",
        "wikidata": "Q2954587",
        "wikipedia": "nl:Knooppunt Rijkevoort"
      },
      "geometry": {
        "type": "Point",
        "coordinates": [
          5.9093911,
          51.6663127
        ]
      },
      "id": "node/43437398"
    },
    {
      "type": "Feature",
      "properties": {
        "@id": "node/43438533",
        "highway": "motorway_junction",
        "name": "Made",
        "ref": "32",
        "wikidata": "Q97666453"
      },
      "geometry": {
        "type": "Point",
        "coordinates": [
          4.7903503,
          51.6670963
        ]
      },
      "id": "node/43438533"
    },
    {
      "type": "Feature",
      "properties": {
        "@id": "node/43438784",
        "highway": "motorway_junction",
        "name": "Gennep",
        "ref": "2",
        "wikidata": "Q96583183"
      },
      "geometry": {
        "type": "Point",
        "coordinates": [
          5.988129,
          51.666976
        ]
      },
      "id": "node/43438784"
    },
    {
      "type": "Feature",
      "properties": {
        "@id": "node/43446235",
        "highway": "motorway_junction",
        "name": "Gennep",
        "ref": "2",
        "wikidata": "Q96583183"
      },
      "geometry": {
        "type": "Point",
        "coordinates": [
          5.9968255,
          51.669508
        ]
      },
      "id": "node/43446235"
    },
    {
      "type": "Feature",
      "properties": {
        "@id": "node/43449052",
        "highway": "motorway_junction",
        "name": "Knooppunt Vught",
        "wikidata": "Q1926020",
        "wikipedia": "nl:Knooppunt Vught"
      },
      "geometry": {
        "type": "Point",
        "coordinates": [
          5.3177611,
          51.6704826
        ]
      },
      "id": "node/43449052"
    },
    {
      "type": "Feature",
      "properties": {
        "@id": "node/43449774",
        "highway": "motorway_junction",
        "name": "Made",
        "ref": "32",
        "wikidata": "Q97666453"
      },
      "geometry": {
        "type": "Point",
        "coordinates": [
          4.8036778,
          51.6703769
        ]
      },
      "id": "node/43449774"
    },
    {
      "type": "Feature",
      "properties": {
        "@id": "node/43452927",
        "highway": "motorway_junction",
        "name": "Moerdijk-Havens",
        "ref": "26",
        "wikidata": "Q97446729"
      },
      "geometry": {
        "type": "Point",
        "coordinates": [
          4.6086138,
          51.6710489
        ]
      },
      "id": "node/43452927"
    },
    {
      "type": "Feature",
      "properties": {
        "@id": "node/43457901",
        "highway": "motorway_junction",
        "name": "Knooppunt Rijkevoort",
        "noref": "yes",
        "wikidata": "Q2954587",
        "wikipedia": "nl:Knooppunt Rijkevoort"
      },
      "geometry": {
        "type": "Point",
        "coordinates": [
          5.8982516,
          51.6725703
        ]
      },
      "id": "node/43457901"
    },
    {
      "type": "Feature",
      "properties": {
        "@id": "node/43458735",
        "highway": "motorway_junction",
        "name": "Berlicum"
      },
      "geometry": {
        "type": "Point",
        "coordinates": [
          5.3864136,
          51.6731778
        ]
      },
      "id": "node/43458735"
    },
    {
      "type": "Feature",
      "properties": {
        "@id": "node/43462706",
        "highway": "motorway_junction",
        "name": "Zeeland",
        "ref": "14",
        "wikidata": "Q96944650"
      },
      "geometry": {
        "type": "Point",
        "coordinates": [
          5.5992495,
          51.674008
        ]
      },
      "id": "node/43462706"
    },
    {
      "type": "Feature",
      "properties": {
        "@id": "node/43465553",
        "highway": "motorway_junction",
        "name": "Moerdijk-Havens",
        "ref": "26",
        "wikidata": "Q97446729"
      },
      "geometry": {
        "type": "Point",
        "coordinates": [
          4.6146612,
          51.674627
        ]
      },
      "id": "node/43465553"
    },
    {
      "type": "Feature",
      "properties": {
        "@id": "node/43468590",
        "highway": "motorway_junction",
        "name": "Sint-Michielsgestel",
        "ref": "22",
        "wikidata": "Q96634029"
      },
      "geometry": {
        "type": "Point",
        "coordinates": [
          5.3342117,
          51.6757175
        ]
      },
      "id": "node/43468590"
    },
    {
      "type": "Feature",
      "properties": {
        "@id": "node/43468618",
        "highway": "motorway_junction",
        "name": "Willemstad",
        "ref": "23",
        "wikidata": "Q96635100"
      },
      "geometry": {
        "type": "Point",
        "coordinates": [
          4.4241871,
          51.6758933
        ]
      },
      "id": "node/43468618"
    },
    {
      "type": "Feature",
      "properties": {
        "@id": "node/43484220",
        "highway": "motorway_junction",
        "name": "Lage Zwaluwe",
        "ref": "18",
        "wikidata": "Q96586636"
      },
      "geometry": {
        "type": "Point",
        "coordinates": [
          4.6661418,
          51.6795328
        ]
      },
      "id": "node/43484220"
    },
    {
      "type": "Feature",
      "properties": {
        "@id": "node/43485432",
        "highway": "motorway_junction",
        "name": "Oosterhout",
        "ref": "33",
        "wikidata": "Q96632092"
      },
      "geometry": {
        "type": "Point",
        "coordinates": [
          4.8450877,
          51.6796742
        ]
      },
      "id": "node/43485432"
    },
    {
      "type": "Feature",
      "properties": {
        "@id": "node/43490235",
        "highway": "motorway_junction",
        "name": "Oosterhout",
        "ref": "33",
        "wikidata": "Q96632092"
      },
      "geometry": {
        "type": "Point",
        "coordinates": [
          4.8494891,
          51.6807233
        ]
      },
      "id": "node/43490235"
    },
    {
      "type": "Feature",
      "properties": {
        "@id": "node/43494127",
        "highway": "motorway_junction",
        "name": "Willemstad",
        "ref": "23",
        "wikidata": "Q96635100"
      },
      "geometry": {
        "type": "Point",
        "coordinates": [
          4.4174046,
          51.6816643
        ]
      },
      "id": "node/43494127"
    },
    {
      "type": "Feature",
      "properties": {
        "@id": "node/43497599",
        "highway": "motorway_junction",
        "name": "Industrie 7000-8000"
      },
      "geometry": {
        "type": "Point",
        "coordinates": [
          5.3558777,
          51.682849
        ]
      },
      "id": "node/43497599"
    },
    {
      "type": "Feature",
      "properties": {
        "@id": "node/43510705",
        "highway": "motorway_junction",
        "name": "Veghel",
        "ref": "21",
        "wikidata": "Q96640351"
      },
      "geometry": {
        "type": "Point",
        "coordinates": [
          5.3485919,
          51.6851397
        ]
      },
      "id": "node/43510705"
    },
    {
      "type": "Feature",
      "properties": {
        "@id": "node/43514381",
        "highway": "motorway_junction",
        "name": "Knooppunt Hooipolder",
        "wikidata": "Q2465938",
        "wikipedia": "nl:Knooppunt Hooipolder"
      },
      "geometry": {
        "type": "Point",
        "coordinates": [
          4.8828737,
          51.6839021
        ]
      },
      "id": "node/43514381"
    },
    {
      "type": "Feature",
      "properties": {
        "@id": "node/43520776",
        "highway": "motorway_junction",
        "name": "Veghel",
        "ref": "21",
        "wikidata": "Q96640351"
      },
      "geometry": {
        "type": "Point",
        "coordinates": [
          5.3486724,
          51.6882305
        ]
      },
      "id": "node/43520776"
    },
    {
      "type": "Feature",
      "properties": {
        "@id": "node/43520817",
        "highway": "motorway_junction",
        "name": "Lage Zwaluwe",
        "ref": "18",
        "wikidata": "Q96586636"
      },
      "geometry": {
        "type": "Point",
        "coordinates": [
          4.6575508,
          51.6881959
        ]
      },
      "id": "node/43520817"
    },
    {
      "type": "Feature",
      "properties": {
        "@id": "node/43523391",
        "highway": "motorway_junction",
        "name": "Moerdijk",
        "ref": "27",
        "wikidata": "Q97446743"
      },
      "geometry": {
        "type": "Point",
        "coordinates": [
          4.6358729,
          51.688977
        ]
      },
      "id": "node/43523391"
    },
    {
      "type": "Feature",
      "properties": {
        "@id": "node/43532246",
        "alt_name": "Langstraatplein",
        "highway": "motorway_junction",
        "name": "Waalwijk",
        "ref": "37",
        "wikidata": "Q20898172",
        "wikipedia": "nl:Langstraatplein"
      },
      "geometry": {
        "type": "Point",
        "coordinates": [
          5.0502311,
          51.6909798
        ]
      },
      "id": "node/43532246"
    },
    {
      "type": "Feature",
      "properties": {
        "@id": "node/43535495",
        "highway": "motorway_junction",
        "name": "Haps",
        "ref": "5",
        "wikidata": "Q96782315"
      },
      "geometry": {
        "type": "Point",
        "coordinates": [
          5.8887794,
          51.6914777
        ]
      },
      "id": "node/43535495"
    },
    {
      "type": "Feature",
      "properties": {
        "@id": "node/43535934",
        "highway": "motorway_junction",
        "name": "Knooppunt Hellegatsplein"
      },
      "geometry": {
        "type": "Point",
        "coordinates": [
          4.4031283,
          51.6920609
        ]
      },
      "id": "node/43535934"
    },
    {
      "type": "Feature",
      "properties": {
        "@id": "node/43536854",
        "highway": "motorway_junction",
        "name": "Moerdijk",
        "ref": "27",
        "wikidata": "Q97446743"
      },
      "geometry": {
        "type": "Point",
        "coordinates": [
          4.6405089,
          51.6923404
        ]
      },
      "id": "node/43536854"
    },
    {
      "type": "Feature",
      "properties": {
        "@id": "node/43541142",
        "highway": "motorway_junction",
        "name": "Waspik",
        "ref": "35",
        "wikidata": "Q97666482"
      },
      "geometry": {
        "type": "Point",
        "coordinates": [
          4.9553238,
          51.6933408
        ]
      },
      "id": "node/43541142"
    },
    {
      "type": "Feature",
      "properties": {
        "@id": "node/43541993",
        "highway": "motorway_junction",
        "name": "Nieuwkuijk",
        "ref": "43",
        "wikidata": "Q97763563"
      },
      "geometry": {
        "type": "Point",
        "coordinates": [
          5.2033222,
          51.6935885
        ]
      },
      "id": "node/43541993"
    },
    {
      "type": "Feature",
      "properties": {
        "@id": "node/43542092",
        "highway": "motorway_junction",
        "name": "Waalwijk-Centrum",
        "ref": "38",
        "wikidata": "Q97759215"
      },
      "geometry": {
        "type": "Point",
        "coordinates": [
          5.0727466,
          51.6934768
        ]
      },
      "id": "node/43542092"
    },
    {
      "type": "Feature",
      "properties": {
        "@id": "node/43544840",
        "highway": "motorway_junction",
        "name": "Drunen-West",
        "ref": "40",
        "wikidata": "Q97760502"
      },
      "geometry": {
        "type": "Point",
        "coordinates": [
          5.107619,
          51.6938844
        ]
      },
      "id": "node/43544840"
    },
    {
      "type": "Feature",
      "properties": {
        "@id": "node/43546096",
        "highway": "motorway_junction",
        "name": "Vlijmen",
        "ref": "44",
        "wikidata": "Q97763615"
      },
      "geometry": {
        "type": "Point",
        "coordinates": [
          5.2315878,
          51.6943062
        ]
      },
      "id": "node/43546096"
    },
    {
      "type": "Feature",
      "properties": {
        "@id": "node/43549790",
        "highway": "motorway_junction",
        "name": "Nieuwkuijk",
        "ref": "43",
        "wikidata": "Q97763563"
      },
      "geometry": {
        "type": "Point",
        "coordinates": [
          5.1894328,
          51.6954179
        ]
      },
      "id": "node/43549790"
    },
    {
      "type": "Feature",
      "properties": {
        "@id": "node/43550460",
        "highway": "motorway_junction",
        "name": "Sprang-Capelle-West",
        "ref": "36",
        "wikidata": "Q97666495"
      },
      "geometry": {
        "type": "Point",
        "coordinates": [
          4.9867629,
          51.6954143
        ]
      },
      "id": "node/43550460"
    },
    {
      "type": "Feature",
      "properties": {
        "@id": "node/43551154",
        "highway": "motorway_junction",
        "name": "Sprang-Capelle-West",
        "ref": "36",
        "wikidata": "Q97666495"
      },
      "geometry": {
        "type": "Point",
        "coordinates": [
          4.9903095,
          51.6956295
        ]
      },
      "id": "node/43551154"
    },
    {
      "type": "Feature",
      "properties": {
        "@id": "node/43552322",
        "highway": "motorway_junction",
        "name": "Waalwijk-Oost",
        "ref": "39",
        "wikidata": "Q97759680"
      },
      "geometry": {
        "type": "Point",
        "coordinates": [
          5.0944829,
          51.6959304
        ]
      },
      "id": "node/43552322"
    },
    {
      "type": "Feature",
      "properties": {
        "@id": "node/43552539",
        "highway": "motorway_junction",
        "name": "'s-Hertogenbosch-West",
        "ref": "45",
        "wikidata": "Q96578653"
      },
      "geometry": {
        "type": "Point",
        "coordinates": [
          5.241939,
          51.6959064
        ]
      },
      "id": "node/43552539"
    },
    {
      "type": "Feature",
      "properties": {
        "@id": "node/43552650",
        "highway": "motorway_junction",
        "name": "Haps",
        "ref": "5",
        "wikidata": "Q96782315"
      },
      "geometry": {
        "type": "Point",
        "coordinates": [
          5.8848616,
          51.6964204
        ]
      },
      "id": "node/43552650"
    },
    {
      "type": "Feature",
      "properties": {
        "@id": "node/43552776",
        "highway": "motorway_junction",
        "name": "Knooppunt Klaverpolder",
        "wikidata": "Q1817153",
        "wikipedia": "nl:Knooppunt Klaverpolder"
      },
      "geometry": {
        "type": "Point",
        "coordinates": [
          4.645303,
          51.6958765
        ]
      },
      "id": "node/43552776"
    },
    {
      "type": "Feature",
      "properties": {
        "@id": "node/43554440",
        "highway": "motorway_junction",
        "name": "'s-Hertogenbosch-West",
        "ref": "45",
        "wikidata": "Q96578653"
      },
      "geometry": {
        "type": "Point",
        "coordinates": [
          5.2440389,
          51.6966326
        ]
      },
      "id": "node/43554440"
    },
    {
      "type": "Feature",
      "properties": {
        "@id": "node/43558128",
        "highway": "motorway_junction",
        "name": "Heusden",
        "ref": "42",
        "wikidata": "Q97760761"
      },
      "geometry": {
        "type": "Point",
        "coordinates": [
          5.1740561,
          51.6974676
        ]
      },
      "id": "node/43558128"
    },
    {
      "type": "Feature",
      "properties": {
        "@id": "node/43560336",
        "highway": "motorway_junction",
        "name": "Heusden",
        "ref": "42",
        "wikidata": "Q97760761"
      },
      "geometry": {
        "type": "Point",
        "coordinates": [
          5.1568366,
          51.6980834
        ]
      },
      "id": "node/43560336"
    },
    {
      "type": "Feature",
      "properties": {
        "@id": "node/43568531",
        "highway": "motorway_junction",
        "name": "Knooppunt Hellegatsplein"
      },
      "geometry": {
        "type": "Point",
        "coordinates": [
          4.3854846,
          51.7004062
        ]
      },
      "id": "node/43568531"
    },
    {
      "type": "Feature",
      "properties": {
        "@id": "node/43569521",
        "highway": "motorway_junction",
        "name": "Knooppunt Klaverpolder",
        "wikidata": "Q1817153",
        "wikipedia": "nl:Knooppunt Klaverpolder"
      },
      "geometry": {
        "type": "Point",
        "coordinates": [
          4.6490909,
          51.7010214
        ]
      },
      "id": "node/43569521"
    },
    {
      "type": "Feature",
      "properties": {
        "@id": "node/43579799",
        "highway": "motorway_junction",
        "name": "Knooppunt Klaverpolder",
        "wikidata": "Q1817153",
        "wikipedia": "nl:Knooppunt Klaverpolder"
      },
      "geometry": {
        "type": "Point",
        "coordinates": [
          4.6466613,
          51.7036883
        ]
      },
      "id": "node/43579799"
    },
    {
      "type": "Feature",
      "properties": {
        "@id": "node/43586547",
        "highway": "motorway_junction",
        "name": "Engelen",
        "ref": "46",
        "wikidata": "Q96639944"
      },
      "geometry": {
        "type": "Point",
        "coordinates": [
          5.2585765,
          51.7057217
        ]
      },
      "id": "node/43586547"
    },
    {
      "type": "Feature",
      "properties": {
        "@id": "node/43590612",
        "highway": "motorway_junction",
        "name": "Knooppunt Hellegatsplein"
      },
      "geometry": {
        "type": "Point",
        "coordinates": [
          4.3955531,
          51.7075164
        ]
      },
      "id": "node/43590612"
    },
    {
      "type": "Feature",
      "properties": {
        "@id": "node/43601912",
        "highway": "motorway_junction",
        "name": "Nistelrode",
        "ref": "15",
        "wikidata": "Q96945067"
      },
      "geometry": {
        "type": "Point",
        "coordinates": [
          5.5701352,
          51.7111515
        ]
      },
      "id": "node/43601912"
    },
    {
      "type": "Feature",
      "properties": {
        "@id": "node/43606899",
        "highway": "motorway_junction",
        "name": "Engelen",
        "ref": "46",
        "wikidata": "Q96639944"
      },
      "geometry": {
        "type": "Point",
        "coordinates": [
          5.2677985,
          51.7117836
        ]
      },
      "id": "node/43606899"
    },
    {
      "type": "Feature",
      "properties": {
        "@id": "node/43609095",
        "highway": "motorway_junction",
        "name": "Geertruidenberg",
        "ref": "20",
        "wikidata": "Q97153078"
      },
      "geometry": {
        "type": "Point",
        "coordinates": [
          4.8890749,
          51.7126502
        ]
      },
      "id": "node/43609095"
    },
    {
      "type": "Feature",
      "properties": {
        "@id": "node/43616507",
        "highway": "motorway_junction",
        "name": "Geertruidenberg",
        "ref": "20",
        "wikidata": "Q97153078"
      },
      "geometry": {
        "type": "Point",
        "coordinates": [
          4.8890744,
          51.71485
        ]
      },
      "id": "node/43616507"
    },
    {
      "type": "Feature",
      "properties": {
        "@id": "node/43622868",
        "highway": "motorway_junction",
        "name": "Rosmalen-West",
        "ref": "20",
        "wikidata": "Q96243460"
      },
      "geometry": {
        "type": "Point",
        "coordinates": [
          5.337394,
          51.7162094
        ]
      },
      "id": "node/43622868"
    },
    {
      "type": "Feature",
      "properties": {
        "@id": "node/43625801",
        "highway": "motorway_junction",
        "name": "'s-Hertogenbosch-Maaspoort",
        "ref": "47",
        "wikidata": "Q96639933"
      },
      "geometry": {
        "type": "Point",
        "coordinates": [
          5.2903471,
          51.716968
        ]
      },
      "id": "node/43625801"
    },
    {
      "type": "Feature",
      "properties": {
        "@id": "node/43632848",
        "highway": "motorway_junction",
        "name": "'s-Hertogenbosch-Maaspoort",
        "ref": "47",
        "wikidata": "Q96639933"
      },
      "geometry": {
        "type": "Point",
        "coordinates": [
          5.3024322,
          51.7187651
        ]
      },
      "id": "node/43632848"
    },
    {
      "type": "Feature",
      "properties": {
        "@id": "node/43633306",
        "highway": "motorway_junction",
        "name": "Nistelrode",
        "ref": "15",
        "wikidata": "Q96945067"
      },
      "geometry": {
        "type": "Point",
        "coordinates": [
          5.5688295,
          51.7189424
        ]
      },
      "id": "node/43633306"
    },
    {
      "type": "Feature",
      "properties": {
        "@id": "node/43637658",
        "highway": "motorway_junction",
        "name": "Oudheusden"
      },
      "geometry": {
        "type": "Point",
        "coordinates": [
          5.135409,
          51.720164
        ]
      },
      "id": "node/43637658"
    },
    {
      "type": "Feature",
      "properties": {
        "@id": "node/43645210",
        "highway": "motorway_junction",
        "name": "Knooppunt Empel",
        "wikidata": "Q2172092",
        "wikipedia": "nl:Knooppunt Empel"
      },
      "geometry": {
        "type": "Point",
        "coordinates": [
          5.3295518,
          51.7216702
        ]
      },
      "id": "node/43645210"
    },
    {
      "type": "Feature",
      "properties": {
        "@id": "node/43653110",
        "highway": "motorway_junction",
        "name": "Hank",
        "ref": "21",
        "wikidata": "Q96484683"
      },
      "geometry": {
        "type": "Point",
        "coordinates": [
          4.8932342,
          51.724807
        ]
      },
      "id": "node/43653110"
    },
    {
      "type": "Feature",
      "properties": {
        "@id": "node/43654795",
        "highway": "motorway_junction",
        "name": "Oss",
        "ref": "16",
        "wikidata": "Q97446242"
      },
      "geometry": {
        "type": "Point",
        "coordinates": [
          5.5720377,
          51.7253775
        ]
      },
      "id": "node/43654795"
    },
    {
      "type": "Feature",
      "properties": {
        "@id": "node/43658500",
        "highway": "motorway_junction",
        "name": "Oudheusden"
      },
      "geometry": {
        "type": "Point",
        "coordinates": [
          5.1227404,
          51.7266693
        ]
      },
      "id": "node/43658500"
    },
    {
      "type": "Feature",
      "properties": {
        "@id": "node/43672438",
        "highway": "motorway_junction",
        "name": "Ellemeet"
      },
      "geometry": {
        "type": "Point",
        "coordinates": [
          3.823888,
          51.7300922
        ]
      },
      "id": "node/43672438"
    },
    {
      "type": "Feature",
      "properties": {
        "@id": "node/43674677",
        "highway": "motorway_junction",
        "name": "Cuijk",
        "ref": "4",
        "wikidata": "Q96634022"
      },
      "geometry": {
        "type": "Point",
        "coordinates": [
          5.8497615,
          51.7309228
        ]
      },
      "id": "node/43674677"
    },
    {
      "type": "Feature",
      "properties": {
        "@id": "node/43689611",
        "highway": "motorway_junction",
        "name": "Cuijk",
        "ref": "4",
        "wikidata": "Q96634022"
      },
      "geometry": {
        "type": "Point",
        "coordinates": [
          5.8455163,
          51.7350496
        ]
      },
      "id": "node/43689611"
    },
    {
      "type": "Feature",
      "properties": {
        "@id": "node/43701437",
        "highway": "motorway_junction",
        "name": "Hank",
        "ref": "21",
        "wikidata": "Q96484683"
      },
      "geometry": {
        "type": "Point",
        "coordinates": [
          4.9115726,
          51.7378932
        ]
      },
      "id": "node/43701437"
    },
    {
      "type": "Feature",
      "properties": {
        "@id": "node/43725065",
        "highway": "motorway_junction",
        "name": "Ellemeet"
      },
      "geometry": {
        "type": "Point",
        "coordinates": [
          3.8259209,
          51.7448418
        ]
      },
      "id": "node/43725065"
    },
    {
      "type": "Feature",
      "properties": {
        "@id": "node/43758595",
        "highway": "motorway_junction",
        "name": "Numansdorp",
        "ref": "22",
        "source": "AND"
      },
      "geometry": {
        "type": "Point",
        "coordinates": [
          4.4170065,
          51.7555416
        ]
      },
      "id": "node/43758595"
    },
    {
      "type": "Feature",
      "properties": {
        "@id": "node/43770824",
        "highway": "motorway_junction",
        "name": "Kerkdriel",
        "ref": "19",
        "source": "AND"
      },
      "geometry": {
        "type": "Point",
        "coordinates": [
          5.2792202,
          51.7610844
        ]
      },
      "id": "node/43770824"
    },
    {
      "type": "Feature",
      "properties": {
        "@id": "node/43783557",
        "highway": "motorway_junction",
        "name": "Malden",
        "ref": "3",
        "source": "AND"
      },
      "geometry": {
        "type": "Point",
        "coordinates": [
          5.8371515,
          51.7657433
        ]
      },
      "id": "node/43783557"
    },
    {
      "type": "Feature",
      "properties": {
        "@id": "node/43789626",
        "highway": "motorway_junction",
        "name": "Dordrecht",
        "ref": "20"
      },
      "geometry": {
        "type": "Point",
        "coordinates": [
          4.648101,
          51.7679991
        ]
      },
      "id": "node/43789626"
    },
    {
      "type": "Feature",
      "properties": {
        "@id": "node/43789807",
        "highway": "motorway_junction",
        "name": "Nieuwendijk",
        "ref": "22",
        "wikidata": "Q97154025"
      },
      "geometry": {
        "type": "Point",
        "coordinates": [
          4.9281103,
          51.7680925
        ]
      },
      "id": "node/43789807"
    },
    {
      "type": "Feature",
      "properties": {
        "@id": "node/43810271",
        "highway": "motorway_junction",
        "name": "Malden",
        "ref": "3"
      },
      "geometry": {
        "type": "Point",
        "coordinates": [
          5.8366226,
          51.7751112
        ]
      },
      "id": "node/43810271"
    },
    {
      "type": "Feature",
      "properties": {
        "@id": "node/43815063",
        "highway": "motorway_junction",
        "name": "Nieuwendijk",
        "ref": "22",
        "wikidata": "Q97154025"
      },
      "geometry": {
        "type": "Point",
        "coordinates": [
          4.9274359,
          51.7757988
        ]
      },
      "id": "node/43815063"
    },
    {
      "type": "Feature",
      "properties": {
        "@id": "node/43829945",
        "highway": "motorway_junction",
        "name": "Dordrecht-Sterrenburg",
        "ref": "5"
      },
      "geometry": {
        "type": "Point",
        "coordinates": [
          4.6647662,
          51.781466
        ]
      },
      "id": "node/43829945"
    },
    {
      "type": "Feature",
      "properties": {
        "@id": "node/43841720",
        "highway": "motorway_junction",
        "name": "Ravenstein",
        "ref": "17",
        "wikidata": "Q97446252"
      },
      "geometry": {
        "type": "Point",
        "coordinates": [
          5.6500571,
          51.786456
        ]
      },
      "id": "node/43841720"
    },
    {
      "type": "Feature",
      "properties": {
        "@id": "node/43844623",
        "highway": "motorway_junction",
        "name": "Dordrecht-Sterrenburg",
        "ref": "5"
      },
      "geometry": {
        "type": "Point",
        "coordinates": [
          4.6697695,
          51.7872666
        ]
      },
      "id": "node/43844623"
    },
    {
      "type": "Feature",
      "properties": {
        "@id": "node/43848548",
        "highway": "motorway_junction",
        "name": "Ravenstein",
        "ref": "17",
        "wikidata": "Q97446252"
      },
      "geometry": {
        "type": "Point",
        "coordinates": [
          5.6552545,
          51.7890158
        ]
      },
      "id": "node/43848548"
    },
    {
      "type": "Feature",
      "properties": {
        "@id": "node/43849388",
        "highway": "motorway_junction",
        "name": "Zaltbommel",
        "ref": "17",
        "source": "AND"
      },
      "geometry": {
        "type": "Point",
        "coordinates": [
          5.2579955,
          51.7889735
        ]
      },
      "id": "node/43849388"
    },
    {
      "type": "Feature",
      "properties": {
        "@id": "node/43856964",
        "highway": "motorway_junction",
        "name": "Dordrecht-Krispijn",
        "ref": "4"
      },
      "geometry": {
        "type": "Point",
        "coordinates": [
          4.6751403,
          51.7927866
        ]
      },
      "id": "node/43856964"
    },
    {
      "type": "Feature",
      "properties": {
        "@id": "node/43862100",
        "highway": "motorway_junction",
        "name": "Nijmegen-Dukenburg",
        "ref": "2",
        "source": "AND"
      },
      "geometry": {
        "type": "Point",
        "coordinates": [
          5.800141,
          51.796126
        ]
      },
      "id": "node/43862100"
    },
    {
      "type": "Feature",
      "properties": {
        "@id": "node/43862344",
        "highway": "motorway_junction",
        "name": "Dordrecht-Centrum",
        "ref": "21",
        "source": "survey"
      },
      "geometry": {
        "type": "Point",
        "coordinates": [
          4.6492682,
          51.7961936
        ]
      },
      "id": "node/43862344"
    },
    {
      "type": "Feature",
      "properties": {
        "@id": "node/43871521",
        "highway": "motorway_junction",
        "name": "Zaltbommel",
        "ref": "17",
        "source": "AND"
      },
      "geometry": {
        "type": "Point",
        "coordinates": [
          5.2583321,
          51.7987735
        ]
      },
      "id": "node/43871521"
    },
    {
      "type": "Feature",
      "properties": {
        "@id": "node/43873763",
        "highway": "motorway_junction",
        "name": "Dordrecht-Stadspolders",
        "ref": "3"
      },
      "geometry": {
        "type": "Point",
        "coordinates": [
          4.6935922,
          51.7997658
        ]
      },
      "id": "node/43873763"
    },
    {
      "type": "Feature",
      "properties": {
        "@id": "node/43876528",
        "highway": "motorway_junction",
        "name": "Dordrecht-Centrum",
        "ref": "21"
      },
      "geometry": {
        "type": "Point",
        "coordinates": [
          4.6495476,
          51.8002955
        ]
      },
      "id": "node/43876528"
    },
    {
      "type": "Feature",
      "properties": {
        "@id": "node/43877956",
        "highway": "motorway_junction",
        "name": "Werkendam",
        "ref": "23",
        "wikidata": "Q97154195"
      },
      "geometry": {
        "type": "Point",
        "coordinates": [
          4.9315163,
          51.8006791
        ]
      },
      "id": "node/43877956"
    },
    {
      "type": "Feature",
      "properties": {
        "@id": "node/43880653",
        "highway": "motorway_junction",
        "name": "Nijmegen-Dukenburg",
        "ref": "2",
        "source": "AND"
      },
      "geometry": {
        "type": "Point",
        "coordinates": [
          5.7904691,
          51.8024496
        ]
      },
      "id": "node/43880653"
    },
    {
      "type": "Feature",
      "properties": {
        "@id": "node/43884374",
        "highway": "motorway_junction",
        "name": "Werkendam",
        "ref": "23",
        "wikidata": "Q97154195"
      },
      "geometry": {
        "type": "Point",
        "coordinates": [
          4.9317149,
          51.8020408
        ]
      },
      "id": "node/43884374"
    },
    {
      "type": "Feature",
      "properties": {
        "@id": "node/43890523",
        "highway": "motorway_junction",
        "name": "Dordrecht-Centrum",
        "ref": "21"
      },
      "geometry": {
        "type": "Point",
        "coordinates": [
          4.649873,
          51.8043911
        ]
      },
      "id": "node/43890523"
    },
    {
      "type": "Feature",
      "properties": {
        "@id": "node/43919124",
        "highway": "motorway_junction",
        "name": "Knooppunt Bankhoef"
      },
      "geometry": {
        "type": "Point",
        "coordinates": [
          5.6784824,
          51.8112565
        ]
      },
      "id": "node/43919124"
    },
    {
      "type": "Feature",
      "properties": {
        "@id": "node/43922628",
        "highway": "motorway_junction",
        "name": "Zwijndrecht",
        "ref": "22",
        "source": "AND"
      },
      "geometry": {
        "type": "Point",
        "coordinates": [
          4.6413517,
          51.8122865
        ]
      },
      "id": "node/43922628"
    },
    {
      "type": "Feature",
      "properties": {
        "@id": "node/43925549",
        "highway": "motorway_junction",
        "name": "Bergharen"
      },
      "geometry": {
        "type": "Point",
        "coordinates": [
          5.6943715,
          51.8128788
        ]
      },
      "id": "node/43925549"
    },
    {
      "type": "Feature",
      "properties": {
        "@id": "node/43926028",
        "highway": "motorway_junction",
        "name": "Stellendam-Noord"
      },
      "geometry": {
        "type": "Point",
        "coordinates": [
          4.0224646,
          51.8126591
        ]
      },
      "id": "node/43926028"
    },
    {
      "type": "Feature",
      "properties": {
        "@id": "node/43926555",
        "highway": "motorway_junction",
        "name": "Bergharen"
      },
      "geometry": {
        "type": "Point",
        "coordinates": [
          5.6994992,
          51.8130054
        ]
      },
      "id": "node/43926555"
    },
    {
      "type": "Feature",
      "properties": {
        "@id": "node/43928183",
        "destination": "Oud-Beijerland;'s-Gravendeel;Dordrecht (TOL)",
        "destination:ref": "N217",
        "highway": "motorway_junction",
        "name": "Oud-Beijerland",
        "ref": "21",
        "source": "AND"
      },
      "geometry": {
        "type": "Point",
        "coordinates": [
          4.4844205,
          51.8135839
        ]
      },
      "id": "node/43928183"
    },
    {
      "type": "Feature",
      "properties": {
        "@id": "node/43929576",
        "highway": "motorway_junction",
        "name": "Knooppunt Bankhoef"
      },
      "geometry": {
        "type": "Point",
        "coordinates": [
          5.678956,
          51.8135782
        ]
      },
      "id": "node/43929576"
    },
    {
      "type": "Feature",
      "properties": {
        "@id": "node/43931994",
        "highway": "motorway_junction",
        "name": "Knooppunt Bankhoef"
      },
      "geometry": {
        "type": "Point",
        "coordinates": [
          5.6839919,
          51.8144958
        ]
      },
      "id": "node/43931994"
    },
    {
      "type": "Feature",
      "properties": {
        "@id": "node/43934681",
        "highway": "motorway_junction",
        "name": "Dordrecht-Staart",
        "ref": "2"
      },
      "geometry": {
        "type": "Point",
        "coordinates": [
          4.7079867,
          51.8151436
        ]
      },
      "id": "node/43934681"
    },
    {
      "type": "Feature",
      "properties": {
        "@id": "node/43942470",
        "highway": "motorway_junction",
        "name": "Dordrecht-Staart",
        "ref": "2"
      },
      "geometry": {
        "type": "Point",
        "coordinates": [
          4.7075931,
          51.8168492
        ]
      },
      "id": "node/43942470"
    },
    {
      "type": "Feature",
      "properties": {
        "@id": "node/43949940",
        "highway": "motorway_junction",
        "name": "Zwijndrecht",
        "ref": "22",
        "source": "AND"
      },
      "geometry": {
        "type": "Point",
        "coordinates": [
          4.6292078,
          51.8179809
        ]
      },
      "id": "node/43949940"
    },
    {
      "type": "Feature",
      "properties": {
        "@id": "node/43955775",
        "highway": "motorway_junction",
        "name": "Havens Stellendam"
      },
      "geometry": {
        "type": "Point",
        "coordinates": [
          4.0320577,
          51.8195367
        ]
      },
      "id": "node/43955775"
    },
    {
      "type": "Feature",
      "properties": {
        "@id": "node/43964458",
        "highway": "motorway_junction",
        "name": "Sliedrecht-Oost",
        "ref": "25",
        "wikidata": "Q97284989"
      },
      "geometry": {
        "type": "Point",
        "coordinates": [
          4.8105662,
          51.8219182
        ]
      },
      "id": "node/43964458"
    },
    {
      "type": "Feature",
      "properties": {
        "@id": "node/43973157",
        "highway": "motorway_junction",
        "name": "Hardinxveld-Giessendam",
        "ref": "26",
        "wikidata": "Q97285026"
      },
      "geometry": {
        "type": "Point",
        "coordinates": [
          4.8407757,
          51.8237806
        ]
      },
      "id": "node/43973157"
    },
    {
      "type": "Feature",
      "properties": {
        "@id": "node/43979336",
        "highway": "motorway_junction",
        "name": "Hardinxveld-Giessendam",
        "ref": "26",
        "wikidata": "Q97285026"
      },
      "geometry": {
        "type": "Point",
        "coordinates": [
          4.8503697,
          51.8247452
        ]
      },
      "id": "node/43979336"
    },
    {
      "type": "Feature",
      "properties": {
        "@id": "node/43987744",
        "highway": "motorway_junction",
        "name": "Hendrik-Ido-Ambacht",
        "ref": "23"
      },
      "geometry": {
        "type": "Point",
        "coordinates": [
          4.6248446,
          51.8269145
        ]
      },
      "id": "node/43987744"
    },
    {
      "type": "Feature",
      "properties": {
        "@id": "node/43989386",
        "highway": "motorway_junction",
        "name": "Waardenburg",
        "ref": "16",
        "source": "AND"
      },
      "geometry": {
        "type": "Point",
        "coordinates": [
          5.2567555,
          51.8273229
        ]
      },
      "id": "node/43989386"
    },
    {
      "type": "Feature",
      "properties": {
        "@id": "node/43989399",
        "highway": "motorway_junction",
        "name": "Beuningen"
      },
      "geometry": {
        "type": "Point",
        "coordinates": [
          5.7376799,
          51.8270442
        ]
      },
      "id": "node/43989399"
    },
    {
      "type": "Feature",
      "properties": {
        "@id": "node/43989938",
        "highway": "motorway_junction",
        "name": "Beuningen"
      },
      "geometry": {
        "type": "Point",
        "coordinates": [
          5.7369372,
          51.8271259
        ]
      },
      "id": "node/43989938"
    },
    {
      "type": "Feature",
      "properties": {
        "@id": "node/43990518",
        "highway": "motorway_junction",
        "name": "Havens Stellendam"
      },
      "geometry": {
        "type": "Point",
        "coordinates": [
          4.042874,
          51.8277254
        ]
      },
      "id": "node/43990518"
    },
    {
      "type": "Feature",
      "properties": {
        "@id": "node/44000579",
        "highway": "motorway_junction",
        "name": "Papendrecht",
        "ref": "1"
      },
      "geometry": {
        "type": "Point",
        "coordinates": [
          4.7053637,
          51.8290279
        ]
      },
      "id": "node/44000579"
    },
    {
      "type": "Feature",
      "properties": {
        "@id": "node/44000588",
        "highway": "motorway_junction",
        "name": "Wijchen",
        "ref": "1a"
      },
      "geometry": {
        "type": "Point",
        "coordinates": [
          5.7725216,
          51.8275414
        ]
      },
      "id": "node/44000588"
    },
    {
      "type": "Feature",
      "properties": {
        "@id": "node/44006745",
        "highway": "motorway_junction",
        "name": "Sliedrecht-West",
        "ref": "24",
        "source": "AND",
        "wikidata": "Q97284973"
      },
      "geometry": {
        "type": "Point",
        "coordinates": [
          4.7530667,
          51.8300584
        ]
      },
      "id": "node/44006745"
    },
    {
      "type": "Feature",
      "properties": {
        "@id": "node/44021895",
        "highway": "motorway_junction",
        "name": "Papendrecht",
        "ref": "1"
      },
      "geometry": {
        "type": "Point",
        "coordinates": [
          4.7083254,
          51.8333856
        ]
      },
      "id": "node/44021895"
    },
    {
      "type": "Feature",
      "properties": {
        "@id": "node/44021975",
        "highway": "motorway_junction",
        "name": "Gorinchem-Vesting",
        "ref": "24",
        "source": "AND"
      },
      "geometry": {
        "type": "Point",
        "coordinates": [
          4.9446163,
          51.8329737
        ]
      },
      "id": "node/44021975"
    },
    {
      "type": "Feature",
      "properties": {
        "@id": "node/44028456",
        "highway": "motorway_junction",
        "name": "Gorinchem-Vesting",
        "ref": "24",
        "source": "AND"
      },
      "geometry": {
        "type": "Point",
        "coordinates": [
          4.9452273,
          51.8347305
        ]
      },
      "id": "node/44028456"
    },
    {
      "type": "Feature",
      "properties": {
        "@id": "node/44040537",
        "highway": "motorway_junction",
        "name": "Dordrecht",
        "ref": "23",
        "wikidata": "Q19803354"
      },
      "geometry": {
        "type": "Point",
        "coordinates": [
          4.7209478,
          51.8372611
        ]
      },
      "id": "node/44040537"
    },
    {
      "type": "Feature",
      "properties": {
        "@id": "node/44051984",
        "highway": "motorway_junction",
        "name": "Knooppunt Gorinchem",
        "wikidata": "Q2504470",
        "wikipedia": "nl:Knooppunt Gorinchem"
      },
      "geometry": {
        "type": "Point",
        "coordinates": [
          4.9479778,
          51.8402815
        ]
      },
      "id": "node/44051984"
    },
    {
      "type": "Feature",
      "properties": {
        "@id": "node/44053070",
        "highway": "motorway_junction",
        "name": "Leerdam",
        "ref": "29",
        "wikidata": "Q96655906"
      },
      "geometry": {
        "type": "Point",
        "coordinates": [
          5.0880955,
          51.8408431
        ]
      },
      "id": "node/44053070"
    },
    {
      "type": "Feature",
      "properties": {
        "@id": "node/44054056",
        "highway": "motorway_junction",
        "name": "Dordrecht",
        "ref": "23",
        "wikidata": "Q19803354"
      },
      "geometry": {
        "type": "Point",
        "coordinates": [
          4.705487,
          51.8407473
        ]
      },
      "id": "node/44054056"
    },
    {
      "type": "Feature",
      "properties": {
        "@id": "node/44057878",
        "highway": "motorway_junction",
        "name": "Gorinchem",
        "ref": "27",
        "wikidata": "Q20114572"
      },
      "geometry": {
        "type": "Point",
        "coordinates": [
          4.9379039,
          51.841882
        ]
      },
      "id": "node/44057878"
    },
    {
      "type": "Feature",
      "properties": {
        "@id": "node/44059165",
        "highway": "motorway_junction",
        "name": "Hendrik-Ido-Ambacht",
        "ref": "23",
        "source": "AND"
      },
      "geometry": {
        "type": "Point",
        "coordinates": [
          4.6115838,
          51.8421535
        ]
      },
      "id": "node/44059165"
    },
    {
      "type": "Feature",
      "properties": {
        "@id": "node/44060571",
        "highway": "motorway_junction",
        "name": "Arkel",
        "ref": "28",
        "wikidata": "Q96983580"
      },
      "geometry": {
        "type": "Point",
        "coordinates": [
          5.0083811,
          51.8426912
        ]
      },
      "id": "node/44060571"
    },
    {
      "type": "Feature",
      "properties": {
        "@id": "node/44060995",
        "highway": "motorway_junction",
        "name": "Knooppunt Neerbosch"
      },
      "geometry": {
        "type": "Point",
        "coordinates": [
          5.7783654,
          51.8426052
        ]
      },
      "id": "node/44060995"
    },
    {
      "type": "Feature",
      "properties": {
        "@id": "node/44061253",
        "highway": "motorway_junction",
        "name": "Arkel",
        "ref": "28",
        "wikidata": "Q96983580"
      },
      "geometry": {
        "type": "Point",
        "coordinates": [
          5.0039474,
          51.8432215
        ]
      },
      "id": "node/44061253"
    },
    {
      "type": "Feature",
      "properties": {
        "@id": "node/44063896",
        "highway": "motorway_junction",
        "name": "Knooppunt Neerbosch"
      },
      "geometry": {
        "type": "Point",
        "coordinates": [
          5.7744404,
          51.8435646
        ]
      },
      "id": "node/44063896"
    },
    {
      "type": "Feature",
      "properties": {
        "@id": "node/44066025",
        "highway": "motorway_junction",
        "name": "Gorinchem",
        "ref": "27",
        "wikidata": "Q20114572"
      },
      "geometry": {
        "type": "Point",
        "coordinates": [
          4.9422382,
          51.8441926
        ]
      },
      "id": "node/44066025"
    },
    {
      "type": "Feature",
      "properties": {
        "@id": "node/44071271",
        "highway": "motorway_junction",
        "name": "Alblasserdam",
        "ref": "22",
        "wikidata": "Q19858852"
      },
      "geometry": {
        "type": "Point",
        "coordinates": [
          4.688488,
          51.8461707
        ]
      },
      "id": "node/44071271"
    },
    {
      "type": "Feature",
      "properties": {
        "@id": "node/44072605",
        "destination": "Carnisselande;Barendrecht;Heerjansdam",
        "highway": "motorway_junction",
        "name": "Barendrecht",
        "ref": "20"
      },
      "geometry": {
        "type": "Point",
        "coordinates": [
          4.5158491,
          51.8465977
        ]
      },
      "id": "node/44072605"
    },
    {
      "type": "Feature",
      "properties": {
        "@id": "node/44072932",
        "highway": "motorway_junction",
        "name": "Knooppunt Gorinchem",
        "wikidata": "Q2504470",
        "wikipedia": "nl:Knooppunt Gorinchem"
      },
      "geometry": {
        "type": "Point",
        "coordinates": [
          4.9654017,
          51.8465665
        ]
      },
      "id": "node/44072932"
    },
    {
      "type": "Feature",
      "properties": {
        "@id": "node/44079966",
        "highway": "motorway_junction",
        "name": "Knooppunt Ridderkerk",
        "wikidata": "Q2661014",
        "wikipedia": "nl:Knooppunt Ridderkerk"
      },
      "geometry": {
        "type": "Point",
        "coordinates": [
          4.6065027,
          51.8477858
        ]
      },
      "id": "node/44079966"
    },
    {
      "type": "Feature",
      "properties": {
        "@id": "node/44080400",
        "highway": "motorway_junction",
        "name": "Knooppunt Deil",
        "wikidata": "Q1842916",
        "wikipedia": "nl:Knooppunt Deil"
      },
      "geometry": {
        "type": "Point",
        "coordinates": [
          5.2350486,
          51.8499444
        ]
      },
      "id": "node/44080400"
    },
    {
      "type": "Feature",
      "properties": {
        "@id": "node/44082271",
        "highway": "motorway_junction",
        "name": "Barendrecht",
        "ref": "20"
      },
      "geometry": {
        "type": "Point",
        "coordinates": [
          4.5158546,
          51.8492528
        ]
      },
      "id": "node/44082271"
    },
    {
      "type": "Feature",
      "properties": {
        "@id": "node/44083495",
        "highway": "motorway_junction",
        "name": "Beuningen",
        "ref": "1",
        "source": "AND"
      },
      "geometry": {
        "type": "Point",
        "coordinates": [
          5.7547894,
          51.8492796
        ]
      },
      "id": "node/44083495"
    },
    {
      "type": "Feature",
      "properties": {
        "@id": "node/44091206",
        "highway": "motorway_junction",
        "name": "Knooppunt Deil",
        "wikidata": "Q1842916",
        "wikipedia": "nl:Knooppunt Deil"
      },
      "geometry": {
        "type": "Point",
        "coordinates": [
          5.2147864,
          51.852715
        ]
      },
      "id": "node/44091206"
    },
    {
      "type": "Feature",
      "properties": {
        "@id": "node/44092205",
        "highway": "motorway_junction",
        "name": "Knooppunt Ewijk"
      },
      "geometry": {
        "type": "Point",
        "coordinates": [
          5.7046306,
          51.8522518
        ]
      },
      "id": "node/44092205"
    },
    {
      "type": "Feature",
      "properties": {
        "@id": "node/44093253",
        "highway": "motorway_junction",
        "name": "Beuningen",
        "ref": "1",
        "source": "AND"
      },
      "geometry": {
        "type": "Point",
        "coordinates": [
          5.7399341,
          51.8525465
        ]
      },
      "id": "node/44093253"
    },
    {
      "type": "Feature",
      "properties": {
        "@id": "node/44094298",
        "highway": "motorway_junction",
        "name": "Knooppunt Gorinchem",
        "wikidata": "Q2504470",
        "wikipedia": "nl:Knooppunt Gorinchem"
      },
      "geometry": {
        "type": "Point",
        "coordinates": [
          4.9536566,
          51.8530009
        ]
      },
      "id": "node/44094298"
    },
    {
      "type": "Feature",
      "properties": {
        "@id": "node/44094450",
        "highway": "motorway_junction",
        "name": "Alblasserdam",
        "ref": "22",
        "wikidata": "Q19858852"
      },
      "geometry": {
        "type": "Point",
        "coordinates": [
          4.6742808,
          51.8525764
        ]
      },
      "id": "node/44094450"
    },
    {
      "type": "Feature",
      "properties": {
        "@id": "node/44107993",
        "highway": "motorway_junction",
        "name": "Hendrik-Ido-Ambacht",
        "ref": "21",
        "source": "AND",
        "wikidata": "Q19858843"
      },
      "geometry": {
        "type": "Point",
        "coordinates": [
          4.6202564,
          51.8563864
        ]
      },
      "id": "node/44107993"
    },
    {
      "type": "Feature",
      "properties": {
        "@id": "node/44108783",
        "highway": "motorway_junction",
        "name": "Knooppunt Ewijk"
      },
      "geometry": {
        "type": "Point",
        "coordinates": [
          5.7191596,
          51.8562407
        ]
      },
      "id": "node/44108783"
    },
    {
      "type": "Feature",
      "properties": {
        "@id": "node/44109079",
        "highway": "motorway_junction",
        "name": "Knooppunt Ridderkerk",
        "wikidata": "Q2661014",
        "wikipedia": "nl:Knooppunt Ridderkerk"
      },
      "geometry": {
        "type": "Point",
        "coordinates": [
          4.6105733,
          51.8566119
        ]
      },
      "id": "node/44109079"
    },
    {
      "type": "Feature",
      "properties": {
        "@id": "node/44109592",
        "highway": "motorway_junction",
        "name": "Hendrik-Ido-Ambacht",
        "ref": "21",
        "source": "AND",
        "wikidata": "Q19858843"
      },
      "geometry": {
        "type": "Point",
        "coordinates": [
          4.6331197,
          51.856716
        ]
      },
      "id": "node/44109592"
    },
    {
      "type": "Feature",
      "properties": {
        "@id": "node/44115960",
        "highway": "motorway_junction",
        "name": "Knooppunt Deil",
        "wikidata": "Q1842916",
        "wikipedia": "nl:Knooppunt Deil"
      },
      "geometry": {
        "type": "Point",
        "coordinates": [
          5.2429849,
          51.8583594
        ]
      },
      "id": "node/44115960"
    },
    {
      "type": "Feature",
      "properties": {
        "@id": "node/44117101",
        "highway": "motorway_junction",
        "name": "Meteren",
        "ref": "30a",
        "source": "AND",
        "wikidata": "Q96983307"
      },
      "geometry": {
        "type": "Point",
        "coordinates": [
          5.2763756,
          51.8586886
        ]
      },
      "id": "node/44117101"
    },
    {
      "type": "Feature",
      "properties": {
        "@id": "node/44122799",
        "highway": "motorway_junction",
        "name": "Knooppunt Ewijk"
      },
      "geometry": {
        "type": "Point",
        "coordinates": [
          5.7045417,
          51.8604336
        ]
      },
      "id": "node/44122799"
    },
    {
      "type": "Feature",
      "properties": {
        "@id": "node/44129659",
        "highway": "motorway_junction",
        "name": "Geldermalsen",
        "ref": "30",
        "wikidata": "Q96983276"
      },
      "geometry": {
        "type": "Point",
        "coordinates": [
          5.3113475,
          51.8615467
        ]
      },
      "id": "node/44129659"
    },
    {
      "type": "Feature",
      "properties": {
        "@id": "node/44130602",
        "highway": "motorway_junction",
        "name": "Knooppunt Vaanplein"
      },
      "geometry": {
        "type": "Point",
        "coordinates": [
          4.5162484,
          51.8595435
        ]
      },
      "id": "node/44130602"
    },
    {
      "type": "Feature",
      "properties": {
        "@id": "node/44133216",
        "highway": "motorway_junction",
        "name": "Rotterdam-Zuidplein",
        "ref": "19a"
      },
      "geometry": {
        "type": "Point",
        "coordinates": [
          4.5168274,
          51.862805
        ]
      },
      "id": "node/44133216"
    },
    {
      "type": "Feature",
      "properties": {
        "@id": "node/44136033",
        "highway": "motorway_junction",
        "name": "Geldermalsen",
        "ref": "30",
        "wikidata": "Q96983276"
      },
      "geometry": {
        "type": "Point",
        "coordinates": [
          5.3189619,
          51.8633878
        ]
      },
      "id": "node/44136033"
    },
    {
      "type": "Feature",
      "properties": {
        "@id": "node/44138239",
        "highway": "motorway_junction",
        "name": "Knooppunt Ewijk"
      },
      "geometry": {
        "type": "Point",
        "coordinates": [
          5.7179894,
          51.8638043
        ]
      },
      "id": "node/44138239"
    },
    {
      "type": "Feature",
      "properties": {
        "@id": "node/44140776",
        "highway": "motorway_junction",
        "name": "Knooppunt Ridderkerk"
      },
      "geometry": {
        "type": "Point",
        "coordinates": [
          4.5452991,
          51.8648724
        ]
      },
      "id": "node/44140776"
    },
    {
      "type": "Feature",
      "properties": {
        "@id": "node/44143921",
        "highway": "motorway_junction",
        "name": "Rotterdam-IJsselmonde",
        "ref": "20"
      },
      "geometry": {
        "type": "Point",
        "coordinates": [
          4.5489312,
          51.8657262
        ]
      },
      "id": "node/44143921"
    },
    {
      "type": "Feature",
      "properties": {
        "@id": "node/44144731",
        "highway": "motorway_junction",
        "name": "Rotterdam-Zuidplein",
        "ref": "19a",
        "source": "AND"
      },
      "geometry": {
        "type": "Point",
        "coordinates": [
          4.5250799,
          51.8648337
        ]
      },
      "id": "node/44144731"
    },
    {
      "type": "Feature",
      "properties": {
        "@id": "node/44144875",
        "highway": "motorway_junction",
        "name": "Knooppunt Deil",
        "wikidata": "Q1842916",
        "wikipedia": "nl:Knooppunt Deil"
      },
      "geometry": {
        "type": "Point",
        "coordinates": [
          5.2219037,
          51.8644405
        ]
      },
      "id": "node/44144875"
    },
    {
      "type": "Feature",
      "properties": {
        "@id": "node/44151140",
        "highway": "motorway_junction",
        "name": "Havens 4100-5200",
        "ref": "15"
      },
      "geometry": {
        "type": "Point",
        "coordinates": [
          4.2844452,
          51.867666
        ]
      },
      "id": "node/44151140"
    },
    {
      "type": "Feature",
      "properties": {
        "@id": "node/44152744",
        "highway": "motorway_junction",
        "name": "Rotterdam-IJsselmonde",
        "ref": "20",
        "source": "AND"
      },
      "geometry": {
        "type": "Point",
        "coordinates": [
          4.5529493,
          51.8679945
        ]
      },
      "id": "node/44152744"
    },
    {
      "type": "Feature",
      "properties": {
        "@id": "node/44153479",
        "highway": "motorway_junction",
        "name": "Spijkenisse",
        "ref": "16"
      },
      "geometry": {
        "type": "Point",
        "coordinates": [
          4.3006917,
          51.8681459
        ]
      },
      "id": "node/44153479"
    },
    {
      "type": "Feature",
      "properties": {
        "@id": "node/44155110",
        "highway": "motorway_junction",
        "name": "Havens 4100-5200",
        "ref": "15"
      },
      "geometry": {
        "type": "Point",
        "coordinates": [
          4.2714263,
          51.8685711
        ]
      },
      "id": "node/44155110"
    },
    {
      "type": "Feature",
      "properties": {
        "@id": "node/44156963",
        "highway": "motorway_junction",
        "name": "Rotterdam-Charlois",
        "ref": "19"
      },
      "geometry": {
        "type": "Point",
        "coordinates": [
          4.4333732,
          51.8690795
        ]
      },
      "id": "node/44156963"
    },
    {
      "type": "Feature",
      "properties": {
        "@id": "node/44159129",
        "highway": "motorway_junction",
        "name": "Spijkenisse",
        "ref": "16",
        "source": "AND"
      },
      "geometry": {
        "type": "Point",
        "coordinates": [
          4.3167145,
          51.8696894
        ]
      },
      "id": "node/44159129"
    },
    {
      "type": "Feature",
      "properties": {
        "@id": "node/44160799",
        "highway": "motorway_junction",
        "name": "Spijkenisse",
        "ref": "16",
        "source": "AND"
      },
      "geometry": {
        "type": "Point",
        "coordinates": [
          4.3163391,
          51.8698194
        ]
      },
      "id": "node/44160799"
    },
    {
      "type": "Feature",
      "properties": {
        "@id": "node/44163705",
        "highway": "motorway_junction",
        "name": "Knooppunt Vaanplein",
        "source": "AND"
      },
      "geometry": {
        "type": "Point",
        "coordinates": [
          4.5151156,
          51.8691838
        ]
      },
      "id": "node/44163705"
    },
    {
      "type": "Feature",
      "properties": {
        "@id": "node/44165955",
        "highway": "motorway_junction",
        "name": "Druten"
      },
      "geometry": {
        "type": "Point",
        "coordinates": [
          5.6199635,
          51.8711066
        ]
      },
      "id": "node/44165955"
    },
    {
      "type": "Feature",
      "properties": {
        "@id": "node/44166746",
        "highway": "motorway_junction",
        "name": "Deest"
      },
      "geometry": {
        "type": "Point",
        "coordinates": [
          5.6675291,
          51.8710773
        ]
      },
      "id": "node/44166746"
    },
    {
      "type": "Feature",
      "properties": {
        "@id": "node/44170831",
        "highway": "motorway_junction",
        "name": "Deest"
      },
      "geometry": {
        "type": "Point",
        "coordinates": [
          5.6611984,
          51.8721236
        ]
      },
      "id": "node/44170831"
    },
    {
      "type": "Feature",
      "properties": {
        "@id": "node/44171855",
        "highway": "motorway_junction",
        "name": "Hoogvliet",
        "ref": "17"
      },
      "geometry": {
        "type": "Point",
        "coordinates": [
          4.3373154,
          51.8718436
        ]
      },
      "id": "node/44171855"
    },
    {
      "type": "Feature",
      "properties": {
        "@id": "node/44171879",
        "highway": "motorway_junction",
        "name": "Rotterdam-Heijplaat",
        "ref": "18"
      },
      "geometry": {
        "type": "Point",
        "coordinates": [
          4.420714,
          51.8719479
        ]
      },
      "id": "node/44171879"
    },
    {
      "type": "Feature",
      "properties": {
        "@id": "node/44176942",
        "highway": "motorway_junction",
        "name": "Wadenoijen",
        "ref": "31",
        "source": "AND"
      },
      "geometry": {
        "type": "Point",
        "coordinates": [
          5.3484551,
          51.8752411
        ]
      },
      "id": "node/44176942"
    },
    {
      "type": "Feature",
      "properties": {
        "@id": "node/44176974",
        "highway": "motorway_junction",
        "name": "Wadenoijen",
        "ref": "31"
      },
      "geometry": {
        "type": "Point",
        "coordinates": [
          5.3446278,
          51.8731131
        ]
      },
      "id": "node/44176974"
    },
    {
      "type": "Feature",
      "properties": {
        "@id": "node/44177139",
        "highway": "motorway_junction",
        "name": "Knooppunt Benelux"
      },
      "geometry": {
        "type": "Point",
        "coordinates": [
          4.4114442,
          51.8734299
        ]
      },
      "id": "node/44177139"
    },
    {
      "type": "Feature",
      "properties": {
        "@id": "node/44177629",
        "highway": "motorway_junction"
      },
      "geometry": {
        "type": "Point",
        "coordinates": [
          4.5124366,
          51.8737681
        ]
      },
      "id": "node/44177629"
    },
    {
      "type": "Feature",
      "properties": {
        "@id": "node/44195907",
        "highway": "motorway_junction",
        "name": "Pernis",
        "ref": "17a"
      },
      "geometry": {
        "type": "Point",
        "coordinates": [
          4.384178,
          51.8770627
        ]
      },
      "id": "node/44195907"
    },
    {
      "type": "Feature",
      "properties": {
        "@id": "node/44196781",
        "highway": "motorway_junction",
        "name": "Geldermalsen",
        "ref": "15"
      },
      "geometry": {
        "type": "Point",
        "coordinates": [
          5.208976,
          51.8779228
        ]
      },
      "id": "node/44196781"
    },
    {
      "type": "Feature",
      "properties": {
        "@id": "node/44206856",
        "highway": "motorway_junction",
        "name": "Knooppunt Benelux",
        "source": "AND"
      },
      "geometry": {
        "type": "Point",
        "coordinates": [
          4.3830255,
          51.8810184
        ]
      },
      "id": "node/44206856"
    },
    {
      "type": "Feature",
      "properties": {
        "@id": "node/44209314",
        "highway": "motorway_junction",
        "name": "Knooppunt Ridderkerk"
      },
      "geometry": {
        "type": "Point",
        "coordinates": [
          4.5793839,
          51.8807288
        ]
      },
      "id": "node/44209314"
    },
    {
      "type": "Feature",
      "properties": {
        "@id": "node/44250237",
        "highway": "motorway_junction",
        "name": "Brielle"
      },
      "geometry": {
        "type": "Point",
        "coordinates": [
          4.1948097,
          51.8866556
        ]
      },
      "id": "node/44250237"
    },
    {
      "type": "Feature",
      "properties": {
        "@id": "node/44251274",
        "highway": "motorway_junction",
        "name": "Knooppunt Ressen"
      },
      "geometry": {
        "type": "Point",
        "coordinates": [
          5.8605248,
          51.888327
        ]
      },
      "id": "node/44251274"
    },
    {
      "type": "Feature",
      "properties": {
        "@id": "node/44259457",
        "highway": "motorway_junction",
        "name": "Tiel-West",
        "ref": "32",
        "source": "AND"
      },
      "geometry": {
        "type": "Point",
        "coordinates": [
          5.3799206,
          51.890276
        ]
      },
      "id": "node/44259457"
    },
    {
      "type": "Feature",
      "properties": {
        "@id": "node/44260928",
        "highway": "motorway_junction",
        "name": "Rotterdam-Feijenoord",
        "ref": "24",
        "source": "AND"
      },
      "geometry": {
        "type": "Point",
        "coordinates": [
          4.5621887,
          51.890381
        ]
      },
      "id": "node/44260928"
    },
    {
      "type": "Feature",
      "properties": {
        "@id": "node/44279035",
        "highway": "motorway_junction",
        "name": "Elst",
        "ref": "38"
      },
      "geometry": {
        "type": "Point",
        "coordinates": [
          5.8268416,
          51.8934526
        ]
      },
      "id": "node/44279035"
    },
    {
      "type": "Feature",
      "properties": {
        "@id": "node/44281462",
        "highway": "motorway_junction",
        "name": "Tiel-West",
        "ref": "32",
        "source": "AND"
      },
      "geometry": {
        "type": "Point",
        "coordinates": [
          5.3873288,
          51.893928
        ]
      },
      "id": "node/44281462"
    },
    {
      "type": "Feature",
      "properties": {
        "@id": "node/44282814",
        "highway": "motorway_junction",
        "name": "Elst",
        "ref": "38"
      },
      "geometry": {
        "type": "Point",
        "coordinates": [
          5.8440643,
          51.8943854
        ]
      },
      "id": "node/44282814"
    },
    {
      "type": "Feature",
      "properties": {
        "@id": "node/44286623",
        "highway": "motorway_junction",
        "name": "Rozenburg-Centrum",
        "ref": "14",
        "wikidata": "Q97037910"
      },
      "geometry": {
        "type": "Point",
        "coordinates": [
          4.2556492,
          51.8959629
        ]
      },
      "id": "node/44286623"
    },
    {
      "type": "Feature",
      "properties": {
        "@id": "node/44287425",
        "highway": "motorway_junction",
        "name": "Knooppunt Ressen"
      },
      "geometry": {
        "type": "Point",
        "coordinates": [
          5.8587329,
          51.8952639
        ]
      },
      "id": "node/44287425"
    },
    {
      "type": "Feature",
      "properties": {
        "@id": "node/44288707",
        "highway": "motorway_junction",
        "name": "Noordeloos",
        "ref": "25",
        "source": "AND"
      },
      "geometry": {
        "type": "Point",
        "coordinates": [
          4.9773329,
          51.8942552
        ]
      },
      "id": "node/44288707"
    },
    {
      "type": "Feature",
      "properties": {
        "@id": "node/44299057",
        "highway": "motorway_junction",
        "name": "Rotterdam-Feijenoord",
        "ref": "24",
        "source": "AND"
      },
      "geometry": {
        "type": "Point",
        "coordinates": [
          4.5477105,
          51.8981922
        ]
      },
      "id": "node/44299057"
    },
    {
      "type": "Feature",
      "properties": {
        "@id": "node/44299319",
        "highway": "motorway_junction",
        "name": "Knooppunt Ressen"
      },
      "geometry": {
        "type": "Point",
        "coordinates": [
          5.8757888,
          51.8982931
        ]
      },
      "id": "node/44299319"
    },
    {
      "type": "Feature",
      "properties": {
        "@id": "node/44302495",
        "highway": "motorway_junction",
        "name": "Beesd",
        "ref": "14"
      },
      "geometry": {
        "type": "Point",
        "coordinates": [
          5.1910376,
          51.898598
        ]
      },
      "id": "node/44302495"
    },
    {
      "type": "Feature",
      "properties": {
        "@id": "node/44308072",
        "highway": "motorway_junction",
        "name": "Brielse Maas-Noord"
      },
      "geometry": {
        "type": "Point",
        "coordinates": [
          4.2093301,
          51.9004132
        ]
      },
      "id": "node/44308072"
    },
    {
      "type": "Feature",
      "properties": {
        "@id": "node/44310867",
        "highway": "motorway_junction",
        "name": "Beesd",
        "ref": "14"
      },
      "geometry": {
        "type": "Point",
        "coordinates": [
          5.1896411,
          51.899509
        ]
      },
      "id": "node/44310867"
    },
    {
      "type": "Feature",
      "properties": {
        "@id": "node/44311745",
        "highway": "motorway_junction",
        "name": "Brielle",
        "note": "Afrit aan linkerkant",
        "ref": "12"
      },
      "geometry": {
        "type": "Point",
        "coordinates": [
          4.2233772,
          51.9008896
        ]
      },
      "id": "node/44311745"
    },
    {
      "type": "Feature",
      "properties": {
        "@id": "node/44312998",
        "highway": "motorway_junction",
        "name": "Brielse Maas-Noord"
      },
      "geometry": {
        "type": "Point",
        "coordinates": [
          4.2101318,
          51.90108
        ]
      },
      "id": "node/44312998"
    },
    {
      "type": "Feature",
      "properties": {
        "@id": "node/44313227",
        "highway": "motorway_junction",
        "name": "Noordeloos",
        "ref": "25",
        "source": "AND"
      },
      "geometry": {
        "type": "Point",
        "coordinates": [
          4.9796943,
          51.9006993
        ]
      },
      "id": "node/44313227"
    },
    {
      "type": "Feature",
      "properties": {
        "@id": "node/44313846",
        "highway": "motorway_junction",
        "name": "Knooppunt Valburg"
      },
      "geometry": {
        "type": "Point",
        "coordinates": [
          5.7591824,
          51.9016925
        ]
      },
      "id": "node/44313846"
    },
    {
      "type": "Feature",
      "properties": {
        "@id": "node/44313896",
        "highway": "motorway_junction",
        "name": "Tiel",
        "ref": "33"
      },
      "geometry": {
        "type": "Point",
        "coordinates": [
          5.438533,
          51.9013896
        ]
      },
      "id": "node/44313896"
    },
    {
      "type": "Feature",
      "properties": {
        "@id": "node/44314392",
        "highway": "motorway_junction",
        "name": "Rozenburg",
        "ref": "13"
      },
      "geometry": {
        "type": "Point",
        "coordinates": [
          4.2304483,
          51.9014241
        ]
      },
      "id": "node/44314392"
    },
    {
      "type": "Feature",
      "properties": {
        "@id": "node/44317540",
        "highway": "motorway_junction",
        "name": "Knooppunt Valburg"
      },
      "geometry": {
        "type": "Point",
        "coordinates": [
          5.7817246,
          51.9023775
        ]
      },
      "id": "node/44317540"
    },
    {
      "type": "Feature",
      "properties": {
        "@id": "node/44325156",
        "highway": "motorway_junction",
        "name": "Beek",
        "ref": "30"
      },
      "geometry": {
        "type": "Point",
        "coordinates": [
          6.1594169,
          51.9044939
        ]
      },
      "id": "node/44325156"
    },
    {
      "type": "Feature",
      "properties": {
        "@id": "node/44329110",
        "highway": "motorway_junction",
        "name": "Knooppunt Ressen"
      },
      "geometry": {
        "type": "Point",
        "coordinates": [
          5.8726718,
          51.9064707
        ]
      },
      "id": "node/44329110"
    },
    {
      "type": "Feature",
      "properties": {
        "@id": "node/44336174",
        "highway": "motorway_junction",
        "name": "Brielle",
        "ref": "12+13",
        "source": "AND"
      },
      "geometry": {
        "type": "Point",
        "coordinates": [
          4.2005808,
          51.9087677
        ]
      },
      "id": "node/44336174"
    },
    {
      "type": "Feature",
      "properties": {
        "@id": "node/44341727",
        "highway": "motorway_junction",
        "layer": "2",
        "name": "Vlaardingen-Oost",
        "ref": "16",
        "source": "AND"
      },
      "geometry": {
        "type": "Point",
        "coordinates": [
          4.3708418,
          51.9092088
        ]
      },
      "id": "node/44341727"
    },
    {
      "type": "Feature",
      "properties": {
        "@id": "node/44346345",
        "highway": "motorway_junction",
        "name": "Beek",
        "ref": "30",
        "source": "AND"
      },
      "geometry": {
        "type": "Point",
        "coordinates": [
          6.1501163,
          51.9094673
        ]
      },
      "id": "node/44346345"
    },
    {
      "type": "Feature",
      "properties": {
        "@id": "node/44354686",
        "highway": "motorway_junction",
        "name": "Echteld",
        "ref": "34",
        "source": "AND"
      },
      "geometry": {
        "type": "Point",
        "coordinates": [
          5.4810353,
          51.9107038
        ]
      },
      "id": "node/44354686"
    },
    {
      "type": "Feature",
      "properties": {
        "@id": "node/44355197",
        "highway": "motorway_junction",
        "name": "Capelle aan den IJssel",
        "ref": "25",
        "source": "AND"
      },
      "geometry": {
        "type": "Point",
        "coordinates": [
          4.5380469,
          51.9112595
        ]
      },
      "id": "node/44355197"
    },
    {
      "type": "Feature",
      "properties": {
        "@id": "node/44363257",
        "highway": "motorway_junction",
        "name": "Vlaardingen-Oost",
        "ref": "16",
        "source": "AND"
      },
      "geometry": {
        "type": "Point",
        "coordinates": [
          4.3685546,
          51.9119663
        ]
      },
      "id": "node/44363257"
    },
    {
      "type": "Feature",
      "properties": {
        "@id": "node/44364565",
        "highway": "motorway_junction",
        "name": "Knooppunt Valburg"
      },
      "geometry": {
        "type": "Point",
        "coordinates": [
          5.7557323,
          51.9131892
        ]
      },
      "id": "node/44364565"
    },
    {
      "type": "Feature",
      "properties": {
        "@id": "node/44369786",
        "highway": "motorway_junction",
        "name": "Elst"
      },
      "geometry": {
        "type": "Point",
        "coordinates": [
          5.8742174,
          51.9143305
        ]
      },
      "id": "node/44369786"
    },
    {
      "type": "Feature",
      "properties": {
        "@id": "node/44371498",
        "highway": "motorway_junction",
        "name": "Fascinatio"
      },
      "geometry": {
        "type": "Point",
        "coordinates": [
          4.5418053,
          51.9146456
        ]
      },
      "id": "node/44371498"
    },
    {
      "type": "Feature",
      "properties": {
        "@id": "node/44375000",
        "highway": "motorway_junction",
        "name": "Fascinatio"
      },
      "geometry": {
        "type": "Point",
        "coordinates": [
          4.5504152,
          51.9152907
        ]
      },
      "id": "node/44375000"
    },
    {
      "type": "Feature",
      "properties": {
        "@id": "node/44378054",
        "highway": "motorway_junction",
        "name": "Echteld",
        "ref": "34"
      },
      "geometry": {
        "type": "Point",
        "coordinates": [
          5.4912613,
          51.9150718
        ]
      },
      "id": "node/44378054"
    },
    {
      "type": "Feature",
      "properties": {
        "@id": "node/44378583",
        "highway": "motorway_junction",
        "name": "Knooppunt Valburg"
      },
      "geometry": {
        "type": "Point",
        "coordinates": [
          5.7719477,
          51.9163145
        ]
      },
      "id": "node/44378583"
    },
    {
      "type": "Feature",
      "properties": {
        "@id": "node/44378701",
        "highway": "motorway_junction",
        "name": "Andelst",
        "ref": "37",
        "source": "AND"
      },
      "geometry": {
        "type": "Point",
        "coordinates": [
          5.7236661,
          51.9157879
        ]
      },
      "id": "node/44378701"
    },
    {
      "type": "Feature",
      "properties": {
        "@id": "node/44380499",
        "highway": "motorway_junction",
        "name": "Andelst",
        "ref": "37",
        "source": "AND"
      },
      "geometry": {
        "type": "Point",
        "coordinates": [
          5.7310611,
          51.9160811
        ]
      },
      "id": "node/44380499"
    },
    {
      "type": "Feature",
      "properties": {
        "@id": "node/44383327",
        "highway": "motorway_junction",
        "name": "Knooppunt Oud-Dijk",
        "source": "AND"
      },
      "geometry": {
        "type": "Point",
        "coordinates": [
          6.134475,
          51.9170394
        ]
      },
      "id": "node/44383327"
    },
    {
      "type": "Feature",
      "properties": {
        "@id": "node/44386938",
        "highway": "motorway_junction",
        "name": "Vlaardingen-West",
        "ref": "8",
        "source": "AND"
      },
      "geometry": {
        "type": "Point",
        "coordinates": [
          4.3261725,
          51.9173843
        ]
      },
      "id": "node/44386938"
    },
    {
      "type": "Feature",
      "properties": {
        "@id": "node/44387548",
        "highway": "motorway_junction",
        "name": "Capelle-West"
      },
      "geometry": {
        "type": "Point",
        "coordinates": [
          4.5769867,
          51.9174393
        ]
      },
      "id": "node/44387548"
    },
    {
      "type": "Feature",
      "properties": {
        "@id": "node/44390230",
        "highway": "motorway_junction",
        "name": "Rijskade"
      },
      "geometry": {
        "type": "Point",
        "coordinates": [
          4.3186045,
          51.9182425
        ]
      },
      "id": "node/44390230"
    },
    {
      "type": "Feature",
      "properties": {
        "@id": "node/44391600",
        "highway": "motorway_junction",
        "name": "Elst"
      },
      "geometry": {
        "type": "Point",
        "coordinates": [
          5.8748357,
          51.919202
        ]
      },
      "id": "node/44391600"
    },
    {
      "type": "Feature",
      "properties": {
        "@id": "node/44394899",
        "highway": "motorway_junction",
        "name": "Vlaardingen-West",
        "ref": "8",
        "source": "AND"
      },
      "geometry": {
        "type": "Point",
        "coordinates": [
          4.3354223,
          51.9192266
        ]
      },
      "id": "node/44394899"
    },
    {
      "type": "Feature",
      "properties": {
        "@id": "node/44395288",
        "highway": "motorway_junction",
        "name": "Havens 5500-5700",
        "ref": "11",
        "source": "AND"
      },
      "geometry": {
        "type": "Point",
        "coordinates": [
          4.1819422,
          51.918036
        ]
      },
      "id": "node/44395288"
    },
    {
      "type": "Feature",
      "properties": {
        "@id": "node/44396894",
        "highway": "motorway_junction",
        "name": "Ochten",
        "ref": "35"
      },
      "geometry": {
        "type": "Point",
        "coordinates": [
          5.5725379,
          51.9197822
        ]
      },
      "id": "node/44396894"
    },
    {
      "type": "Feature",
      "properties": {
        "@id": "node/44397464",
        "highway": "motorway_junction",
        "name": "Capelle aan den IJssel",
        "ref": "25",
        "source": "AND"
      },
      "geometry": {
        "type": "Point",
        "coordinates": [
          4.5344671,
          51.9201386
        ]
      },
      "id": "node/44397464"
    },
    {
      "type": "Feature",
      "properties": {
        "@id": "node/44402529",
        "highway": "motorway_junction",
        "name": "Vlaardingen",
        "ref": "9",
        "source": "AND"
      },
      "geometry": {
        "type": "Point",
        "coordinates": [
          4.3426818,
          51.9208108
        ]
      },
      "id": "node/44402529"
    },
    {
      "type": "Feature",
      "properties": {
        "@id": "node/44402942",
        "highway": "motorway_junction",
        "name": "Dodewaard",
        "ref": "36",
        "source": "AND"
      },
      "geometry": {
        "type": "Point",
        "coordinates": [
          5.6367617,
          51.921263
        ]
      },
      "id": "node/44402942"
    },
    {
      "type": "Feature",
      "properties": {
        "@id": "node/44406962",
        "highway": "motorway_junction",
        "name": "Knooppunt Kethelplein"
      },
      "geometry": {
        "type": "Point",
        "coordinates": [
          4.36631,
          51.9218233
        ]
      },
      "id": "node/44406962"
    },
    {
      "type": "Feature",
      "properties": {
        "@id": "node/44409789",
        "highway": "motorway_junction",
        "name": "Rotterdam-Delfshaven",
        "ref": "12",
        "source": "AND"
      },
      "geometry": {
        "type": "Point",
        "coordinates": [
          4.4142656,
          51.9225115
        ]
      },
      "id": "node/44409789"
    },
    {
      "type": "Feature",
      "properties": {
        "@id": "node/44409874",
        "highway": "motorway_junction",
        "name": "Rotterdam-Kralingen",
        "ref": "26",
        "source": "AND"
      },
      "geometry": {
        "type": "Point",
        "coordinates": [
          4.5368463,
          51.922672
        ]
      },
      "id": "node/44409874"
    },
    {
      "type": "Feature",
      "properties": {
        "@id": "node/44412842",
        "highway": "motorway_junction",
        "name": "Vlaardingen",
        "ref": "9",
        "source": "AND"
      },
      "geometry": {
        "type": "Point",
        "coordinates": [
          4.3520341,
          51.9231873
        ]
      },
      "id": "node/44412842"
    },
    {
      "type": "Feature",
      "properties": {
        "@id": "node/44415297",
        "highway": "motorway_junction",
        "name": "Maassluis",
        "ref": "7",
        "source": "AND"
      },
      "geometry": {
        "type": "Point",
        "coordinates": [
          4.2766218,
          51.9235974
        ]
      },
      "id": "node/44415297"
    },
    {
      "type": "Feature",
      "properties": {
        "@id": "node/44421034",
        "highway": "motorway_junction",
        "name": "Rotterdam-Delfshaven",
        "ref": "12"
      },
      "geometry": {
        "type": "Point",
        "coordinates": [
          4.4215614,
          51.9244053
        ]
      },
      "id": "node/44421034"
    },
    {
      "type": "Feature",
      "properties": {
        "@id": "node/44421242",
        "highway": "motorway_junction",
        "name": "Knooppunt Kethelplein",
        "source": "AND"
      },
      "geometry": {
        "type": "Point",
        "coordinates": [
          4.3586835,
          51.9246339
        ]
      },
      "id": "node/44421242"
    },
    {
      "type": "Feature",
      "properties": {
        "@id": "node/44421348",
        "highway": "motorway_junction",
        "name": "Didam",
        "ref": "1",
        "source": "AND"
      },
      "geometry": {
        "type": "Point",
        "coordinates": [
          6.1536265,
          51.9242091
        ]
      },
      "id": "node/44421348"
    },
    {
      "type": "Feature",
      "properties": {
        "@id": "node/44421915",
        "highway": "motorway_junction",
        "name": "Havens 5500-5700",
        "ref": "11",
        "source": "AND"
      },
      "geometry": {
        "type": "Point",
        "coordinates": [
          4.1740494,
          51.9246065
        ]
      },
      "id": "node/44421915"
    },
    {
      "type": "Feature",
      "properties": {
        "@id": "node/44427329",
        "highway": "motorway_junction",
        "name": "Schiedam-Noord",
        "ref": "10",
        "source": "AND"
      },
      "geometry": {
        "type": "Point",
        "coordinates": [
          4.374713,
          51.925978
        ]
      },
      "id": "node/44427329"
    },
    {
      "type": "Feature",
      "properties": {
        "@id": "node/44429449",
        "highway": "motorway_junction",
        "name": "Schiedam",
        "ref": "11",
        "source": "AND"
      },
      "geometry": {
        "type": "Point",
        "coordinates": [
          4.4014696,
          51.9264882
        ]
      },
      "id": "node/44429449"
    },
    {
      "type": "Feature",
      "properties": {
        "@id": "node/44429809",
        "highway": "motorway_junction",
        "name": "Culemborg",
        "ref": "13"
      },
      "geometry": {
        "type": "Point",
        "coordinates": [
          5.1677873,
          51.925968
        ]
      },
      "id": "node/44429809"
    },
    {
      "type": "Feature",
      "properties": {
        "@id": "node/44432925",
        "highway": "motorway_junction"
      },
      "geometry": {
        "type": "Point",
        "coordinates": [
          4.3676517,
          51.927071
        ]
      },
      "id": "node/44432925"
    },
    {
      "type": "Feature",
      "properties": {
        "@id": "node/44433132",
        "highway": "motorway_junction",
        "name": "Didam",
        "ref": "1"
      },
      "geometry": {
        "type": "Point",
        "coordinates": [
          6.1581886,
          51.9269609
        ]
      },
      "id": "node/44433132"
    },
    {
      "type": "Feature",
      "properties": {
        "@id": "node/44434872",
        "highway": "motorway_junction",
        "name": "Knooppunt Slufter",
        "wikidata": "Q93220143",
        "wikipedia": "nl:Knooppunt Slufter"
      },
      "geometry": {
        "type": "Point",
        "coordinates": [
          4.0444765,
          51.9280389
        ]
      },
      "id": "node/44434872"
    },
    {
      "type": "Feature",
      "properties": {
        "@id": "node/44440194",
        "highway": "motorway_junction",
        "name": "Rotterdam-Overschie",
        "ref": "13"
      },
      "geometry": {
        "type": "Point",
        "coordinates": [
          4.433478,
          51.9291236
        ]
      },
      "id": "node/44440194"
    },
    {
      "type": "Feature",
      "properties": {
        "@id": "node/44440724",
        "highway": "motorway_junction",
        "name": "Rotterdam-Kralingen",
        "ref": "26",
        "source": "AND"
      },
      "geometry": {
        "type": "Point",
        "coordinates": [
          4.5382276,
          51.9288493
        ]
      },
      "id": "node/44440724"
    },
    {
      "type": "Feature",
      "properties": {
        "@id": "node/44449398",
        "highway": "motorway_junction",
        "name": "Knooppunt Kleinpolderplein",
        "source": "AND"
      },
      "geometry": {
        "type": "Point",
        "coordinates": [
          4.4365176,
          51.9303632
        ]
      },
      "id": "node/44449398"
    },
    {
      "type": "Feature",
      "properties": {
        "@id": "node/44459346",
        "highway": "motorway_junction",
        "name": "Oostvoorne",
        "ref": "8"
      },
      "geometry": {
        "type": "Point",
        "coordinates": [
          4.0979172,
          51.9320879
        ]
      },
      "id": "node/44459346"
    },
    {
      "type": "Feature",
      "properties": {
        "@id": "node/44467357",
        "highway": "motorway_junction",
        "name": "Havens 5700-6200",
        "ref": "10"
      },
      "geometry": {
        "type": "Point",
        "coordinates": [
          4.1564998,
          51.9335837
        ]
      },
      "id": "node/44467357"
    },
    {
      "type": "Feature",
      "properties": {
        "@id": "node/44473124",
        "highway": "motorway_junction",
        "name": "Rotterdam-Overschie",
        "ref": "13",
        "source": "AND"
      },
      "geometry": {
        "type": "Point",
        "coordinates": [
          4.434201,
          51.9348597
        ]
      },
      "id": "node/44473124"
    },
    {
      "type": "Feature",
      "properties": {
        "@id": "node/44474712",
        "highway": "motorway_junction",
        "name": "Oostvoorne",
        "ref": "8"
      },
      "geometry": {
        "type": "Point",
        "coordinates": [
          4.1056202,
          51.9346981
        ]
      },
      "id": "node/44474712"
    },
    {
      "type": "Feature",
      "properties": {
        "@id": "node/44476443",
        "highway": "motorway_junction",
        "name": "Knooppunt Kleinpolderplein"
      },
      "geometry": {
        "type": "Point",
        "coordinates": [
          4.4493138,
          51.9349896
        ]
      },
      "id": "node/44476443"
    },
    {
      "type": "Feature",
      "properties": {
        "@id": "node/44478198",
        "highway": "motorway_junction",
        "name": "Knooppunt Kleinpolderplein",
        "source": "AND"
      },
      "geometry": {
        "type": "Point",
        "coordinates": [
          4.4322056,
          51.9365381
        ]
      },
      "id": "node/44478198"
    },
    {
      "type": "Feature",
      "properties": {
        "@id": "node/44484007",
        "highway": "motorway_junction",
        "name": "Rotterdam-Noord",
        "ref": "14",
        "source": "AND",
        "wikidata": "Q97012386"
      },
      "geometry": {
        "type": "Point",
        "coordinates": [
          4.4560123,
          51.9364579
        ]
      },
      "id": "node/44484007"
    },
    {
      "type": "Feature",
      "properties": {
        "@id": "node/44485510",
        "highway": "motorway_junction",
        "name": "Zevenaar",
        "ref": "29",
        "source": "AND"
      },
      "geometry": {
        "type": "Point",
        "coordinates": [
          6.093754,
          51.9369
        ]
      },
      "id": "node/44485510"
    },
    {
      "type": "Feature",
      "properties": {
        "@id": "node/44501592",
        "highway": "motorway_junction",
        "name": "Havens 6200-7000",
        "ref": "9"
      },
      "geometry": {
        "type": "Point",
        "coordinates": [
          4.1091259,
          51.9399919
        ]
      },
      "id": "node/44501592"
    },
    {
      "type": "Feature",
      "properties": {
        "@id": "node/44505707",
        "highway": "motorway_junction",
        "name": "Everdingen",
        "ref": "12",
        "source": "AND"
      },
      "geometry": {
        "type": "Point",
        "coordinates": [
          5.1502513,
          51.9401142
        ]
      },
      "id": "node/44505707"
    },
    {
      "type": "Feature",
      "properties": {
        "@id": "node/44506899",
        "highway": "motorway_junction",
        "name": "Heteren",
        "ref": "18",
        "source": "AND"
      },
      "geometry": {
        "type": "Point",
        "coordinates": [
          5.7664756,
          51.9411558
        ]
      },
      "id": "node/44506899"
    },
    {
      "type": "Feature",
      "properties": {
        "@id": "node/44514478",
        "highway": "motorway_junction",
        "name": "Everdingen",
        "ref": "12"
      },
      "geometry": {
        "type": "Point",
        "coordinates": [
          5.1454912,
          51.9425947
        ]
      },
      "id": "node/44514478"
    },
    {
      "type": "Feature",
      "properties": {
        "@id": "node/44519835",
        "highway": "motorway_junction",
        "name": "Doetinchem",
        "ref": "3",
        "source": "AND"
      },
      "geometry": {
        "type": "Point",
        "coordinates": [
          6.2740881,
          51.9434385
        ]
      },
      "id": "node/44519835"
    },
    {
      "type": "Feature",
      "properties": {
        "@id": "node/44520236",
        "highway": "motorway_junction",
        "name": "Doetinchem",
        "ref": "3"
      },
      "geometry": {
        "type": "Point",
        "coordinates": [
          6.2732875,
          51.9435339
        ]
      },
      "id": "node/44520236"
    },
    {
      "type": "Feature",
      "properties": {
        "@id": "node/44521253",
        "highway": "motorway_junction",
        "name": "Zevenaar",
        "ref": "29",
        "source": "AND"
      },
      "geometry": {
        "type": "Point",
        "coordinates": [
          6.0775735,
          51.9443453
        ]
      },
      "id": "node/44521253"
    },
    {
      "type": "Feature",
      "properties": {
        "@id": "node/44525447",
        "highway": "motorway_junction",
        "name": "Wehl",
        "ref": "2",
        "source": "AND"
      },
      "geometry": {
        "type": "Point",
        "coordinates": [
          6.2136456,
          51.9444909
        ]
      },
      "id": "node/44525447"
    },
    {
      "type": "Feature",
      "properties": {
        "@id": "node/44525560",
        "highway": "motorway_junction",
        "name": "Doetinchem-Oost",
        "ref": "4",
        "source": "AND"
      },
      "geometry": {
        "type": "Point",
        "coordinates": [
          6.3023067,
          51.9444774
        ]
      },
      "id": "node/44525560"
    },
    {
      "type": "Feature",
      "properties": {
        "@id": "node/44526908",
        "highway": "motorway_junction",
        "name": "Wehl",
        "ref": "2",
        "source": "AND"
      },
      "geometry": {
        "type": "Point",
        "coordinates": [
          6.2196794,
          51.944858
        ]
      },
      "id": "node/44526908"
    },
    {
      "type": "Feature",
      "properties": {
        "@id": "node/44528066",
        "highway": "motorway_junction",
        "name": "Heteren",
        "ref": "18",
        "source": "AND"
      },
      "geometry": {
        "type": "Point",
        "coordinates": [
          5.7654792,
          51.9448501
        ]
      },
      "id": "node/44528066"
    },
    {
      "type": "Feature",
      "properties": {
        "@id": "node/44543693",
        "highway": "motorway_junction",
        "name": "Knooppunt Terbregseplein",
        "wikidata": "Q5817040",
        "wikipedia": "nl:Knooppunt Terbregseplein"
      },
      "geometry": {
        "type": "Point",
        "coordinates": [
          4.5164258,
          51.9478031
        ]
      },
      "id": "node/44543693"
    },
    {
      "type": "Feature",
      "properties": {
        "@id": "node/44544344",
        "highway": "motorway_junction",
        "name": "Elden",
        "source": "AND"
      },
      "geometry": {
        "type": "Point",
        "coordinates": [
          5.87894,
          51.9481902
        ]
      },
      "id": "node/44544344"
    },
    {
      "type": "Feature",
      "properties": {
        "@id": "node/44547308",
        "highway": "motorway_junction",
        "name": "Rotterdam-Airport",
        "ref": "11",
        "source": "Mapillary",
        "wikidata": "Q20031626"
      },
      "geometry": {
        "type": "Point",
        "coordinates": [
          4.4195023,
          51.9478979
        ]
      },
      "id": "node/44547308"
    },
    {
      "type": "Feature",
      "properties": {
        "@id": "node/44552474",
        "highway": "motorway_junction",
        "name": "Maasdijk-Oost",
        "ref": "6"
      },
      "geometry": {
        "type": "Point",
        "coordinates": [
          4.2334934,
          51.9498296
        ]
      },
      "id": "node/44552474"
    },
    {
      "type": "Feature",
      "properties": {
        "@id": "node/44564644",
        "highway": "motorway_junction",
        "name": "Rotterdam-Airport",
        "ref": "11",
        "source": "Mapillary",
        "wikidata": "Q20031626"
      },
      "geometry": {
        "type": "Point",
        "coordinates": [
          4.4143792,
          51.9523127
        ]
      },
      "id": "node/44564644"
    },
    {
      "type": "Feature",
      "properties": {
        "@id": "node/44570005",
        "highway": "motorway_junction",
        "name": "Elden",
        "source": "AND"
      },
      "geometry": {
        "type": "Point",
        "coordinates": [
          5.8802603,
          51.9535089
        ]
      },
      "id": "node/44570005"
    },
    {
      "type": "Feature",
      "properties": {
        "@id": "node/44572346",
        "highway": "motorway_junction",
        "name": "Lexmond",
        "ref": "26",
        "source": "AND"
      },
      "geometry": {
        "type": "Point",
        "coordinates": [
          5.0209303,
          51.9532673
        ]
      },
      "id": "node/44572346"
    },
    {
      "type": "Feature",
      "properties": {
        "@id": "node/44573645",
        "highway": "motorway_junction",
        "name": "Rotterdam-Prins Alexander",
        "ref": "16",
        "wikidata": "Q2132831",
        "wikipedia": "nl:Prins Alexander (stadsdeel)"
      },
      "geometry": {
        "type": "Point",
        "coordinates": [
          4.5547247,
          51.9541454
        ]
      },
      "id": "node/44573645"
    },
    {
      "type": "Feature",
      "properties": {
        "@id": "node/44581831",
        "highway": "motorway_junction",
        "name": "Lexmond",
        "ref": "26"
      },
      "geometry": {
        "type": "Point",
        "coordinates": [
          5.0361597,
          51.955678
        ]
      },
      "id": "node/44581831"
    },
    {
      "type": "Feature",
      "properties": {
        "@id": "node/44584780",
        "highway": "motorway_junction",
        "name": "Huissen"
      },
      "geometry": {
        "type": "Point",
        "coordinates": [
          5.9257395,
          51.9562031
        ]
      },
      "id": "node/44584780"
    },
    {
      "type": "Feature",
      "properties": {
        "@id": "node/44585363",
        "highway": "motorway_junction",
        "name": "Huissen"
      },
      "geometry": {
        "type": "Point",
        "coordinates": [
          5.9278948,
          51.9562936
        ]
      },
      "id": "node/44585363"
    },
    {
      "type": "Feature",
      "properties": {
        "@id": "node/44586788",
        "highway": "motorway_junction",
        "name": "Maasdijk-Oost",
        "ref": "6"
      },
      "geometry": {
        "type": "Point",
        "coordinates": [
          4.2307753,
          51.9565938
        ]
      },
      "id": "node/44586788"
    },
    {
      "type": "Feature",
      "properties": {
        "@id": "node/44593522",
        "highway": "motorway_junction",
        "name": "Arnhem-Kronenburg"
      },
      "geometry": {
        "type": "Point",
        "coordinates": [
          5.9072793,
          51.957897
        ]
      },
      "id": "node/44593522"
    },
    {
      "type": "Feature",
      "properties": {
        "@id": "node/44599284",
        "highway": "motorway_junction",
        "name": "Rotterdam-Prins Alexander",
        "ref": "16"
      },
      "geometry": {
        "type": "Point",
        "coordinates": [
          4.5703059,
          51.9584548
        ]
      },
      "id": "node/44599284"
    },
    {
      "type": "Feature",
      "properties": {
        "@id": "node/44602907",
        "highway": "motorway_junction",
        "name": "Elden-Noord"
      },
      "geometry": {
        "type": "Point",
        "coordinates": [
          5.8923785,
          51.9602932
        ]
      },
      "id": "node/44602907"
    },
    {
      "type": "Feature",
      "properties": {
        "@id": "node/44609671",
        "highway": "motorway_junction",
        "name": "Duiven",
        "ref": "28",
        "source": "AND"
      },
      "geometry": {
        "type": "Point",
        "coordinates": [
          6.0233388,
          51.9608551
        ]
      },
      "id": "node/44609671"
    },
    {
      "type": "Feature",
      "properties": {
        "@id": "node/44610297",
        "highway": "motorway_junction",
        "name": "Arnhem-Kronenburg"
      },
      "geometry": {
        "type": "Point",
        "coordinates": [
          5.8991774,
          51.961638
        ]
      },
      "id": "node/44610297"
    },
    {
      "type": "Feature",
      "properties": {
        "@id": "node/44614305",
        "highway": "motorway_junction",
        "name": "Duiven",
        "ref": "28",
        "source": "AND"
      },
      "geometry": {
        "type": "Point",
        "coordinates": [
          6.0172248,
          51.9623713
        ]
      },
      "id": "node/44614305"
    },
    {
      "type": "Feature",
      "properties": {
        "@id": "node/44629780",
        "highway": "motorway_junction",
        "name": "De Vink",
        "noref": "yes"
      },
      "geometry": {
        "type": "Point",
        "coordinates": [
          4.5851127,
          51.9651897
        ]
      },
      "id": "node/44629780"
    },
    {
      "type": "Feature",
      "properties": {
        "@id": "node/44640401",
        "highway": "motorway_junction",
        "name": "Westervoort",
        "ref": "27",
        "source": "AND"
      },
      "geometry": {
        "type": "Point",
        "coordinates": [
          6.0010593,
          51.9671736
        ]
      },
      "id": "node/44640401"
    },
    {
      "type": "Feature",
      "properties": {
        "@id": "node/44646905",
        "highway": "motorway_junction",
        "name": "Maatveld",
        "noref": "yes"
      },
      "geometry": {
        "type": "Point",
        "coordinates": [
          4.5930731,
          51.9686525
        ]
      },
      "id": "node/44646905"
    },
    {
      "type": "Feature",
      "properties": {
        "@id": "node/44652252",
        "highway": "motorway_junction",
        "name": "Westervoort",
        "ref": "27",
        "source": "AND"
      },
      "geometry": {
        "type": "Point",
        "coordinates": [
          5.995277,
          51.969938
        ]
      },
      "id": "node/44652252"
    },
    {
      "type": "Feature",
      "properties": {
        "@id": "node/44655761",
        "highway": "motorway_junction",
        "name": "Knooppunt Everdingen",
        "source": "AND"
      },
      "geometry": {
        "type": "Point",
        "coordinates": [
          5.1089038,
          51.9704874
        ]
      },
      "id": "node/44655761"
    },
    {
      "type": "Feature",
      "properties": {
        "@id": "node/44658358",
        "highway": "motorway_junction",
        "name": "Renkum",
        "ref": "19",
        "source": "AND"
      },
      "geometry": {
        "type": "Point",
        "coordinates": [
          5.7670493,
          51.9713063
        ]
      },
      "id": "node/44658358"
    },
    {
      "type": "Feature",
      "properties": {
        "@id": "node/44693953",
        "highway": "motorway_junction",
        "name": "Knooppunt Velperbroek",
        "source": "AND"
      },
      "geometry": {
        "type": "Point",
        "coordinates": [
          5.9851013,
          51.9784081
        ]
      },
      "id": "node/44693953"
    },
    {
      "type": "Feature",
      "properties": {
        "@id": "node/44694462",
        "highway": "motorway_junction",
        "name": "Renkum",
        "ref": "19",
        "source": "AND"
      },
      "geometry": {
        "type": "Point",
        "coordinates": [
          5.7624194,
          51.9785499
        ]
      },
      "id": "node/44694462"
    },
    {
      "type": "Feature",
      "properties": {
        "@id": "node/44706448",
        "highway": "motorway_junction",
        "name": "Nieuwerkerk aan den IJssel",
        "ref": "17",
        "source": "AND"
      },
      "geometry": {
        "type": "Point",
        "coordinates": [
          4.6192158,
          51.9802219
        ]
      },
      "id": "node/44706448"
    },
    {
      "type": "Feature",
      "properties": {
        "@id": "node/44706772",
        "highway": "motorway_junction",
        "name": "Bergschenhoek"
      },
      "geometry": {
        "type": "Point",
        "coordinates": [
          4.4964078,
          51.9800649
        ]
      },
      "id": "node/44706772"
    },
    {
      "type": "Feature",
      "properties": {
        "@id": "node/44710886",
        "highway": "motorway_junction",
        "name": "Knooppunt Everdingen"
      },
      "geometry": {
        "type": "Point",
        "coordinates": [
          5.0955715,
          51.9810716
        ]
      },
      "id": "node/44710886"
    },
    {
      "type": "Feature",
      "properties": {
        "@id": "node/44720571",
        "highway": "motorway_junction",
        "name": "Nieuwerkerk aan den IJssel",
        "ref": "17",
        "source": "AND"
      },
      "geometry": {
        "type": "Point",
        "coordinates": [
          4.6238041,
          51.9829334
        ]
      },
      "id": "node/44720571"
    },
    {
      "type": "Feature",
      "properties": {
        "@id": "node/44720945",
        "highway": "motorway_junction",
        "name": "Knooppunt Velperbroek"
      },
      "geometry": {
        "type": "Point",
        "coordinates": [
          5.9800888,
          51.9831107
        ]
      },
      "id": "node/44720945"
    },
    {
      "type": "Feature",
      "properties": {
        "@id": "node/44721233",
        "highway": "motorway_junction",
        "name": "Delft",
        "ref": "14"
      },
      "geometry": {
        "type": "Point",
        "coordinates": [
          4.3293092,
          51.9830434
        ]
      },
      "id": "node/44721233"
    },
    {
      "type": "Feature",
      "properties": {
        "@id": "node/44727664",
        "highway": "motorway_junction",
        "name": "Knooppunt Velperbroek",
        "source": "AND"
      },
      "geometry": {
        "type": "Point",
        "coordinates": [
          5.9683961,
          51.9849727
        ]
      },
      "id": "node/44727664"
    },
    {
      "type": "Feature",
      "properties": {
        "@id": "node/44736526",
        "highway": "motorway_junction",
        "name": "Vianen",
        "ref": "11",
        "source": "AND"
      },
      "geometry": {
        "type": "Point",
        "coordinates": [
          5.0863134,
          51.9863589
        ]
      },
      "id": "node/44736526"
    },
    {
      "type": "Feature",
      "properties": {
        "@id": "node/44757194",
        "highway": "motorway_junction",
        "name": "Hagestein",
        "ref": "27",
        "source": "AND"
      },
      "geometry": {
        "type": "Point",
        "coordinates": [
          5.1111377,
          51.9910514
        ]
      },
      "id": "node/44757194"
    },
    {
      "type": "Feature",
      "properties": {
        "@id": "node/44763328",
        "highway": "motorway_junction",
        "name": "Vianen",
        "ref": "11",
        "source": "AND"
      },
      "geometry": {
        "type": "Point",
        "coordinates": [
          5.0806289,
          51.9923447
        ]
      },
      "id": "node/44763328"
    },
    {
      "type": "Feature",
      "properties": {
        "@id": "node/44768012",
        "highway": "motorway_junction",
        "name": "Den Hoorn",
        "ref": "13"
      },
      "geometry": {
        "type": "Point",
        "coordinates": [
          4.3207518,
          51.9926195
        ]
      },
      "id": "node/44768012"
    },
    {
      "type": "Feature",
      "properties": {
        "@id": "node/44775969",
        "highway": "motorway_junction",
        "name": "Hagestein",
        "ref": "27",
        "source": "AND"
      },
      "geometry": {
        "type": "Point",
        "coordinates": [
          5.1120463,
          51.9950826
        ]
      },
      "id": "node/44775969"
    },
    {
      "type": "Feature",
      "properties": {
        "@id": "node/44776959",
        "highway": "motorway_junction",
        "name": "Velp",
        "ref": "1",
        "source": "AND"
      },
      "geometry": {
        "type": "Point",
        "coordinates": [
          6.0013941,
          51.9949469
        ]
      },
      "id": "node/44776959"
    },
    {
      "type": "Feature",
      "properties": {
        "@id": "node/44779297",
        "highway": "motorway_junction",
        "name": "Den Hoorn",
        "ref": "13"
      },
      "geometry": {
        "type": "Point",
        "coordinates": [
          4.3173692,
          51.995819
        ]
      },
      "id": "node/44779297"
    },
    {
      "type": "Feature",
      "properties": {
        "@id": "node/44791623",
        "highway": "motorway_junction",
        "name": "Velp",
        "ref": "1",
        "source": "AND"
      },
      "geometry": {
        "type": "Point",
        "coordinates": [
          6.0120966,
          51.9984934
        ]
      },
      "id": "node/44791623"
    },
    {
      "type": "Feature",
      "properties": {
        "@id": "node/44799458",
        "highway": "motorway_junction",
        "name": "Rheden",
        "ref": "2",
        "source": "AND"
      },
      "geometry": {
        "type": "Point",
        "coordinates": [
          6.0369101,
          52.0003234
        ]
      },
      "id": "node/44799458"
    },
    {
      "type": "Feature",
      "properties": {
        "@id": "node/44812861",
        "highway": "motorway_junction",
        "name": "Den Haag-Zuid",
        "ref": "12",
        "source": "AND"
      },
      "geometry": {
        "type": "Point",
        "coordinates": [
          4.3121706,
          52.0021209
        ]
      },
      "id": "node/44812861"
    },
    {
      "type": "Feature",
      "properties": {
        "@id": "node/44821147",
        "highway": "motorway_junction",
        "name": "Nieuwegein-Zuid",
        "ref": "10",
        "source": "AND"
      },
      "geometry": {
        "type": "Point",
        "coordinates": [
          5.0737704,
          52.0057973
        ]
      },
      "id": "node/44821147"
    },
    {
      "type": "Feature",
      "properties": {
        "@id": "node/44823382",
        "highway": "motorway_junction",
        "name": "Rheden",
        "ref": "2",
        "source": "AND"
      },
      "geometry": {
        "type": "Point",
        "coordinates": [
          6.0423385,
          52.0057524
        ]
      },
      "id": "node/44823382"
    },
    {
      "type": "Feature",
      "properties": {
        "@id": "node/44829089",
        "highway": "motorway_junction",
        "name": "Rozendaal"
      },
      "geometry": {
        "type": "Point",
        "coordinates": [
          5.9246038,
          52.0067524
        ]
      },
      "id": "node/44829089"
    },
    {
      "type": "Feature",
      "properties": {
        "@id": "node/44833503",
        "highway": "motorway_junction",
        "name": "Delft",
        "ref": "9",
        "source": "AND"
      },
      "geometry": {
        "type": "Point",
        "coordinates": [
          4.3820107,
          52.0079722
        ]
      },
      "id": "node/44833503"
    },
    {
      "type": "Feature",
      "properties": {
        "@id": "node/44849118",
        "highway": "motorway_junction",
        "name": "Rozendaal"
      },
      "geometry": {
        "type": "Point",
        "coordinates": [
          5.9256024,
          52.0111782
        ]
      },
      "id": "node/44849118"
    },
    {
      "type": "Feature",
      "properties": {
        "@id": "node/44858285",
        "highway": "motorway_junction",
        "name": "Knooppunt Waterberg",
        "source": "AND"
      },
      "geometry": {
        "type": "Point",
        "coordinates": [
          5.9361012,
          52.0133845
        ]
      },
      "id": "node/44858285"
    },
    {
      "type": "Feature",
      "properties": {
        "@id": "node/44863929",
        "highway": "motorway_junction",
        "name": "Ede",
        "ref": "24"
      },
      "geometry": {
        "type": "Point",
        "coordinates": [
          5.6565142,
          52.0142476
        ]
      },
      "id": "node/44863929"
    },
    {
      "type": "Feature",
      "properties": {
        "@id": "node/44863934",
        "highway": "motorway_junction",
        "name": "Arnhem-Noord",
        "ref": "26",
        "source": "AND"
      },
      "geometry": {
        "type": "Point",
        "coordinates": [
          5.9313594,
          52.0148036
        ]
      },
      "id": "node/44863934"
    },
    {
      "type": "Feature",
      "properties": {
        "@id": "node/44868094",
        "highway": "motorway_junction",
        "name": "De Steeg",
        "ref": "3",
        "source": "AND"
      },
      "geometry": {
        "type": "Point",
        "coordinates": [
          6.0674419,
          52.0159697
        ]
      },
      "id": "node/44868094"
    },
    {
      "type": "Feature",
      "properties": {
        "@id": "node/44869789",
        "highway": "motorway_junction",
        "name": "Den Haag-Zuid",
        "ref": "12",
        "source": "AND"
      },
      "geometry": {
        "type": "Point",
        "coordinates": [
          4.3151089,
          52.0164659
        ]
      },
      "id": "node/44869789"
    },
    {
      "type": "Feature",
      "properties": {
        "@id": "node/44872723",
        "highway": "motorway_junction",
        "name": "Arnhem-Noord",
        "ref": "26"
      },
      "geometry": {
        "type": "Point",
        "coordinates": [
          5.9164125,
          52.0169213
        ]
      },
      "id": "node/44872723"
    },
    {
      "type": "Feature",
      "properties": {
        "@id": "node/44878448",
        "highway": "motorway_junction",
        "name": "Knooppunt Waterberg",
        "source": "AND"
      },
      "geometry": {
        "type": "Point",
        "coordinates": [
          5.9045478,
          52.0186796
        ]
      },
      "id": "node/44878448"
    },
    {
      "type": "Feature",
      "properties": {
        "@id": "node/44886940",
        "highway": "motorway_junction",
        "name": "Knooppunt Grijsoord",
        "source": "AND"
      },
      "geometry": {
        "type": "Point",
        "coordinates": [
          5.8187304,
          52.0202686
        ]
      },
      "id": "node/44886940"
    },
    {
      "type": "Feature",
      "properties": {
        "@id": "node/44890767",
        "highway": "motorway_junction",
        "name": "Nieuwegein",
        "ref": "9",
        "source": "AND",
        "wikidata": "Q20033528"
      },
      "geometry": {
        "type": "Point",
        "coordinates": [
          5.0651134,
          52.0220989
        ]
      },
      "id": "node/44890767"
    },
    {
      "type": "Feature",
      "properties": {
        "@id": "node/44891178",
        "highway": "motorway_junction",
        "name": "Knooppunt Waterberg",
        "source": "AND"
      },
      "geometry": {
        "type": "Point",
        "coordinates": [
          5.9237589,
          52.0222012
        ]
      },
      "id": "node/44891178"
    },
    {
      "type": "Feature",
      "properties": {
        "@id": "node/44894107",
        "highway": "motorway_junction",
        "name": "Oosterbeek",
        "ref": "25",
        "source": "AND"
      },
      "geometry": {
        "type": "Point",
        "coordinates": [
          5.7952904,
          52.022107
        ]
      },
      "id": "node/44894107"
    },
    {
      "type": "Feature",
      "properties": {
        "@id": "node/44899790",
        "highway": "motorway_junction",
        "name": "Oosterbeek",
        "ref": "25"
      },
      "geometry": {
        "type": "Point",
        "coordinates": [
          5.8070482,
          52.023474
        ]
      },
      "id": "node/44899790"
    },
    {
      "type": "Feature",
      "properties": {
        "@id": "node/44900903",
        "highway": "motorway_junction",
        "name": "Rijswijk",
        "ref": "11"
      },
      "geometry": {
        "type": "Point",
        "coordinates": [
          4.3200408,
          52.0228219
        ]
      },
      "id": "node/44900903"
    },
    {
      "type": "Feature",
      "properties": {
        "@id": "node/44902687",
        "highway": "motorway_junction",
        "name": "Knooppunt Grijsoord"
      },
      "geometry": {
        "type": "Point",
        "coordinates": [
          5.8091484,
          52.0236298
        ]
      },
      "id": "node/44902687"
    },
    {
      "type": "Feature",
      "properties": {
        "@id": "node/44904389",
        "highway": "motorway_junction",
        "name": "Knooppunt Maanderbroek",
        "note": "Mogelijk om naar A12 ri Veenendaal / Utrecht / Den Haag of naar A30 ri Ede / Barneveld / Voorthuizen",
        "wikidata": "Q2438409",
        "wikipedia": "nl:Knooppunt Maanderbroek"
      },
      "geometry": {
        "type": "Point",
        "coordinates": [
          5.6156666,
          52.0244502
        ]
      },
      "id": "node/44904389"
    },
    {
      "type": "Feature",
      "properties": {
        "@id": "node/44908078",
        "highway": "motorway_junction",
        "name": "Knooppunt Maanderbroek",
        "note": "Mogelijk om naar A12 ri Ede / Arnhem / Oberhausen (D) te gaan of naar A30 ri Ede / Barneveld / Voorthuizen",
        "wikidata": "Q2438409",
        "wikipedia": "nl:Knooppunt Maanderbroek"
      },
      "geometry": {
        "type": "Point",
        "coordinates": [
          5.6139534,
          52.0249637
        ]
      },
      "id": "node/44908078"
    },
    {
      "type": "Feature",
      "properties": {
        "@id": "node/44915182",
        "highway": "motorway_junction",
        "name": "Knooppunt Grijsoord"
      },
      "geometry": {
        "type": "Point",
        "coordinates": [
          5.8277911,
          52.0265426
        ]
      },
      "id": "node/44915182"
    },
    {
      "type": "Feature",
      "properties": {
        "@id": "node/44922745",
        "highway": "motorway_junction",
        "name": "Houten",
        "ref": "29",
        "source": "AND"
      },
      "geometry": {
        "type": "Point",
        "coordinates": [
          5.1339662,
          52.0288882
        ]
      },
      "id": "node/44922745"
    },
    {
      "type": "Feature",
      "properties": {
        "@id": "node/44923770",
        "highway": "motorway_junction",
        "name": "Gouda",
        "ref": "11",
        "source": "AND"
      },
      "geometry": {
        "type": "Point",
        "coordinates": [
          4.6777114,
          52.0282107
        ]
      },
      "id": "node/44923770"
    },
    {
      "type": "Feature",
      "properties": {
        "@id": "node/44925673",
        "highway": "motorway_junction",
        "name": "Arnhem-Centrum",
        "ref": "20",
        "ref:NBd": "00071",
        "source": "AND",
        "wikidata": "Q97446359"
      },
      "geometry": {
        "type": "Point",
        "coordinates": [
          5.9262845,
          52.0284542
        ]
      },
      "id": "node/44925673"
    },
    {
      "type": "Feature",
      "properties": {
        "@id": "node/44928724",
        "highway": "motorway_junction",
        "name": "Knooppunt Maanderbroek",
        "wikidata": "Q2438409",
        "wikipedia": "nl:Knooppunt Maanderbroek"
      },
      "geometry": {
        "type": "Point",
        "coordinates": [
          5.6121931,
          52.0293998
        ]
      },
      "id": "node/44928724"
    },
    {
      "type": "Feature",
      "properties": {
        "@id": "node/44929867",
        "highway": "motorway_junction",
        "name": "Rijswijk",
        "ref": "11"
      },
      "geometry": {
        "type": "Point",
        "coordinates": [
          4.3269366,
          52.0300497
        ]
      },
      "id": "node/44929867"
    },
    {
      "type": "Feature",
      "properties": {
        "@id": "node/44942250",
        "highway": "motorway_junction",
        "name": "Groenlo",
        "ref": "10"
      },
      "geometry": {
        "type": "Point",
        "coordinates": [
          6.6196276,
          52.0326189
        ]
      },
      "id": "node/44942250"
    },
    {
      "type": "Feature",
      "properties": {
        "@id": "node/44943516",
        "highway": "motorway_junction",
        "name": "Gouda",
        "ref": "11",
        "source": "AND"
      },
      "geometry": {
        "type": "Point",
        "coordinates": [
          4.6892473,
          52.0328365
        ]
      },
      "id": "node/44943516"
    },
    {
      "type": "Feature",
      "properties": {
        "@id": "node/44947289",
        "highway": "motorway_junction",
        "name": "Groenlo",
        "ref": "10"
      },
      "geometry": {
        "type": "Point",
        "coordinates": [
          6.6233245,
          52.0338905
        ]
      },
      "id": "node/44947289"
    },
    {
      "type": "Feature",
      "properties": {
        "@id": "node/44952628",
        "highway": "motorway_junction",
        "name": "Ede-West",
        "ref": "1",
        "wikidata": "Q96631976"
      },
      "geometry": {
        "type": "Point",
        "coordinates": [
          5.6160074,
          52.0351297
        ]
      },
      "id": "node/44952628"
    },
    {
      "type": "Feature",
      "properties": {
        "@id": "node/44954503",
        "alt_name": "Knooppunt Ypenburg",
        "highway": "motorway_junction",
        "name": "Den Haag-Zuid",
        "ref": "7"
      },
      "geometry": {
        "type": "Point",
        "coordinates": [
          4.3529343,
          52.0355058
        ]
      },
      "id": "node/44954503"
    },
    {
      "type": "Feature",
      "properties": {
        "@id": "node/44959617",
        "highway": "motorway_junction",
        "name": "Veenendaal",
        "ref": "23a",
        "source": "AND"
      },
      "geometry": {
        "type": "Point",
        "coordinates": [
          5.5815028,
          52.0373462
        ]
      },
      "id": "node/44959617"
    },
    {
      "type": "Feature",
      "properties": {
        "@id": "node/44966294",
        "highway": "motorway_junction",
        "name": "Schaarsbergen",
        "ref": "21",
        "wikidata": "Q97446364"
      },
      "geometry": {
        "type": "Point",
        "coordinates": [
          5.9314016,
          52.0389599
        ]
      },
      "id": "node/44966294"
    },
    {
      "type": "Feature",
      "properties": {
        "@id": "node/44970298",
        "highway": "motorway_junction"
      },
      "geometry": {
        "type": "Point",
        "coordinates": [
          4.7019845,
          52.0384311
        ]
      },
      "id": "node/44970298"
    },
    {
      "type": "Feature",
      "properties": {
        "@id": "node/44970359",
        "highway": "motorway_junction",
        "name": "Veenendaal",
        "ref": "23a",
        "source": "AND"
      },
      "geometry": {
        "type": "Point",
        "coordinates": [
          5.5823974,
          52.0369637
        ]
      },
      "id": "node/44970359"
    },
    {
      "type": "Feature",
      "properties": {
        "@id": "node/44974520",
        "highway": "motorway_junction",
        "name": "Rijswijk-Plaspoelpolder",
        "ref": "10"
      },
      "geometry": {
        "type": "Point",
        "coordinates": [
          4.3409625,
          52.0395157
        ]
      },
      "id": "node/44974520"
    },
    {
      "type": "Feature",
      "properties": {
        "@id": "node/44988174",
        "highway": "motorway_junction",
        "name": "Zoetermeer",
        "ref": "7",
        "source": "AND"
      },
      "geometry": {
        "type": "Point",
        "coordinates": [
          4.5149719,
          52.0427058
        ]
      },
      "id": "node/44988174"
    },
    {
      "type": "Feature",
      "properties": {
        "@id": "node/45005587",
        "highway": "motorway_junction",
        "name": "Zoetermeer",
        "ref": "7",
        "source": "AND"
      },
      "geometry": {
        "type": "Point",
        "coordinates": [
          4.5018844,
          52.0457398
        ]
      },
      "id": "node/45005587"
    },
    {
      "type": "Feature",
      "properties": {
        "@id": "node/45006889",
        "highway": "motorway_junction",
        "name": "Den Haag-Ypenburg",
        "ref": "9"
      },
      "geometry": {
        "type": "Point",
        "coordinates": [
          4.3558877,
          52.0467756
        ]
      },
      "id": "node/45006889"
    },
    {
      "type": "Feature",
      "properties": {
        "@id": "node/45009686",
        "highway": "motorway_junction",
        "name": "Ede-Noord",
        "ref": "2",
        "source": "AND",
        "wikidata": "Q96584957"
      },
      "geometry": {
        "type": "Point",
        "coordinates": [
          5.6192262,
          52.0462004
        ]
      },
      "id": "node/45009686"
    },
    {
      "type": "Feature",
      "properties": {
        "@id": "node/45020357",
        "highway": "motorway_junction",
        "name": "Ede-Noord",
        "ref": "2",
        "source": "AND",
        "wikidata": "Q96584957"
      },
      "geometry": {
        "type": "Point",
        "coordinates": [
          5.6191127,
          52.0489824
        ]
      },
      "id": "node/45020357"
    },
    {
      "type": "Feature",
      "properties": {
        "@id": "node/45023184",
        "highway": "motorway_junction",
        "name": "Zoetermeer-Centrum",
        "ref": "6"
      },
      "geometry": {
        "type": "Point",
        "coordinates": [
          4.4587621,
          52.0492596
        ]
      },
      "id": "node/45023184"
    },
    {
      "type": "Feature",
      "properties": {
        "@id": "node/45028530",
        "highway": "motorway_junction",
        "name": "Bloemheuvel"
      },
      "geometry": {
        "type": "Point",
        "coordinates": [
          5.4576537,
          52.0508347
        ]
      },
      "id": "node/45028530"
    },
    {
      "type": "Feature",
      "properties": {
        "@id": "node/45029098",
        "highway": "motorway_junction",
        "name": "Knooppunt Prins Clausplein",
        "wikidata": "Q1955146",
        "wikipedia": "nl:Knooppunt Prins Clausplein"
      },
      "geometry": {
        "type": "Point",
        "coordinates": [
          4.3631636,
          52.050917
        ]
      },
      "id": "node/45029098"
    },
    {
      "type": "Feature",
      "properties": {
        "@id": "node/45035507",
        "highway": "motorway_junction",
        "name": "Knooppunt Prins Clausplein",
        "wikidata": "Q1955146",
        "wikipedia": "nl:Knooppunt Prins Clausplein"
      },
      "geometry": {
        "type": "Point",
        "coordinates": [
          4.3633688,
          52.0516812
        ]
      },
      "id": "node/45035507"
    },
    {
      "type": "Feature",
      "properties": {
        "@id": "node/45042037",
        "highway": "motorway_junction",
        "name": "Knooppunt Lunetten",
        "source": "AND"
      },
      "geometry": {
        "type": "Point",
        "coordinates": [
          5.1350261,
          52.0543474
        ]
      },
      "id": "node/45042037"
    },
    {
      "type": "Feature",
      "properties": {
        "@id": "node/45045428",
        "highway": "motorway_junction",
        "name": "Knooppunt Oudenrijn",
        "name:etymology": "Oudenrijn",
        "name:etymology:wikidata": "Q629542",
        "wikidata": "Q2117395",
        "wikipedia": "nl:Knooppunt Oudenrijn"
      },
      "geometry": {
        "type": "Point",
        "coordinates": [
          5.0645871,
          52.046219
        ]
      },
      "id": "node/45045428"
    },
    {
      "type": "Feature",
      "properties": {
        "@id": "node/45045430",
        "highway": "motorway_junction",
        "name": "Knooppunt Lunetten",
        "source": "AND"
      },
      "geometry": {
        "type": "Point",
        "coordinates": [
          5.1347418,
          52.0548012
        ]
      },
      "id": "node/45045430"
    },
    {
      "type": "Feature",
      "properties": {
        "@id": "node/45049287",
        "exit:road_ref": "A12",
        "highway": "motorway_junction",
        "name": "Utrecht-Lunetten",
        "old_name": "Utrecht-Hoograven",
        "ref": "18",
        "wikidata": "Q27489425"
      },
      "geometry": {
        "type": "Point",
        "coordinates": [
          5.1294028,
          52.0554832
        ]
      },
      "id": "node/45049287"
    },
    {
      "type": "Feature",
      "properties": {
        "@id": "node/45049796",
        "highway": "motorway_junction",
        "name": "Maarsbergen",
        "ref": "22",
        "source": "AND"
      },
      "geometry": {
        "type": "Point",
        "coordinates": [
          5.3962788,
          52.0566984
        ]
      },
      "id": "node/45049796"
    },
    {
      "type": "Feature",
      "properties": {
        "@id": "node/45054502",
        "highway": "motorway_junction",
        "name": "Knooppunt Ypenburg"
      },
      "geometry": {
        "type": "Point",
        "coordinates": [
          4.367221,
          52.0565974
        ]
      },
      "id": "node/45054502"
    },
    {
      "type": "Feature",
      "properties": {
        "@id": "node/45058024",
        "highway": "motorway_junction",
        "name": "Reeuwijk",
        "ref": "12",
        "source": "AND"
      },
      "geometry": {
        "type": "Point",
        "coordinates": [
          4.7267694,
          52.0568393
        ]
      },
      "id": "node/45058024"
    },
    {
      "type": "Feature",
      "properties": {
        "@id": "node/45058506",
        "exit:road_ref": "A12",
        "highway": "motorway_junction",
        "name": "Utrecht-Lunetten",
        "old_name": "Utrecht-Hoograven",
        "ref": "18",
        "wikidata": "Q27489425"
      },
      "geometry": {
        "type": "Point",
        "coordinates": [
          5.1150267,
          52.057838
        ]
      },
      "id": "node/45058506"
    },
    {
      "type": "Feature",
      "properties": {
        "@id": "node/45060408",
        "highway": "motorway_junction",
        "name": "Knooppunt Ypenburg"
      },
      "geometry": {
        "type": "Point",
        "coordinates": [
          4.3696385,
          52.0571937
        ]
      },
      "id": "node/45060408"
    },
    {
      "type": "Feature",
      "properties": {
        "@id": "node/45060416",
        "highway": "motorway_junction",
        "name": "Knooppunt Prins Clausplein",
        "wikidata": "Q1955146",
        "wikipedia": "nl:Knooppunt Prins Clausplein"
      },
      "geometry": {
        "type": "Point",
        "coordinates": [
          4.3874106,
          52.0577823
        ]
      },
      "id": "node/45060416"
    },
    {
      "type": "Feature",
      "properties": {
        "@id": "node/45061179",
        "highway": "motorway_junction",
        "name": "Knooppunt Lunetten"
      },
      "geometry": {
        "type": "Point",
        "coordinates": [
          5.1580671,
          52.0590633
        ]
      },
      "id": "node/45061179"
    },
    {
      "type": "Feature",
      "properties": {
        "@id": "node/45065508",
        "highway": "motorway_junction",
        "name": "Utrecht-Zuid",
        "old_name": "Kanaleneiland",
        "ref": "17",
        "wikidata": "Q96396859"
      },
      "geometry": {
        "type": "Point",
        "coordinates": [
          5.1105218,
          52.0592872
        ]
      },
      "id": "node/45065508"
    },
    {
      "type": "Feature",
      "properties": {
        "@id": "node/45066837",
        "highway": "motorway_junction",
        "name": "Bunnik",
        "ref": "19",
        "source": "AND"
      },
      "geometry": {
        "type": "Point",
        "coordinates": [
          5.2108678,
          52.0598152
        ]
      },
      "id": "node/45066837"
    },
    {
      "type": "Feature",
      "properties": {
        "@id": "node/45067620",
        "highway": "motorway_junction",
        "name": "Bunnik",
        "ref": "19",
        "source": "AND"
      },
      "geometry": {
        "type": "Point",
        "coordinates": [
          5.2159714,
          52.0597695
        ]
      },
      "id": "node/45067620"
    },
    {
      "type": "Feature",
      "properties": {
        "@id": "node/45068836",
        "highway": "motorway_junction",
        "name": "Utrecht-Zuid",
        "old_name": "Kanaleneiland",
        "ref": "17",
        "wikidata": "Q96396859"
      },
      "geometry": {
        "type": "Point",
        "coordinates": [
          5.1009078,
          52.0601651
        ]
      },
      "id": "node/45068836"
    },
    {
      "type": "Feature",
      "properties": {
        "@id": "node/45072137",
        "highway": "motorway_junction",
        "name": "Reeuwijk",
        "ref": "12",
        "source": "AND"
      },
      "geometry": {
        "type": "Point",
        "coordinates": [
          4.7304437,
          52.0603074
        ]
      },
      "id": "node/45072137"
    },
    {
      "type": "Feature",
      "properties": {
        "@id": "node/45074987",
        "highway": "motorway_junction",
        "name": "Nieuwegein",
        "ref": "16",
        "wikidata": "Q96397315"
      },
      "geometry": {
        "type": "Point",
        "coordinates": [
          5.0918958,
          52.0614486
        ]
      },
      "id": "node/45074987"
    },
    {
      "type": "Feature",
      "properties": {
        "@id": "node/45078649",
        "highway": "motorway_junction",
        "name": "Utrecht-Lunetten"
      },
      "geometry": {
        "type": "Point",
        "coordinates": [
          5.1249872,
          52.0620431
        ]
      },
      "id": "node/45078649"
    },
    {
      "type": "Feature",
      "properties": {
        "@id": "node/45079680",
        "highway": "motorway_junction",
        "name": "Knooppunt Oudenrijn",
        "name:etymology": "Oudenrijn",
        "name:etymology:wikidata": "Q629542",
        "wikidata": "Q2117395",
        "wikipedia": "nl:Knooppunt Oudenrijn"
      },
      "geometry": {
        "type": "Point",
        "coordinates": [
          5.083678,
          52.0623666
        ]
      },
      "id": "node/45079680"
    },
    {
      "type": "Feature",
      "properties": {
        "@id": "node/45082439",
        "highway": "motorway_junction",
        "name": "Knooppunt Oudenrijn",
        "name:etymology": "Oudenrijn",
        "name:etymology:wikidata": "Q629542",
        "wikidata": "Q2117395",
        "wikipedia": "nl:Knooppunt Oudenrijn"
      },
      "geometry": {
        "type": "Point",
        "coordinates": [
          5.083386,
          52.0628015
        ]
      },
      "id": "node/45082439"
    },
    {
      "type": "Feature",
      "properties": {
        "@id": "node/45087805",
        "highway": "motorway_junction",
        "name": "Nieuwerbrug",
        "ref": "13",
        "source": "AND"
      },
      "geometry": {
        "type": "Point",
        "coordinates": [
          4.8177085,
          52.0645119
        ]
      },
      "id": "node/45087805"
    },
    {
      "type": "Feature",
      "properties": {
        "@id": "node/45093141",
        "highway": "motorway_junction",
        "name": "Maarn",
        "ref": "21",
        "source": "AND"
      },
      "geometry": {
        "type": "Point",
        "coordinates": [
          5.3513119,
          52.0654107
        ]
      },
      "id": "node/45093141"
    },
    {
      "type": "Feature",
      "properties": {
        "@id": "node/45099501",
        "highway": "motorway_junction",
        "name": "Knooppunt Lunetten"
      },
      "geometry": {
        "type": "Point",
        "coordinates": [
          5.1470006,
          52.0670781
        ]
      },
      "id": "node/45099501"
    },
    {
      "type": "Feature",
      "properties": {
        "@id": "node/45101768",
        "highway": "motorway_junction",
        "name": "Knooppunt Bodegraven",
        "noref": "yes",
        "old_name": "Bodegraven",
        "old_ref": "12a",
        "wikidata": "Q21158502",
        "wikipedia": "nl:Knooppunt Bodegraven"
      },
      "geometry": {
        "type": "Point",
        "coordinates": [
          4.7574888,
          52.0672187
        ]
      },
      "id": "node/45101768"
    },
    {
      "type": "Feature",
      "properties": {
        "@id": "node/45103437",
        "highway": "motorway_junction",
        "name": "Knooppunt Prins Clausplein",
        "wikidata": "Q1955146",
        "wikipedia": "nl:Knooppunt Prins Clausplein"
      },
      "geometry": {
        "type": "Point",
        "coordinates": [
          4.3824063,
          52.0682593
        ]
      },
      "id": "node/45103437"
    },
    {
      "type": "Feature",
      "properties": {
        "@id": "node/45103574",
        "highway": "motorway_junction",
        "name": "Nieuwerbrug",
        "ref": "13"
      },
      "geometry": {
        "type": "Point",
        "coordinates": [
          4.8279654,
          52.0673183
        ]
      },
      "id": "node/45103574"
    },
    {
      "type": "Feature",
      "properties": {
        "@id": "node/45106185",
        "highway": "motorway_junction",
        "name": "Bodegraven",
        "ref": "12"
      },
      "geometry": {
        "type": "Point",
        "coordinates": [
          4.745324,
          52.0679655
        ]
      },
      "id": "node/45106185"
    },
    {
      "type": "Feature",
      "properties": {
        "@id": "node/45107138",
        "highway": "motorway_junction",
        "name": "Knooppunt Oudenrijn",
        "name:etymology": "Oudenrijn",
        "name:etymology:wikidata": "Q629542",
        "wikidata": "Q2117395",
        "wikipedia": "nl:Knooppunt Oudenrijn"
      },
      "geometry": {
        "type": "Point",
        "coordinates": [
          5.0553044,
          52.0688975
        ]
      },
      "id": "node/45107138"
    },
    {
      "type": "Feature",
      "properties": {
        "@id": "node/45109801",
        "highway": "motorway_junction",
        "name": "Utrecht-Lunetten"
      },
      "geometry": {
        "type": "Point",
        "coordinates": [
          5.1295722,
          52.0688331
        ]
      },
      "id": "node/45109801"
    },
    {
      "type": "Feature",
      "properties": {
        "@id": "node/45122115",
        "highway": "motorway_junction",
        "name": "Woerden",
        "ref": "14"
      },
      "geometry": {
        "type": "Point",
        "coordinates": [
          4.9088612,
          52.0728655
        ]
      },
      "id": "node/45122115"
    },
    {
      "type": "Feature",
      "properties": {
        "@id": "node/45122379",
        "highway": "motorway_junction",
        "name": "Bodegraven",
        "ref": "12"
      },
      "geometry": {
        "type": "Point",
        "coordinates": [
          4.7391847,
          52.0737301
        ]
      },
      "id": "node/45122379"
    },
    {
      "type": "Feature",
      "properties": {
        "@id": "node/45123784",
        "highway": "motorway_junction",
        "name": "De Meern",
        "ref": "15",
        "source": "AND"
      },
      "geometry": {
        "type": "Point",
        "coordinates": [
          5.0304077,
          52.0729303
        ]
      },
      "id": "node/45123784"
    },
    {
      "type": "Feature",
      "properties": {
        "@id": "node/45126380",
        "highway": "motorway_junction",
        "name": "Den Haag-Noord",
        "ref": "8",
        "wikidata": "Q19816541"
      },
      "geometry": {
        "type": "Point",
        "coordinates": [
          4.3953581,
          52.0733053
        ]
      },
      "id": "node/45126380"
    },
    {
      "type": "Feature",
      "properties": {
        "@id": "node/45130947",
        "highway": "motorway_junction",
        "name": "Den Haag-Bezuidenhout",
        "ref": "3"
      },
      "geometry": {
        "type": "Point",
        "coordinates": [
          4.3392299,
          52.0747265
        ]
      },
      "id": "node/45130947"
    },
    {
      "type": "Feature",
      "properties": {
        "@id": "node/45142057",
        "highway": "motorway_junction",
        "name": "Knooppunt Prins Clausplein",
        "wikidata": "Q1955146",
        "wikipedia": "nl:Knooppunt Prins Clausplein"
      },
      "geometry": {
        "type": "Point",
        "coordinates": [
          4.4045253,
          52.0777106
        ]
      },
      "id": "node/45142057"
    },
    {
      "type": "Feature",
      "properties": {
        "@id": "node/45143438",
        "highway": "motorway_junction",
        "name": "Knooppunt Rijnsweerd"
      },
      "geometry": {
        "type": "Point",
        "coordinates": [
          5.1580005,
          52.0768802
        ]
      },
      "id": "node/45143438"
    },
    {
      "type": "Feature",
      "properties": {
        "@id": "node/45153225",
        "highway": "motorway_junction",
        "name": "Den Haag-Centrum-Zuid",
        "ref": "2"
      },
      "geometry": {
        "type": "Point",
        "coordinates": [
          4.3347822,
          52.0785218
        ]
      },
      "id": "node/45153225"
    },
    {
      "type": "Feature",
      "properties": {
        "@id": "node/45155227",
        "highway": "motorway_junction",
        "name": "Harmelen",
        "ref": "14a"
      },
      "geometry": {
        "type": "Point",
        "coordinates": [
          4.9939458,
          52.0800029
        ]
      },
      "id": "node/45155227"
    },
    {
      "type": "Feature",
      "properties": {
        "@id": "node/45169668",
        "highway": "motorway_junction",
        "name": "Lunteren",
        "ref": "3",
        "source": "AND",
        "wikidata": "Q96631948"
      },
      "geometry": {
        "type": "Point",
        "coordinates": [
          5.5971608,
          52.0834758
        ]
      },
      "id": "node/45169668"
    },
    {
      "type": "Feature",
      "properties": {
        "@id": "node/45197536",
        "highway": "motorway_junction",
        "name": "Bodegraven-Centrum",
        "ref": "11"
      },
      "geometry": {
        "type": "Point",
        "coordinates": [
          4.7318817,
          52.0899482
        ]
      },
      "id": "node/45197536"
    },
    {
      "type": "Feature",
      "properties": {
        "@id": "node/45204186",
        "highway": "motorway_junction",
        "name": "Knooppunt Rijnsweerd",
        "name:etymology": "Rijnsweerd",
        "name:etymology:wikidata": "Q2195741",
        "source": "AND",
        "wikidata": "Q2683423",
        "wikipedia": "nl:Knooppunt Rijnsweerd"
      },
      "geometry": {
        "type": "Point",
        "coordinates": [
          5.1552963,
          52.0905515
        ]
      },
      "id": "node/45204186"
    },
    {
      "type": "Feature",
      "properties": {
        "@id": "node/45206379",
        "highway": "motorway_junction",
        "name": "Lunteren",
        "ref": "3",
        "source": "AND",
        "wikidata": "Q96631948"
      },
      "geometry": {
        "type": "Point",
        "coordinates": [
          5.5954842,
          52.0906329
        ]
      },
      "id": "node/45206379"
    },
    {
      "type": "Feature",
      "properties": {
        "@id": "node/45210786",
        "highway": "motorway_junction",
        "name": "Utrecht-Science Park",
        "ref": "2",
        "source": "AND"
      },
      "geometry": {
        "type": "Point",
        "coordinates": [
          5.1803459,
          52.0924047
        ]
      },
      "id": "node/45210786"
    },
    {
      "type": "Feature",
      "properties": {
        "@id": "node/45212382",
        "highway": "motorway_junction",
        "name": "Utrecht-Science Park",
        "ref": "2"
      },
      "geometry": {
        "type": "Point",
        "coordinates": [
          5.1871243,
          52.0926329
        ]
      },
      "id": "node/45212382"
    },
    {
      "type": "Feature",
      "properties": {
        "@id": "node/45213474",
        "highway": "motorway_junction",
        "name": "Knooppunt Rijnsweerd",
        "name:etymology": "Rijnsweerd",
        "name:etymology:wikidata": "Q2195741",
        "wikidata": "Q2683423",
        "wikipedia": "nl:Knooppunt Rijnsweerd"
      },
      "geometry": {
        "type": "Point",
        "coordinates": [
          5.1739195,
          52.0928597
        ]
      },
      "id": "node/45213474"
    },
    {
      "type": "Feature",
      "properties": {
        "@id": "node/45215582",
        "highway": "motorway_junction",
        "name": "Knooppunt Rijnsweerd",
        "name:etymology": "Rijnsweerd",
        "name:etymology:wikidata": "Q2195741",
        "wikidata": "Q2683423",
        "wikipedia": "nl:Knooppunt Rijnsweerd"
      },
      "geometry": {
        "type": "Point",
        "coordinates": [
          5.1734438,
          52.0932941
        ]
      },
      "id": "node/45215582"
    },
    {
      "type": "Feature",
      "properties": {
        "@id": "node/45232076",
        "highway": "motorway_junction",
        "name": "Centrum"
      },
      "geometry": {
        "type": "Point",
        "coordinates": [
          4.308137,
          52.0977916
        ]
      },
      "id": "node/45232076"
    },
    {
      "type": "Feature",
      "properties": {
        "@id": "node/45242848",
        "highway": "motorway_junction",
        "name": "Knooppunt Rijnsweerd",
        "name:etymology": "Rijnsweerd",
        "name:etymology:wikidata": "Q2195741",
        "wikidata": "Q2683423",
        "wikipedia": "nl:Knooppunt Rijnsweerd"
      },
      "geometry": {
        "type": "Point",
        "coordinates": [
          5.1547114,
          52.1008901
        ]
      },
      "id": "node/45242848"
    },
    {
      "type": "Feature",
      "properties": {
        "@id": "node/45271717",
        "highway": "motorway_junction",
        "name": "Den Dolder",
        "ref": "3"
      },
      "geometry": {
        "type": "Point",
        "coordinates": [
          5.2612894,
          52.1066459
        ]
      },
      "id": "node/45271717"
    },
    {
      "type": "Feature",
      "properties": {
        "@id": "node/45276649",
        "highway": "motorway_junction",
        "name": "Den Dolder",
        "ref": "3"
      },
      "geometry": {
        "type": "Point",
        "coordinates": [
          5.2658147,
          52.1078106
        ]
      },
      "id": "node/45276649"
    },
    {
      "type": "Feature",
      "properties": {
        "@id": "node/45285277",
        "highway": "motorway_junction",
        "name": "Utrecht-Oost",
        "ref": "30a",
        "source": "AND",
        "wikidata": "Q96398033"
      },
      "geometry": {
        "type": "Point",
        "coordinates": [
          5.1498885,
          52.1103461
        ]
      },
      "id": "node/45285277"
    },
    {
      "type": "Feature",
      "properties": {
        "@id": "node/45298460",
        "highway": "motorway_junction",
        "name": "Utrecht-Noord",
        "ref": "31",
        "source": "AND",
        "wikidata": "Q20532574"
      },
      "geometry": {
        "type": "Point",
        "coordinates": [
          5.1485258,
          52.1132742
        ]
      },
      "id": "node/45298460"
    },
    {
      "type": "Feature",
      "properties": {
        "@id": "node/45305813",
        "highway": "motorway_junction",
        "name": "Soesterberg",
        "ref": "4",
        "source": "AND"
      },
      "geometry": {
        "type": "Point",
        "coordinates": [
          5.2976906,
          52.1146078
        ]
      },
      "id": "node/45305813"
    },
    {
      "type": "Feature",
      "properties": {
        "@id": "node/45312462",
        "highway": "motorway_junction",
        "name": "Soesterberg",
        "ref": "4",
        "source": "AND"
      },
      "geometry": {
        "type": "Point",
        "coordinates": [
          5.3107506,
          52.1161739
        ]
      },
      "id": "node/45312462"
    },
    {
      "type": "Feature",
      "properties": {
        "@id": "node/45313800",
        "highway": "motorway_junction",
        "name": "Hoenderloo",
        "ref": "22"
      },
      "geometry": {
        "type": "Point",
        "coordinates": [
          5.9520998,
          52.1168168
        ]
      },
      "id": "node/45313800"
    },
    {
      "type": "Feature",
      "properties": {
        "@id": "node/45326808",
        "highway": "motorway_junction",
        "name": "Maarssen",
        "ref": "6",
        "wikidata": "Q20531684"
      },
      "geometry": {
        "type": "Point",
        "coordinates": [
          5.0280615,
          52.1199153
        ]
      },
      "id": "node/45326808"
    },
    {
      "type": "Feature",
      "properties": {
        "@id": "node/45327993",
        "highway": "motorway_junction",
        "name": "Scherpenzeel",
        "ref": "4",
        "source": "AND",
        "wikidata": "Q96631982"
      },
      "geometry": {
        "type": "Point",
        "coordinates": [
          5.5676138,
          52.1192669
        ]
      },
      "id": "node/45327993"
    },
    {
      "type": "Feature",
      "properties": {
        "@id": "node/45341288",
        "highway": "motorway_junction",
        "name": "Maarssen-Broek"
      },
      "geometry": {
        "type": "Point",
        "coordinates": [
          5.0371753,
          52.1221731
        ]
      },
      "id": "node/45341288"
    },
    {
      "type": "Feature",
      "properties": {
        "@id": "node/45342843",
        "highway": "motorway_junction",
        "name": "Hazerswoude",
        "ref": "7"
      },
      "geometry": {
        "type": "Point",
        "coordinates": [
          4.5873565,
          52.1225816
        ]
      },
      "id": "node/45342843"
    },
    {
      "type": "Feature",
      "properties": {
        "@id": "node/45343671",
        "highway": "motorway_junction",
        "name": "Hazerswoude",
        "ref": "7"
      },
      "geometry": {
        "type": "Point",
        "coordinates": [
          4.5878185,
          52.1227419
        ]
      },
      "id": "node/45343671"
    },
    {
      "type": "Feature",
      "properties": {
        "@id": "node/45345703",
        "highway": "motorway_junction",
        "name": "Maarssen-Broek"
      },
      "geometry": {
        "type": "Point",
        "coordinates": [
          5.0378477,
          52.1234174
        ]
      },
      "id": "node/45345703"
    },
    {
      "type": "Feature",
      "properties": {
        "@id": "node/45346869",
        "highway": "motorway_junction",
        "name": "Alphen aan den Rijn-West",
        "ref": "8"
      },
      "geometry": {
        "type": "Point",
        "coordinates": [
          4.6257555,
          52.1233842
        ]
      },
      "id": "node/45346869"
    },
    {
      "type": "Feature",
      "properties": {
        "@id": "node/45354513",
        "highway": "motorway_junction",
        "name": "Utrecht-Noord",
        "ref": "31",
        "source": "AND",
        "wikidata": "Q20532574"
      },
      "geometry": {
        "type": "Point",
        "coordinates": [
          5.1470361,
          52.1242772
        ]
      },
      "id": "node/45354513"
    },
    {
      "type": "Feature",
      "properties": {
        "@id": "node/45364899",
        "highway": "motorway_junction",
        "name": "Hoenderloo",
        "ref": "22"
      },
      "geometry": {
        "type": "Point",
        "coordinates": [
          5.9640355,
          52.1274127
        ]
      },
      "id": "node/45364899"
    },
    {
      "type": "Feature",
      "properties": {
        "@id": "node/45365957",
        "highway": "motorway_junction",
        "name": "Maarn",
        "ref": "5"
      },
      "geometry": {
        "type": "Point",
        "coordinates": [
          5.3601784,
          52.1273749
        ]
      },
      "id": "node/45365957"
    },
    {
      "type": "Feature",
      "properties": {
        "@id": "node/45380395",
        "highway": "motorway_junction",
        "name": "Leusden-Zuid",
        "ref": "6",
        "source": "AND"
      },
      "geometry": {
        "type": "Point",
        "coordinates": [
          5.3770471,
          52.1309031
        ]
      },
      "id": "node/45380395"
    },
    {
      "type": "Feature",
      "properties": {
        "@id": "node/45387156",
        "highway": "motorway_junction",
        "name": "Maarn",
        "note": "De N221 (oude A28) en de huidige A28 hebben beide een afrit 5. Bijv. Dierenpark staat op de A28 aangegeven als volg afrit 5, maar dat is dus alleen de eerste afrit 5 van de twee.",
        "ref": "5",
        "wikidata": "Q20174690"
      },
      "geometry": {
        "type": "Point",
        "coordinates": [
          5.3837178,
          52.1322776
        ]
      },
      "id": "node/45387156"
    },
    {
      "type": "Feature",
      "properties": {
        "@id": "node/45395328",
        "highway": "motorway_junction",
        "name": "Maarssen-Dorp"
      },
      "geometry": {
        "type": "Point",
        "coordinates": [
          5.0554311,
          52.133726
        ]
      },
      "id": "node/45395328"
    },
    {
      "type": "Feature",
      "properties": {
        "@id": "node/45403807",
        "highway": "motorway_junction",
        "name": "Maarssen-Dorp"
      },
      "geometry": {
        "type": "Point",
        "coordinates": [
          5.0623387,
          52.1357434
        ]
      },
      "id": "node/45403807"
    },
    {
      "type": "Feature",
      "properties": {
        "@id": "node/45415113",
        "highway": "motorway_junction",
        "name": "Loenen",
        "ref": "23"
      },
      "geometry": {
        "type": "Point",
        "coordinates": [
          5.9865494,
          52.1380567
        ]
      },
      "id": "node/45415113"
    },
    {
      "type": "Feature",
      "properties": {
        "@id": "node/45415789",
        "highway": "motorway_junction",
        "name": "Bilthoven",
        "ref": "32",
        "source": "AND"
      },
      "geometry": {
        "type": "Point",
        "coordinates": [
          5.1556364,
          52.1373337
        ]
      },
      "id": "node/45415789"
    },
    {
      "type": "Feature",
      "properties": {
        "@id": "node/45439034",
        "highway": "motorway_junction",
        "name": "Leusden",
        "ref": "7"
      },
      "geometry": {
        "type": "Point",
        "coordinates": [
          5.4068775,
          52.1415765
        ]
      },
      "id": "node/45439034"
    },
    {
      "type": "Feature",
      "properties": {
        "@id": "node/45440243",
        "highway": "motorway_junction",
        "name": "Loenen",
        "ref": "23"
      },
      "geometry": {
        "type": "Point",
        "coordinates": [
          5.9953118,
          52.1430632
        ]
      },
      "id": "node/45440243"
    },
    {
      "type": "Feature",
      "properties": {
        "@id": "node/45450201",
        "highway": "motorway_junction",
        "name": "Barneveld-Noord",
        "ref": "5",
        "wikidata": "Q96631993"
      },
      "geometry": {
        "type": "Point",
        "coordinates": [
          5.5629296,
          52.1459409
        ]
      },
      "id": "node/45450201"
    },
    {
      "type": "Feature",
      "properties": {
        "@id": "node/45456262",
        "highway": "motorway_junction",
        "name": "Bilthoven",
        "ref": "32",
        "source": "AND"
      },
      "geometry": {
        "type": "Point",
        "coordinates": [
          5.1612173,
          52.1471807
        ]
      },
      "id": "node/45456262"
    },
    {
      "type": "Feature",
      "properties": {
        "@id": "node/45457146",
        "highway": "motorway_junction",
        "name": "Leusden",
        "ref": "7",
        "source": "AND"
      },
      "geometry": {
        "type": "Point",
        "coordinates": [
          5.4124915,
          52.1474083
        ]
      },
      "id": "node/45457146"
    },
    {
      "type": "Feature",
      "properties": {
        "@id": "node/45488595",
        "highway": "motorway_junction",
        "name": "Barneveld-Noord",
        "ref": "5",
        "wikidata": "Q96631993"
      },
      "geometry": {
        "type": "Point",
        "coordinates": [
          5.5642061,
          52.1540659
        ]
      },
      "id": "node/45488595"
    },
    {
      "type": "Feature",
      "properties": {
        "@id": "node/45509424",
        "highway": "motorway_junction",
        "name": "Amersfoort",
        "ref": "8",
        "source": "AND"
      },
      "geometry": {
        "type": "Point",
        "coordinates": [
          5.4190334,
          52.1597187
        ]
      },
      "id": "node/45509424"
    },
    {
      "type": "Feature",
      "properties": {
        "@id": "node/45530618",
        "highway": "motorway_junction"
      },
      "geometry": {
        "type": "Point",
        "coordinates": [
          6.0235974,
          52.1643285
        ]
      },
      "id": "node/45530618"
    },
    {
      "type": "Feature",
      "properties": {
        "@id": "node/45540953",
        "highway": "motorway_junction",
        "name": "Barneveld",
        "ref": "15",
        "wikidata": "Q19826687"
      },
      "geometry": {
        "type": "Point",
        "coordinates": [
          5.5588118,
          52.1668202
        ]
      },
      "id": "node/45540953"
    },
    {
      "type": "Feature",
      "properties": {
        "@id": "node/45546303",
        "highway": "motorway_junction",
        "name": "Barneveld",
        "ref": "15",
        "wikidata": "Q19826687"
      },
      "geometry": {
        "type": "Point",
        "coordinates": [
          5.5723204,
          52.1681176
        ]
      },
      "id": "node/45546303"
    },
    {
      "type": "Feature",
      "properties": {
        "@id": "node/45547650",
        "highway": "motorway_junction",
        "name": "Voorthuizen",
        "ref": "16",
        "wikidata": "Q97687886"
      },
      "geometry": {
        "type": "Point",
        "coordinates": [
          5.5912122,
          52.1685106
        ]
      },
      "id": "node/45547650"
    },
    {
      "type": "Feature",
      "properties": {
        "@id": "node/45549033",
        "highway": "motorway_junction",
        "name": "Voorthuizen",
        "ref": "16",
        "wikidata": "Q97687886"
      },
      "geometry": {
        "type": "Point",
        "coordinates": [
          5.5968042,
          52.1688218
        ]
      },
      "id": "node/45549033"
    },
    {
      "type": "Feature",
      "properties": {
        "@id": "node/45550828",
        "highway": "motorway_junction",
        "name": "Knooppunt Hoevelaken"
      },
      "geometry": {
        "type": "Point",
        "coordinates": [
          5.4439905,
          52.168377
        ]
      },
      "id": "node/45550828"
    },
    {
      "type": "Feature",
      "properties": {
        "@id": "node/45551142",
        "highway": "motorway_junction",
        "name": "Knooppunt Hoevelaken"
      },
      "geometry": {
        "type": "Point",
        "coordinates": [
          5.423049,
          52.1687346
        ]
      },
      "id": "node/45551142"
    },
    {
      "type": "Feature",
      "properties": {
        "@id": "node/45552689",
        "highway": "motorway_junction",
        "name": "Hoevelaken",
        "ref": "14",
        "source": "AND"
      },
      "geometry": {
        "type": "Point",
        "coordinates": [
          5.4410018,
          52.1696283
        ]
      },
      "id": "node/45552689"
    },
    {
      "type": "Feature",
      "properties": {
        "@id": "node/45556329",
        "highway": "motorway_junction",
        "name": "Hoevelaken",
        "ref": "14",
        "source": "AND"
      },
      "geometry": {
        "type": "Point",
        "coordinates": [
          5.4367484,
          52.1711664
        ]
      },
      "id": "node/45556329"
    },
    {
      "type": "Feature",
      "properties": {
        "@id": "node/45563307",
        "highway": "motorway_junction",
        "name": "Breukelen",
        "ref": "5",
        "wikidata": "Q96243735"
      },
      "geometry": {
        "type": "Point",
        "coordinates": [
          4.9874333,
          52.1721525
        ]
      },
      "id": "node/45563307"
    },
    {
      "type": "Feature",
      "properties": {
        "@id": "node/45564332",
        "highway": "motorway_junction"
      },
      "geometry": {
        "type": "Point",
        "coordinates": [
          6.027635,
          52.1731157
        ]
      },
      "id": "node/45564332"
    },
    {
      "type": "Feature",
      "properties": {
        "@id": "node/45565374",
        "highway": "motorway_junction",
        "name": "Knooppunt Hoevelaken"
      },
      "geometry": {
        "type": "Point",
        "coordinates": [
          5.4331109,
          52.1733209
        ]
      },
      "id": "node/45565374"
    },
    {
      "type": "Feature",
      "properties": {
        "@id": "node/45572425",
        "highway": "motorway_junction",
        "name": "Oegstgeest",
        "ref": "7",
        "source": "AND"
      },
      "geometry": {
        "type": "Point",
        "coordinates": [
          4.4565752,
          52.176022
        ]
      },
      "id": "node/45572425"
    },
    {
      "type": "Feature",
      "properties": {
        "@id": "node/45581863",
        "highway": "motorway_junction"
      },
      "geometry": {
        "type": "Point",
        "coordinates": [
          5.9392445,
          52.1784322
        ]
      },
      "id": "node/45581863"
    },
    {
      "type": "Feature",
      "properties": {
        "@id": "node/45584138",
        "highway": "motorway_junction",
        "name": "Knooppunt Hoevelaken",
        "source": "AND"
      },
      "geometry": {
        "type": "Point",
        "coordinates": [
          5.4187995,
          52.1823498
        ]
      },
      "id": "node/45584138"
    },
    {
      "type": "Feature",
      "properties": {
        "@id": "node/45590044",
        "highway": "motorway_junction",
        "name": "Knooppunt Beekbergen",
        "wikidata": "Q2409836",
        "wikipedia": "nl:Knooppunt Beekbergen"
      },
      "geometry": {
        "type": "Point",
        "coordinates": [
          6.0273405,
          52.1800148
        ]
      },
      "id": "node/45590044"
    },
    {
      "type": "Feature",
      "properties": {
        "@id": "node/45595217",
        "highway": "motorway_junction",
        "name": "Hoenderloo",
        "ref": "19"
      },
      "geometry": {
        "type": "Point",
        "coordinates": [
          5.9160815,
          52.1819501
        ]
      },
      "id": "node/45595217"
    },
    {
      "type": "Feature",
      "properties": {
        "@id": "node/45595990",
        "highway": "motorway_junction",
        "name": "Hoenderloo",
        "ref": "19",
        "source": "AND"
      },
      "geometry": {
        "type": "Point",
        "coordinates": [
          5.9141937,
          52.1823193
        ]
      },
      "id": "node/45595990"
    },
    {
      "type": "Feature",
      "properties": {
        "@id": "node/45603895",
        "highway": "motorway_junction"
      },
      "geometry": {
        "type": "Point",
        "coordinates": [
          5.8942149,
          52.1847028
        ]
      },
      "id": "node/45603895"
    },
    {
      "type": "Feature",
      "properties": {
        "@id": "node/45614476",
        "highway": "motorway_junction",
        "name": "Oegstgeest",
        "ref": "7"
      },
      "geometry": {
        "type": "Point",
        "coordinates": [
          4.4608539,
          52.1870096
        ]
      },
      "id": "node/45614476"
    },
    {
      "type": "Feature",
      "properties": {
        "@id": "node/45627583",
        "highway": "motorway_junction",
        "name": "Stroe",
        "ref": "17"
      },
      "geometry": {
        "type": "Point",
        "coordinates": [
          5.6940502,
          52.1906311
        ]
      },
      "id": "node/45627583"
    },
    {
      "type": "Feature",
      "properties": {
        "@id": "node/45632171",
        "highway": "motorway_junction",
        "name": "Amersfoort-Noord",
        "ref": "13",
        "source": "AND"
      },
      "geometry": {
        "type": "Point",
        "coordinates": [
          5.4081497,
          52.1904499
        ]
      },
      "id": "node/45632171"
    },
    {
      "type": "Feature",
      "properties": {
        "@id": "node/45636124",
        "highway": "motorway_junction",
        "name": "Stroe",
        "ref": "17"
      },
      "geometry": {
        "type": "Point",
        "coordinates": [
          5.7074706,
          52.1923205
        ]
      },
      "id": "node/45636124"
    },
    {
      "type": "Feature",
      "properties": {
        "@id": "node/45644208",
        "highway": "motorway_junction",
        "name": "Roelofarendsveen",
        "ref": "5"
      },
      "geometry": {
        "type": "Point",
        "coordinates": [
          4.6107404,
          52.1954869
        ]
      },
      "id": "node/45644208"
    },
    {
      "type": "Feature",
      "properties": {
        "@id": "node/45649862",
        "highway": "motorway_junction",
        "name": "Knooppunt Beekbergen",
        "wikidata": "Q2409836",
        "wikipedia": "nl:Knooppunt Beekbergen"
      },
      "geometry": {
        "type": "Point",
        "coordinates": [
          6.0187813,
          52.1961639
        ]
      },
      "id": "node/45649862"
    },
    {
      "type": "Feature",
      "properties": {
        "@id": "node/45653304",
        "highway": "motorway_junction",
        "name": "Amersfoort-Noord",
        "ref": "13",
        "source": "AND",
        "wikidata": "Q97686987"
      },
      "geometry": {
        "type": "Point",
        "coordinates": [
          5.3977542,
          52.1976221
        ]
      },
      "id": "node/45653304"
    },
    {
      "type": "Feature",
      "properties": {
        "@id": "node/45663394",
        "highway": "motorway_junction",
        "name": "Kootwijk",
        "ref": "18"
      },
      "geometry": {
        "type": "Point",
        "coordinates": [
          5.7801739,
          52.1989083
        ]
      },
      "id": "node/45663394"
    },
    {
      "type": "Feature",
      "properties": {
        "@id": "node/45671340",
        "highway": "motorway_junction",
        "name": "Kootwijk",
        "ref": "18"
      },
      "geometry": {
        "type": "Point",
        "coordinates": [
          5.7855584,
          52.2003635
        ]
      },
      "id": "node/45671340"
    },
    {
      "type": "Feature",
      "properties": {
        "@id": "node/45679948",
        "highway": "motorway_junction",
        "name": "Noordwijk",
        "ref": "6",
        "source": "AND"
      },
      "geometry": {
        "type": "Point",
        "coordinates": [
          4.4808954,
          52.2023542
        ]
      },
      "id": "node/45679948"
    },
    {
      "type": "Feature",
      "properties": {
        "@id": "node/45684484",
        "highway": "motorway_junction",
        "name": "Apeldoorn",
        "ref": "24"
      },
      "geometry": {
        "type": "Point",
        "coordinates": [
          6.0201282,
          52.2028198
        ]
      },
      "id": "node/45684484"
    },
    {
      "type": "Feature",
      "properties": {
        "@id": "node/45688337",
        "highway": "motorway_junction",
        "name": "'t Heen"
      },
      "geometry": {
        "type": "Point",
        "coordinates": [
          4.4281502,
          52.2039296
        ]
      },
      "id": "node/45688337"
    },
    {
      "type": "Feature",
      "properties": {
        "@id": "node/45690951",
        "highway": "motorway_junction",
        "name": "Roelofarendsveen",
        "ref": "5",
        "source": "AND"
      },
      "geometry": {
        "type": "Point",
        "coordinates": [
          4.6179905,
          52.2039217
        ]
      },
      "id": "node/45690951"
    },
    {
      "type": "Feature",
      "properties": {
        "@id": "node/45691869",
        "highway": "motorway_junction",
        "name": "Noordwijk",
        "ref": "6",
        "source": "AND"
      },
      "geometry": {
        "type": "Point",
        "coordinates": [
          4.4877244,
          52.2050997
        ]
      },
      "id": "node/45691869"
    },
    {
      "type": "Feature",
      "properties": {
        "@id": "node/45696322",
        "highway": "motorway_junction",
        "name": "Sassenheim",
        "ref": "5",
        "source": "AND"
      },
      "geometry": {
        "type": "Point",
        "coordinates": [
          4.4914813,
          52.2064578
        ]
      },
      "id": "node/45696322"
    },
    {
      "type": "Feature",
      "properties": {
        "@id": "node/45697151",
        "highway": "motorway_junction",
        "name": "Katwijk aan Zee"
      },
      "geometry": {
        "type": "Point",
        "coordinates": [
          4.430565,
          52.2056
        ]
      },
      "id": "node/45697151"
    },
    {
      "type": "Feature",
      "properties": {
        "@id": "node/45702993",
        "highway": "motorway_junction",
        "name": "Hilversum",
        "ref": "33"
      },
      "geometry": {
        "type": "Point",
        "coordinates": [
          5.2018554,
          52.207348
        ]
      },
      "id": "node/45702993"
    },
    {
      "type": "Feature",
      "properties": {
        "@id": "node/45705797",
        "highway": "motorway_junction",
        "name": "Bunschoten-Spakenburg",
        "ref": "12",
        "source": "AND"
      },
      "geometry": {
        "type": "Point",
        "coordinates": [
          5.3711611,
          52.2077587
        ]
      },
      "id": "node/45705797"
    },
    {
      "type": "Feature",
      "properties": {
        "@id": "node/45707285",
        "highway": "motorway_junction",
        "name": "Amersfoort-West",
        "ref": "12"
      },
      "geometry": {
        "type": "Point",
        "coordinates": [
          5.3653474,
          52.2082296
        ]
      },
      "id": "node/45707285"
    },
    {
      "type": "Feature",
      "properties": {
        "@id": "node/45707755",
        "highway": "motorway_junction"
      },
      "geometry": {
        "type": "Point",
        "coordinates": [
          6.0926345,
          52.2083213
        ]
      },
      "id": "node/45707755"
    },
    {
      "type": "Feature",
      "properties": {
        "@id": "node/45708281",
        "highway": "motorway_junction",
        "name": "Apeldoorn",
        "ref": "24"
      },
      "geometry": {
        "type": "Point",
        "coordinates": [
          6.02208,
          52.2082142
        ]
      },
      "id": "node/45708281"
    },
    {
      "type": "Feature",
      "properties": {
        "@id": "node/45710456",
        "highway": "motorway_junction",
        "name": "Rijnsburg"
      },
      "geometry": {
        "type": "Point",
        "coordinates": [
          4.4360845,
          52.2088466
        ]
      },
      "id": "node/45710456"
    },
    {
      "type": "Feature",
      "properties": {
        "@id": "node/45715115",
        "highway": "motorway_junction"
      },
      "geometry": {
        "type": "Point",
        "coordinates": [
          6.0985751,
          52.2102834
        ]
      },
      "id": "node/45715115"
    },
    {
      "type": "Feature",
      "properties": {
        "@id": "node/45718571",
        "highway": "motorway_junction",
        "name": "Warmond",
        "ref": "4"
      },
      "geometry": {
        "type": "Point",
        "coordinates": [
          4.5025407,
          52.210756
        ]
      },
      "id": "node/45718571"
    },
    {
      "type": "Feature",
      "properties": {
        "@id": "node/45719978",
        "highway": "motorway_junction",
        "name": "Apeldoorn",
        "ref": "24"
      },
      "geometry": {
        "type": "Point",
        "coordinates": [
          6.0224303,
          52.2115715
        ]
      },
      "id": "node/45719978"
    },
    {
      "type": "Feature",
      "properties": {
        "@id": "node/45720553",
        "highway": "motorway_junction",
        "name": "Rijnsburg"
      },
      "geometry": {
        "type": "Point",
        "coordinates": [
          4.4400539,
          52.2110202
        ]
      },
      "id": "node/45720553"
    },
    {
      "type": "Feature",
      "properties": {
        "@id": "node/45735114",
        "highway": "motorway_junction",
        "name": "Warmond",
        "ref": "4"
      },
      "geometry": {
        "type": "Point",
        "coordinates": [
          4.5107854,
          52.2140632
        ]
      },
      "id": "node/45735114"
    },
    {
      "type": "Feature",
      "properties": {
        "@id": "node/45745360",
        "highway": "motorway_junction",
        "name": "Twello",
        "ref": "22",
        "wikidata": "Q97711266"
      },
      "geometry": {
        "type": "Point",
        "coordinates": [
          6.1177503,
          52.2161387
        ]
      },
      "id": "node/45745360"
    },
    {
      "type": "Feature",
      "properties": {
        "@id": "node/45749517",
        "highway": "motorway_junction",
        "name": "Usselo"
      },
      "geometry": {
        "type": "Point",
        "coordinates": [
          6.8455108,
          52.2173568
        ]
      },
      "id": "node/45749517"
    },
    {
      "type": "Feature",
      "properties": {
        "@id": "node/45756619",
        "highway": "motorway_junction",
        "name": "Noordwijk"
      },
      "geometry": {
        "type": "Point",
        "coordinates": [
          4.4506747,
          52.2180886
        ]
      },
      "id": "node/45756619"
    },
    {
      "type": "Feature",
      "properties": {
        "@id": "node/45763467",
        "highway": "motorway_junction",
        "name": "Baarn",
        "ref": "11",
        "source": "AND"
      },
      "geometry": {
        "type": "Point",
        "coordinates": [
          5.3037009,
          52.2196658
        ]
      },
      "id": "node/45763467"
    },
    {
      "type": "Feature",
      "properties": {
        "@id": "node/45764517",
        "highway": "motorway_junction",
        "name": "Twello",
        "ref": "22",
        "wikidata": "Q97711266"
      },
      "geometry": {
        "type": "Point",
        "coordinates": [
          6.1321233,
          52.2200789
        ]
      },
      "id": "node/45764517"
    },
    {
      "type": "Feature",
      "properties": {
        "@id": "node/45768182",
        "highway": "motorway_junction",
        "name": "Baarn",
        "ref": "11",
        "source": "AND"
      },
      "geometry": {
        "type": "Point",
        "coordinates": [
          5.2951113,
          52.2212496
        ]
      },
      "id": "node/45768182"
    },
    {
      "type": "Feature",
      "properties": {
        "@id": "node/45770710",
        "highway": "motorway_junction",
        "name": "Noordwijkerhout",
        "ref": "3",
        "source": "AND"
      },
      "geometry": {
        "type": "Point",
        "coordinates": [
          4.5436235,
          52.2216051
        ]
      },
      "id": "node/45770710"
    },
    {
      "type": "Feature",
      "properties": {
        "@id": "node/45775013",
        "highway": "motorway_junction",
        "name": "Noordwijkerhout",
        "ref": "3",
        "source": "AND"
      },
      "geometry": {
        "type": "Point",
        "coordinates": [
          4.5468148,
          52.2223762
        ]
      },
      "id": "node/45775013"
    },
    {
      "type": "Feature",
      "properties": {
        "@id": "node/45781168",
        "highway": "motorway_junction",
        "name": "Knooppunt Eemnes"
      },
      "geometry": {
        "type": "Point",
        "coordinates": [
          5.2703377,
          52.223852
        ]
      },
      "id": "node/45781168"
    },
    {
      "type": "Feature",
      "properties": {
        "@id": "node/45782292",
        "highway": "motorway_junction",
        "name": "Soest",
        "ref": "10",
        "source": "AND"
      },
      "geometry": {
        "type": "Point",
        "coordinates": [
          5.2625582,
          52.2242043
        ]
      },
      "id": "node/45782292"
    },
    {
      "type": "Feature",
      "properties": {
        "@id": "node/45789321",
        "highway": "motorway_junction",
        "name": "Soest",
        "ref": "10",
        "source": "AND",
        "wikidata": "Q20174395"
      },
      "geometry": {
        "type": "Point",
        "coordinates": [
          5.2491315,
          52.226056
        ]
      },
      "id": "node/45789321"
    },
    {
      "type": "Feature",
      "properties": {
        "@id": "node/45795002",
        "highway": "motorway_junction",
        "name": "Vinkeveen",
        "ref": "4",
        "wikidata": "Q96973968"
      },
      "geometry": {
        "type": "Point",
        "coordinates": [
          4.9795392,
          52.2306262
        ]
      },
      "id": "node/45795002"
    },
    {
      "type": "Feature",
      "properties": {
        "@id": "node/45795288",
        "highway": "motorway_junction",
        "name": "Kaag",
        "ref": "2",
        "wikidata": "Q96579354"
      },
      "geometry": {
        "type": "Point",
        "coordinates": [
          4.5690749,
          52.2274211
        ]
      },
      "id": "node/45795288"
    },
    {
      "type": "Feature",
      "properties": {
        "@id": "node/45798248",
        "highway": "motorway_junction",
        "name": "Kaag",
        "ref": "2",
        "wikidata": "Q96579354"
      },
      "geometry": {
        "type": "Point",
        "coordinates": [
          4.580657,
          52.228037
        ]
      },
      "id": "node/45798248"
    },
    {
      "type": "Feature",
      "properties": {
        "@id": "node/45801975",
        "highway": "motorway_junction",
        "name": "Knooppunt Eemnes"
      },
      "geometry": {
        "type": "Point",
        "coordinates": [
          5.2463496,
          52.227818
        ]
      },
      "id": "node/45801975"
    },
    {
      "type": "Feature",
      "properties": {
        "@id": "node/45803139",
        "highway": "motorway_junction",
        "name": "Knooppunt Eemnes",
        "source": "AND",
        "wikidata": "Q1964239"
      },
      "geometry": {
        "type": "Point",
        "coordinates": [
          5.2322586,
          52.2288779
        ]
      },
      "id": "node/45803139"
    },
    {
      "type": "Feature",
      "properties": {
        "@id": "node/45808074",
        "highway": "motorway_junction",
        "name": "Nieuw-Vennep",
        "ref": "4",
        "source": "AND"
      },
      "geometry": {
        "type": "Point",
        "coordinates": [
          4.6456862,
          52.2310656
        ]
      },
      "id": "node/45808074"
    },
    {
      "type": "Feature",
      "properties": {
        "@id": "node/45809412",
        "highway": "motorway_junction",
        "name": "Oude-Wetering",
        "ref": "1",
        "source": "AND"
      },
      "geometry": {
        "type": "Point",
        "coordinates": [
          4.6218555,
          52.2308994
        ]
      },
      "id": "node/45809412"
    },
    {
      "type": "Feature",
      "properties": {
        "@id": "node/45812747",
        "highway": "motorway_junction",
        "name": "Soest",
        "ref": "10"
      },
      "geometry": {
        "type": "Point",
        "coordinates": [
          5.2388749,
          52.2317926
        ]
      },
      "id": "node/45812747"
    },
    {
      "type": "Feature",
      "properties": {
        "@id": "node/45813709",
        "highway": "motorway_junction",
        "name": "Oude Wetering",
        "ref": "1",
        "source": "AND"
      },
      "geometry": {
        "type": "Point",
        "coordinates": [
          4.6326406,
          52.2319142
        ]
      },
      "id": "node/45813709"
    },
    {
      "type": "Feature",
      "properties": {
        "@id": "node/45824029",
        "highway": "motorway_junction",
        "name": "Deventer",
        "ref": "23"
      },
      "geometry": {
        "type": "Point",
        "coordinates": [
          6.1843847,
          52.2343546
        ]
      },
      "id": "node/45824029"
    },
    {
      "type": "Feature",
      "properties": {
        "@id": "node/45825102",
        "highway": "motorway_junction",
        "name": "Hengelo-Zuid",
        "ref": "27",
        "source": "AND"
      },
      "geometry": {
        "type": "Point",
        "coordinates": [
          6.7684654,
          52.2347497
        ]
      },
      "id": "node/45825102"
    },
    {
      "type": "Feature",
      "properties": {
        "@id": "node/45825559",
        "highway": "motorway_junction",
        "name": "Deventer",
        "ref": "23"
      },
      "geometry": {
        "type": "Point",
        "coordinates": [
          6.1906162,
          52.2348759
        ]
      },
      "id": "node/45825559"
    },
    {
      "type": "Feature",
      "properties": {
        "@id": "node/45831697",
        "highway": "motorway_junction",
        "name": "Knooppunt Eemnes",
        "source": "AND"
      },
      "geometry": {
        "type": "Point",
        "coordinates": [
          5.2441818,
          52.2376127
        ]
      },
      "id": "node/45831697"
    },
    {
      "type": "Feature",
      "properties": {
        "@id": "node/45831785",
        "highway": "motorway_junction",
        "name": "Deventer-Oost",
        "ref": "24",
        "source": "AND"
      },
      "geometry": {
        "type": "Point",
        "coordinates": [
          6.2122817,
          52.2364046
        ]
      },
      "id": "node/45831785"
    },
    {
      "type": "Feature",
      "properties": {
        "@id": "node/45834390",
        "highway": "motorway_junction",
        "name": "Knooppunt Burgerveen"
      },
      "geometry": {
        "type": "Point",
        "coordinates": [
          4.6551889,
          52.2384401
        ]
      },
      "id": "node/45834390"
    },
    {
      "type": "Feature",
      "properties": {
        "@id": "node/45834419",
        "highway": "motorway_junction",
        "name": "Deventer-Oost",
        "ref": "24",
        "source": "AND"
      },
      "geometry": {
        "type": "Point",
        "coordinates": [
          6.2195126,
          52.2372756
        ]
      },
      "id": "node/45834419"
    },
    {
      "type": "Feature",
      "properties": {
        "@id": "node/45836054",
        "highway": "motorway_junction",
        "name": "De Witte Bergen",
        "ref": "9a"
      },
      "geometry": {
        "type": "Point",
        "coordinates": [
          5.230243,
          52.2376548
        ]
      },
      "id": "node/45836054"
    },
    {
      "type": "Feature",
      "properties": {
        "@id": "node/45839607",
        "highway": "motorway_junction",
        "name": "Nieuw-Vennep",
        "ref": "4",
        "source": "AND"
      },
      "geometry": {
        "type": "Point",
        "coordinates": [
          4.6563394,
          52.2385175
        ]
      },
      "id": "node/45839607"
    },
    {
      "type": "Feature",
      "properties": {
        "@id": "node/45841541",
        "highway": "motorway_junction",
        "name": "De Witte Bergen",
        "ref": "9a"
      },
      "geometry": {
        "type": "Point",
        "coordinates": [
          5.2268941,
          52.2389351
        ]
      },
      "id": "node/45841541"
    },
    {
      "type": "Feature",
      "properties": {
        "@id": "node/45849508",
        "highway": "motorway_junction",
        "name": "Knooppunt Eemnes"
      },
      "geometry": {
        "type": "Point",
        "coordinates": [
          5.22244,
          52.2416414
        ]
      },
      "id": "node/45849508"
    },
    {
      "type": "Feature",
      "properties": {
        "@id": "node/45852721",
        "highway": "motorway_junction",
        "name": "Nijkerk",
        "ref": "9"
      },
      "geometry": {
        "type": "Point",
        "coordinates": [
          5.4749211,
          52.2420491
        ]
      },
      "id": "node/45852721"
    },
    {
      "type": "Feature",
      "properties": {
        "@id": "node/45852761",
        "highway": "motorway_junction",
        "name": "Hengelo-Zuid",
        "ref": "27",
        "source": "AND"
      },
      "geometry": {
        "type": "Point",
        "coordinates": [
          6.7584427,
          52.2421139
        ]
      },
      "id": "node/45852761"
    },
    {
      "type": "Feature",
      "properties": {
        "@id": "node/45856436",
        "highway": "motorway_junction",
        "name": "Bathmen",
        "ref": "25",
        "source": "AND"
      },
      "geometry": {
        "type": "Point",
        "coordinates": [
          6.2994897,
          52.2430349
        ]
      },
      "id": "node/45856436"
    },
    {
      "type": "Feature",
      "properties": {
        "@id": "node/45856466",
        "highway": "motorway_junction",
        "name": "Bathmen",
        "ref": "25",
        "source": "AND"
      },
      "geometry": {
        "type": "Point",
        "coordinates": [
          6.318304,
          52.2430446
        ]
      },
      "id": "node/45856466"
    },
    {
      "type": "Feature",
      "properties": {
        "@id": "node/45866112",
        "highway": "motorway_junction",
        "name": "Nijkerk",
        "ref": "9",
        "source": "AND"
      },
      "geometry": {
        "type": "Point",
        "coordinates": [
          5.4848772,
          52.2456152
        ]
      },
      "id": "node/45866112"
    },
    {
      "type": "Feature",
      "properties": {
        "@id": "node/45875758",
        "highway": "motorway_junction",
        "name": "Lochem",
        "ref": "26"
      },
      "geometry": {
        "type": "Point",
        "coordinates": [
          6.3922066,
          52.248326
        ]
      },
      "id": "node/45875758"
    },
    {
      "type": "Feature",
      "properties": {
        "@id": "node/45877333",
        "highway": "motorway_junction",
        "name": "Hilversum-Noord",
        "ref": "9"
      },
      "geometry": {
        "type": "Point",
        "coordinates": [
          5.2138782,
          52.2487552
        ]
      },
      "id": "node/45877333"
    },
    {
      "type": "Feature",
      "properties": {
        "@id": "node/45884065",
        "highway": "motorway_junction",
        "name": "Hilversum-Noord",
        "ref": "9",
        "source": "AND"
      },
      "geometry": {
        "type": "Point",
        "coordinates": [
          5.2130451,
          52.249687
        ]
      },
      "id": "node/45884065"
    },
    {
      "type": "Feature",
      "properties": {
        "@id": "node/45884548",
        "highway": "motorway_junction",
        "name": "Lochem",
        "ref": "26"
      },
      "geometry": {
        "type": "Point",
        "coordinates": [
          6.4059347,
          52.2503994
        ]
      },
      "id": "node/45884548"
    },
    {
      "type": "Feature",
      "properties": {
        "@id": "node/45888770",
        "highway": "motorway_junction",
        "name": "Apeldoorn-Noord",
        "ref": "25"
      },
      "geometry": {
        "type": "Point",
        "coordinates": [
          6.0059669,
          52.2509914
        ]
      },
      "id": "node/45888770"
    },
    {
      "type": "Feature",
      "properties": {
        "@id": "node/45891916",
        "highway": "motorway_junction",
        "name": "Eemnes",
        "ref": "34"
      },
      "geometry": {
        "type": "Point",
        "coordinates": [
          5.2482039,
          52.252446
        ]
      },
      "id": "node/45891916"
    },
    {
      "type": "Feature",
      "properties": {
        "@id": "node/45900392",
        "highway": "motorway_junction",
        "name": "Apeldoorn-Noord",
        "ref": "25"
      },
      "geometry": {
        "type": "Point",
        "coordinates": [
          6.0037806,
          52.2547084
        ]
      },
      "id": "node/45900392"
    },
    {
      "type": "Feature",
      "properties": {
        "@id": "node/45921442",
        "highway": "motorway_junction",
        "name": "Markelo",
        "ref": "27"
      },
      "geometry": {
        "type": "Point",
        "coordinates": [
          6.4489542,
          52.2595324
        ]
      },
      "id": "node/45921442"
    },
    {
      "type": "Feature",
      "properties": {
        "@id": "node/45929891",
        "highway": "motorway_junction",
        "name": "Hengelo-West",
        "old_name": "Delden",
        "ref": "28",
        "wikidata": "Q96581160"
      },
      "geometry": {
        "type": "Point",
        "coordinates": [
          6.7516066,
          52.2616475
        ]
      },
      "id": "node/45929891"
    },
    {
      "type": "Feature",
      "properties": {
        "@id": "node/45938357",
        "highway": "motorway_junction",
        "name": "Strand Nulde",
        "ref": "10",
        "source": "AND"
      },
      "geometry": {
        "type": "Point",
        "coordinates": [
          5.5324229,
          52.2636611
        ]
      },
      "id": "node/45938357"
    },
    {
      "type": "Feature",
      "properties": {
        "@id": "node/45940179",
        "highway": "motorway_junction",
        "name": "Blaricum",
        "ref": "8",
        "source": "AND"
      },
      "geometry": {
        "type": "Point",
        "coordinates": [
          5.2073544,
          52.2648035
        ]
      },
      "id": "node/45940179"
    },
    {
      "type": "Feature",
      "properties": {
        "@id": "node/45944706",
        "highway": "motorway_junction",
        "name": "Nijkerkernauw"
      },
      "geometry": {
        "type": "Point",
        "coordinates": [
          5.4696535,
          52.2652907
        ]
      },
      "id": "node/45944706"
    },
    {
      "type": "Feature",
      "properties": {
        "@id": "node/45946637",
        "highway": "motorway_junction",
        "name": "Markelo",
        "ref": "27"
      },
      "geometry": {
        "type": "Point",
        "coordinates": [
          6.4630818,
          52.2657505
        ]
      },
      "id": "node/45946637"
    },
    {
      "type": "Feature",
      "properties": {
        "@id": "node/45949026",
        "highway": "motorway_junction",
        "name": "Nijkerkernauw"
      },
      "geometry": {
        "type": "Point",
        "coordinates": [
          5.4690408,
          52.2664132
        ]
      },
      "id": "node/45949026"
    },
    {
      "type": "Feature",
      "properties": {
        "@id": "node/45949697",
        "highway": "motorway_junction",
        "name": "Abcoude",
        "ref": "3",
        "wikidata": "Q96974220"
      },
      "geometry": {
        "type": "Point",
        "coordinates": [
          4.9611196,
          52.266248
        ]
      },
      "id": "node/45949697"
    },
    {
      "type": "Feature",
      "properties": {
        "@id": "node/45952262",
        "highway": "motorway_junction",
        "name": "Noordwijkerhout-Noord"
      },
      "geometry": {
        "type": "Point",
        "coordinates": [
          4.5017207,
          52.2674443
        ]
      },
      "id": "node/45952262"
    },
    {
      "type": "Feature",
      "properties": {
        "@id": "node/45955510",
        "highway": "motorway_junction",
        "name": "Blaricum",
        "ref": "8",
        "source": "AND"
      },
      "geometry": {
        "type": "Point",
        "coordinates": [
          5.2025315,
          52.2678224
        ]
      },
      "id": "node/45955510"
    },
    {
      "type": "Feature",
      "properties": {
        "@id": "node/45963494",
        "highway": "motorway_junction",
        "name": "Hengelo-West",
        "old_name": "Delden",
        "ref": "28",
        "wikidata": "Q96581160"
      },
      "geometry": {
        "type": "Point",
        "coordinates": [
          6.7497857,
          52.2701288
        ]
      },
      "id": "node/45963494"
    },
    {
      "type": "Feature",
      "properties": {
        "@id": "node/45964633",
        "highway": "motorway_junction",
        "name": "Strand Nulde",
        "ref": "10",
        "source": "AND"
      },
      "geometry": {
        "type": "Point",
        "coordinates": [
          5.5376233,
          52.269928
        ]
      },
      "id": "node/45964633"
    },
    {
      "type": "Feature",
      "properties": {
        "@id": "node/45992848",
        "highway": "motorway_junction",
        "name": "Hengelo-Noord",
        "ref": "31"
      },
      "geometry": {
        "type": "Point",
        "coordinates": [
          6.841329,
          52.2778211
        ]
      },
      "id": "node/45992848"
    },
    {
      "type": "Feature",
      "properties": {
        "@id": "node/45999406",
        "highway": "motorway_junction",
        "name": "Huizen",
        "ref": "35",
        "source": "AND"
      },
      "geometry": {
        "type": "Point",
        "coordinates": [
          5.2693005,
          52.2805273
        ]
      },
      "id": "node/45999406"
    },
    {
      "type": "Feature",
      "properties": {
        "@id": "node/46000342",
        "highway": "motorway_junction",
        "name": "Naarden",
        "ref": "7",
        "source": "AND"
      },
      "geometry": {
        "type": "Point",
        "coordinates": [
          5.1842252,
          52.2802385
        ]
      },
      "id": "node/46000342"
    },
    {
      "type": "Feature",
      "properties": {
        "@id": "node/46000746",
        "highway": "motorway_junction",
        "name": "Knooppunt Holendrecht",
        "wikidata": "Q2041437",
        "wikipedia": "nl:Knooppunt Holendrecht"
      },
      "geometry": {
        "type": "Point",
        "coordinates": [
          4.9530572,
          52.2802323
        ]
      },
      "id": "node/46000746"
    },
    {
      "type": "Feature",
      "properties": {
        "@id": "node/46002562",
        "highway": "motorway_junction",
        "name": "Knooppunt Buren",
        "source": "AND"
      },
      "geometry": {
        "type": "Point",
        "coordinates": [
          6.7459722,
          52.2808905
        ]
      },
      "id": "node/46002562"
    },
    {
      "type": "Feature",
      "properties": {
        "@id": "node/46007213",
        "highway": "motorway_junction",
        "name": "Huizen",
        "ref": "35",
        "source": "AND"
      },
      "geometry": {
        "type": "Point",
        "coordinates": [
          5.2711442,
          52.2816643
        ]
      },
      "id": "node/46007213"
    },
    {
      "type": "Feature",
      "properties": {
        "@id": "node/46013279",
        "highway": "motorway_junction",
        "name": "Rijssen",
        "ref": "28"
      },
      "geometry": {
        "type": "Point",
        "coordinates": [
          6.5506947,
          52.2836825
        ]
      },
      "id": "node/46013279"
    },
    {
      "type": "Feature",
      "properties": {
        "@id": "node/46014365",
        "highway": "motorway_junction",
        "name": "Naarden",
        "ref": "7",
        "source": "AND"
      },
      "geometry": {
        "type": "Point",
        "coordinates": [
          5.1837003,
          52.2841105
        ]
      },
      "id": "node/46014365"
    },
    {
      "type": "Feature",
      "properties": {
        "@id": "node/46016235",
        "highway": "motorway_junction",
        "name": "Rijssen",
        "ref": "28"
      },
      "geometry": {
        "type": "Point",
        "coordinates": [
          6.5632153,
          52.2843216
        ]
      },
      "id": "node/46016235"
    },
    {
      "type": "Feature",
      "properties": {
        "@id": "node/46020953",
        "highway": "motorway_junction",
        "name": "Knooppunt Holendrecht",
        "wikidata": "Q2041437",
        "wikipedia": "nl:Knooppunt Holendrecht"
      },
      "geometry": {
        "type": "Point",
        "coordinates": [
          4.9393187,
          52.2857926
        ]
      },
      "id": "node/46020953"
    },
    {
      "type": "Feature",
      "properties": {
        "@id": "node/46021888",
        "highway": "motorway_junction",
        "name": "Hengelo",
        "ref": "30",
        "source": "AND"
      },
      "geometry": {
        "type": "Point",
        "coordinates": [
          6.7655834,
          52.286057
        ]
      },
      "id": "node/46021888"
    },
    {
      "type": "Feature",
      "properties": {
        "@id": "node/46023307",
        "highway": "motorway_junction",
        "name": "Amsterdam-Zuidoost",
        "note": "Afrit(nummer) van A2",
        "ref": "2",
        "source": "AND"
      },
      "geometry": {
        "type": "Point",
        "coordinates": [
          4.9484635,
          52.2863793
        ]
      },
      "id": "node/46023307"
    },
    {
      "type": "Feature",
      "properties": {
        "@id": "node/46023976",
        "highway": "motorway_junction",
        "name": "Knooppunt Buren",
        "source": "AND"
      },
      "geometry": {
        "type": "Point",
        "coordinates": [
          6.7417596,
          52.2860817
        ]
      },
      "id": "node/46023976"
    },
    {
      "type": "Feature",
      "properties": {
        "@id": "node/46029081",
        "highway": "motorway_junction",
        "name": "Knooppunt De Hoek"
      },
      "geometry": {
        "type": "Point",
        "coordinates": [
          4.7270313,
          52.2882238
        ]
      },
      "id": "node/46029081"
    },
    {
      "type": "Feature",
      "properties": {
        "@id": "node/46031218",
        "highway": "motorway_junction",
        "name": "Hengelo",
        "ref": "30",
        "source": "AND"
      },
      "geometry": {
        "type": "Point",
        "coordinates": [
          6.7780991,
          52.2885166
        ]
      },
      "id": "node/46031218"
    },
    {
      "type": "Feature",
      "properties": {
        "@id": "node/46034903",
        "highway": "motorway_junction",
        "name": "Borne-West",
        "ref": "29"
      },
      "geometry": {
        "type": "Point",
        "coordinates": [
          6.7372305,
          52.2893241
        ]
      },
      "id": "node/46034903"
    },
    {
      "type": "Feature",
      "properties": {
        "@id": "node/46042419",
        "highway": "motorway_junction",
        "name": "Knooppunt Buren",
        "source": "AND"
      },
      "geometry": {
        "type": "Point",
        "coordinates": [
          6.7320245,
          52.2910447
        ]
      },
      "id": "node/46042419"
    },
    {
      "type": "Feature",
      "properties": {
        "@id": "node/46047529",
        "highway": "motorway_junction",
        "name": "Vaassen",
        "ref": "26",
        "source": "AND"
      },
      "geometry": {
        "type": "Point",
        "coordinates": [
          6.0097041,
          52.2919079
        ]
      },
      "id": "node/46047529"
    },
    {
      "type": "Feature",
      "properties": {
        "@id": "node/46055002",
        "highway": "motorway_junction",
        "name": "Oldenzaal",
        "ref": "32"
      },
      "geometry": {
        "type": "Point",
        "coordinates": [
          6.8813939,
          52.2939449
        ]
      },
      "id": "node/46055002"
    },
    {
      "type": "Feature",
      "properties": {
        "@id": "node/46059368",
        "highway": "motorway_junction",
        "name": "Oldenzaal",
        "ref": "32"
      },
      "geometry": {
        "type": "Point",
        "coordinates": [
          6.8893065,
          52.2947674
        ]
      },
      "id": "node/46059368"
    },
    {
      "type": "Feature",
      "properties": {
        "@id": "node/46060304",
        "highway": "motorway_junction",
        "name": "Vaassen",
        "ref": "26",
        "source": "AND"
      },
      "geometry": {
        "type": "Point",
        "coordinates": [
          6.0091067,
          52.2957336
        ]
      },
      "id": "node/46060304"
    },
    {
      "type": "Feature",
      "properties": {
        "@id": "node/46061095",
        "highway": "motorway_junction",
        "name": "Amstelveen",
        "ref": "4",
        "wikidata": "Q96196831"
      },
      "geometry": {
        "type": "Point",
        "coordinates": [
          4.8875467,
          52.2956615
        ]
      },
      "id": "node/46061095"
    },
    {
      "type": "Feature",
      "properties": {
        "@id": "node/46066314",
        "highway": "motorway_junction",
        "name": "Borne-West",
        "ref": "29"
      },
      "geometry": {
        "type": "Point",
        "coordinates": [
          6.7242803,
          52.2962326
        ]
      },
      "id": "node/46066314"
    },
    {
      "type": "Feature",
      "properties": {
        "@id": "node/46070675",
        "highway": "motorway_junction"
      },
      "geometry": {
        "type": "Point",
        "coordinates": [
          5.1751726,
          52.2972121
        ]
      },
      "id": "node/46070675"
    },
    {
      "type": "Feature",
      "properties": {
        "@id": "node/46071171",
        "highway": "motorway_junction",
        "name": "Enter"
      },
      "geometry": {
        "type": "Point",
        "coordinates": [
          6.5538385,
          52.2975751
        ]
      },
      "id": "node/46071171"
    },
    {
      "type": "Feature",
      "properties": {
        "@id": "node/46077338",
        "highway": "motorway_junction",
        "name": "Schiphol",
        "ref": "2",
        "source": "AND"
      },
      "geometry": {
        "type": "Point",
        "coordinates": [
          4.7419084,
          52.2989727
        ]
      },
      "id": "node/46077338"
    },
    {
      "type": "Feature",
      "properties": {
        "@id": "node/46083414",
        "highway": "motorway_junction",
        "name": "De Zilk"
      },
      "geometry": {
        "type": "Point",
        "coordinates": [
          4.5341186,
          52.2995074
        ]
      },
      "id": "node/46083414"
    },
    {
      "type": "Feature",
      "properties": {
        "@id": "node/46091317",
        "highway": "motorway_junction",
        "name": "Knooppunt Holendrecht",
        "wikidata": "Q2041437",
        "wikipedia": "nl:Knooppunt Holendrecht"
      },
      "geometry": {
        "type": "Point",
        "coordinates": [
          4.9337438,
          52.3023568
        ]
      },
      "id": "node/46091317"
    },
    {
      "type": "Feature",
      "properties": {
        "@id": "node/46106424",
        "highway": "motorway_junction",
        "name": "Naarden-Vesting",
        "ref": "6",
        "source": "AND"
      },
      "geometry": {
        "type": "Point",
        "coordinates": [
          5.138622,
          52.305683
        ]
      },
      "id": "node/46106424"
    },
    {
      "type": "Feature",
      "properties": {
        "@id": "node/46108522",
        "highway": "motorway_junction",
        "name": "Naarden-Vesting",
        "ref": "6",
        "source": "AND"
      },
      "geometry": {
        "type": "Point",
        "coordinates": [
          5.1500562,
          52.3061209
        ]
      },
      "id": "node/46108522"
    },
    {
      "type": "Feature",
      "properties": {
        "@id": "node/46110650",
        "highway": "motorway_junction",
        "name": "Knooppunt Azelo"
      },
      "geometry": {
        "type": "Point",
        "coordinates": [
          6.7068605,
          52.3067177
        ]
      },
      "id": "node/46110650"
    },
    {
      "type": "Feature",
      "properties": {
        "@id": "node/46113711",
        "highway": "motorway_junction",
        "name": "Knooppunt Azelo",
        "source": "AND"
      },
      "geometry": {
        "type": "Point",
        "coordinates": [
          6.6858217,
          52.307484
        ]
      },
      "id": "node/46113711"
    },
    {
      "type": "Feature",
      "properties": {
        "@id": "node/46114355",
        "highway": "motorway_junction",
        "name": "Schiphol",
        "ref": "2"
      },
      "geometry": {
        "type": "Point",
        "coordinates": [
          4.7475751,
          52.3083134
        ]
      },
      "id": "node/46114355"
    },
    {
      "type": "Feature",
      "properties": {
        "@id": "node/46118110",
        "highway": "motorway_junction",
        "name": "De Lutte",
        "ref": "34",
        "source": "AND"
      },
      "geometry": {
        "type": "Point",
        "coordinates": [
          7.0030846,
          52.3085107
        ]
      },
      "id": "node/46118110"
    },
    {
      "type": "Feature",
      "properties": {
        "@id": "node/46119406",
        "highway": "motorway_junction",
        "name": "Ouderkerk aan de Amstel",
        "ref": "1",
        "source": "AND"
      },
      "geometry": {
        "type": "Point",
        "coordinates": [
          4.9271718,
          52.3090341
        ]
      },
      "id": "node/46119406"
    },
    {
      "type": "Feature",
      "properties": {
        "@id": "node/46122933",
        "highway": "motorway_junction",
        "name": "Harderwijk-Zuid",
        "ref": "11",
        "source": "AND"
      },
      "geometry": {
        "type": "Point",
        "coordinates": [
          5.5606196,
          52.3090589
        ]
      },
      "id": "node/46122933"
    },
    {
      "type": "Feature",
      "properties": {
        "@id": "node/46125440",
        "highway": "motorway_junction",
        "name": "Zeewolde",
        "ref": "36"
      },
      "geometry": {
        "type": "Point",
        "coordinates": [
          5.3265358,
          52.3102987
        ]
      },
      "id": "node/46125440"
    },
    {
      "type": "Feature",
      "properties": {
        "@id": "node/46126329",
        "highway": "motorway_junction"
      },
      "geometry": {
        "type": "Point",
        "coordinates": [
          4.7066142,
          52.3100707
        ]
      },
      "id": "node/46126329"
    },
    {
      "type": "Feature",
      "properties": {
        "@id": "node/46129220",
        "highway": "motorway_junction",
        "name": "De Lutte",
        "ref": "34"
      },
      "geometry": {
        "type": "Point",
        "coordinates": [
          7.0159348,
          52.3109312
        ]
      },
      "id": "node/46129220"
    },
    {
      "type": "Feature",
      "properties": {
        "@id": "node/46131951",
        "highway": "motorway_junction",
        "name": "Ouderkerk aan de Amstel",
        "ref": "1"
      },
      "geometry": {
        "type": "Point",
        "coordinates": [
          4.9234384,
          52.3122348
        ]
      },
      "id": "node/46131951"
    },
    {
      "type": "Feature",
      "properties": {
        "@id": "node/46137378",
        "highway": "motorway_junction",
        "name": "Zeewolde",
        "ref": "36"
      },
      "geometry": {
        "type": "Point",
        "coordinates": [
          5.331492,
          52.3137563
        ]
      },
      "id": "node/46137378"
    },
    {
      "type": "Feature",
      "properties": {
        "@id": "node/46140752",
        "highway": "motorway_junction"
      },
      "geometry": {
        "type": "Point",
        "coordinates": [
          4.6982209,
          52.3144347
        ]
      },
      "id": "node/46140752"
    },
    {
      "type": "Feature",
      "properties": {
        "@id": "node/46141547",
        "highway": "motorway_junction",
        "name": "Knooppunt Azelo",
        "source": "AND"
      },
      "geometry": {
        "type": "Point",
        "coordinates": [
          6.6886086,
          52.3144047
        ]
      },
      "id": "node/46141547"
    },
    {
      "type": "Feature",
      "properties": {
        "@id": "node/46143006",
        "highway": "motorway_junction",
        "name": "Aalsmeer",
        "ref": "6"
      },
      "geometry": {
        "type": "Point",
        "coordinates": [
          4.8134054,
          52.3145494
        ]
      },
      "id": "node/46143006"
    },
    {
      "type": "Feature",
      "properties": {
        "@id": "node/46144866",
        "highway": "motorway_junction",
        "name": "Harderwijk-Zuid",
        "ref": "11",
        "source": "AND"
      },
      "geometry": {
        "type": "Point",
        "coordinates": [
          5.5662714,
          52.3155408
        ]
      },
      "id": "node/46144866"
    },
    {
      "type": "Feature",
      "properties": {
        "@id": "node/46158096",
        "highway": "motorway_junction",
        "name": "Aalsmeer",
        "ref": "6",
        "source": "AND"
      },
      "geometry": {
        "type": "Point",
        "coordinates": [
          4.8090223,
          52.3184546
        ]
      },
      "id": "node/46158096"
    },
    {
      "type": "Feature",
      "properties": {
        "@id": "node/46169202",
        "highway": "motorway_junction",
        "name": "Almelo-Zuid",
        "ref": "30"
      },
      "geometry": {
        "type": "Point",
        "coordinates": [
          6.653724,
          52.3225423
        ]
      },
      "id": "node/46169202"
    },
    {
      "type": "Feature",
      "properties": {
        "@id": "node/46191307",
        "highway": "motorway_junction",
        "name": "Knooppunt Amstel",
        "source": "AND"
      },
      "geometry": {
        "type": "Point",
        "coordinates": [
          4.913165,
          52.3283688
        ]
      },
      "id": "node/46191307"
    },
    {
      "type": "Feature",
      "properties": {
        "@id": "node/46198010",
        "highway": "motorway_junction",
        "name": "Ermelo",
        "ref": "12",
        "source": "AND"
      },
      "geometry": {
        "type": "Point",
        "coordinates": [
          5.6245591,
          52.3296791
        ]
      },
      "id": "node/46198010"
    },
    {
      "type": "Feature",
      "properties": {
        "@id": "node/46199363",
        "highway": "motorway_junction",
        "name": "Knooppunt Amstel"
      },
      "geometry": {
        "type": "Point",
        "coordinates": [
          4.9027145,
          52.3303647
        ]
      },
      "id": "node/46199363"
    },
    {
      "type": "Feature",
      "properties": {
        "@id": "node/46199762",
        "highway": "motorway_junction",
        "name": "Knooppunt Amstel"
      },
      "geometry": {
        "type": "Point",
        "coordinates": [
          4.9212733,
          52.3298733
        ]
      },
      "id": "node/46199762"
    },
    {
      "type": "Feature",
      "properties": {
        "@id": "node/46201406",
        "highway": "motorway_junction",
        "name": "Ermelo",
        "ref": "12",
        "source": "AND"
      },
      "geometry": {
        "type": "Point",
        "coordinates": [
          5.6130501,
          52.3305783
        ]
      },
      "id": "node/46201406"
    },
    {
      "type": "Feature",
      "properties": {
        "@id": "node/46205333",
        "highway": "motorway_junction",
        "name": "Knooppunt Badhoevedorp"
      },
      "geometry": {
        "type": "Point",
        "coordinates": [
          4.8003972,
          52.3317052
        ]
      },
      "id": "node/46205333"
    },
    {
      "type": "Feature",
      "properties": {
        "@id": "node/46205988",
        "highway": "motorway_junction",
        "name": "Amsterdam-Overamstel",
        "ref": "11"
      },
      "geometry": {
        "type": "Point",
        "coordinates": [
          4.9266603,
          52.3315372
        ]
      },
      "id": "node/46205988"
    },
    {
      "type": "Feature",
      "properties": {
        "@id": "node/46212557",
        "highway": "motorway_junction",
        "name": "Amsterdam-Overamstel",
        "ref": "11"
      },
      "geometry": {
        "type": "Point",
        "coordinates": [
          4.930706,
          52.3331136
        ]
      },
      "id": "node/46212557"
    },
    {
      "type": "Feature",
      "properties": {
        "@id": "node/46213089",
        "highway": "motorway_junction",
        "name": "Epe",
        "ref": "27"
      },
      "geometry": {
        "type": "Point",
        "coordinates": [
          6.009252,
          52.3335961
        ]
      },
      "id": "node/46213089"
    },
    {
      "type": "Feature",
      "properties": {
        "@id": "node/46213935",
        "highway": "motorway_junction",
        "name": "Amsterdam-IJburg",
        "ref": "1a"
      },
      "geometry": {
        "type": "Point",
        "coordinates": [
          5.005042,
          52.3329925
        ]
      },
      "id": "node/46213935"
    },
    {
      "type": "Feature",
      "properties": {
        "@id": "node/46215334",
        "highway": "motorway_junction",
        "name": "Knooppunt Diemen"
      },
      "geometry": {
        "type": "Point",
        "coordinates": [
          5.001687,
          52.3331223
        ]
      },
      "id": "node/46215334"
    },
    {
      "type": "Feature",
      "properties": {
        "@id": "node/46217637",
        "highway": "motorway_junction",
        "name": "Amsterdam-Buitenveldert",
        "ref": "9",
        "source": "AND"
      },
      "geometry": {
        "type": "Point",
        "coordinates": [
          4.8965012,
          52.3344524
        ]
      },
      "id": "node/46217637"
    },
    {
      "type": "Feature",
      "properties": {
        "@id": "node/46223951",
        "highway": "motorway_junction",
        "name": "Almere-Poort",
        "note": "De afrit heet Almere-Poort (met streepje, spelling Rijkswaterstaat) in afwijking met het stadsdeel, dat Almere Poort heet (zonder streepje, spelling gemeente)",
        "ref": "2"
      },
      "geometry": {
        "type": "Point",
        "coordinates": [
          5.1594814,
          52.3359986
        ]
      },
      "id": "node/46223951"
    },
    {
      "type": "Feature",
      "properties": {
        "@id": "node/46224362",
        "highway": "motorway_junction",
        "name": "Epe",
        "ref": "27"
      },
      "geometry": {
        "type": "Point",
        "coordinates": [
          6.0100561,
          52.3347035
        ]
      },
      "id": "node/46224362"
    },
    {
      "type": "Feature",
      "properties": {
        "@id": "node/46225121",
        "highway": "motorway_junction",
        "name": "Harderwijk",
        "ref": "13",
        "source": "AND"
      },
      "geometry": {
        "type": "Point",
        "coordinates": [
          5.6403181,
          52.3348955
        ]
      },
      "id": "node/46225121"
    },
    {
      "type": "Feature",
      "properties": {
        "@id": "node/46232465",
        "highway": "motorway_junction",
        "layer": "2",
        "name": "Amsterdam-Centrum",
        "ref": "12"
      },
      "geometry": {
        "type": "Point",
        "coordinates": [
          4.940597,
          52.3367261
        ]
      },
      "id": "node/46232465"
    },
    {
      "type": "Feature",
      "properties": {
        "@id": "node/46238660",
        "highway": "motorway_junction",
        "name": "Knooppunt De Nieuwe Meer",
        "wikidata": "Q2179633",
        "wikimedia_commons": "Category:Knooppunt De Nieuwe Meer",
        "wikipedia": "nl:Knooppunt De Nieuwe Meer"
      },
      "geometry": {
        "type": "Point",
        "coordinates": [
          4.8454993,
          52.3379604
        ]
      },
      "id": "node/46238660"
    },
    {
      "type": "Feature",
      "properties": {
        "@id": "node/46241331",
        "highway": "motorway_junction",
        "name": "Amsterdam-Slotervaart",
        "ref": "7"
      },
      "geometry": {
        "type": "Point",
        "coordinates": [
          4.8420022,
          52.3394666
        ]
      },
      "id": "node/46241331"
    },
    {
      "type": "Feature",
      "properties": {
        "@id": "node/46241980",
        "highway": "motorway_junction",
        "name": "Amsterdam-Watergraafsmeer",
        "ref": "13"
      },
      "geometry": {
        "type": "Point",
        "coordinates": [
          4.948151,
          52.3384966
        ]
      },
      "id": "node/46241980"
    },
    {
      "type": "Feature",
      "properties": {
        "@id": "node/46242409",
        "highway": "motorway_junction",
        "name": "Amsterdam-Sloten",
        "ref": "1"
      },
      "geometry": {
        "type": "Point",
        "coordinates": [
          4.819125,
          52.338734
        ]
      },
      "id": "node/46242409"
    },
    {
      "type": "Feature",
      "properties": {
        "@id": "node/46243686",
        "highway": "motorway_junction",
        "name": "Amsterdam-Oud Zuid",
        "ref": "8"
      },
      "geometry": {
        "type": "Point",
        "coordinates": [
          4.8648936,
          52.3390451
        ]
      },
      "id": "node/46243686"
    },
    {
      "type": "Feature",
      "properties": {
        "@id": "node/46272901",
        "highway": "motorway_junction",
        "name": "Diemen-Noord",
        "ref": "1",
        "source": "AND"
      },
      "geometry": {
        "type": "Point",
        "coordinates": [
          4.975664,
          52.3462247
        ]
      },
      "id": "node/46272901"
    },
    {
      "type": "Feature",
      "properties": {
        "@id": "node/46276228",
        "highway": "motorway_junction",
        "name": "Knooppunt De Nieuwe Meer",
        "wikidata": "Q2179633",
        "wikimedia_commons": "Category:Knooppunt De Nieuwe Meer",
        "wikipedia": "nl:Knooppunt De Nieuwe Meer"
      },
      "geometry": {
        "type": "Point",
        "coordinates": [
          4.840928,
          52.3444317
        ]
      },
      "id": "node/46276228"
    },
    {
      "type": "Feature",
      "properties": {
        "@id": "node/46278428",
        "highway": "motorway_junction",
        "name": "Knooppunt Watergraafsmeer"
      },
      "geometry": {
        "type": "Point",
        "coordinates": [
          4.958621,
          52.3465837
        ]
      },
      "id": "node/46278428"
    },
    {
      "type": "Feature",
      "properties": {
        "@id": "node/46278814",
        "highway": "motorway_junction",
        "name": "Almere-Hout",
        "note": "De afrit heet Almere-Hout (met streepje, spelling Rijkswaterstaat) in afwijking met het stadsdeel, dat Almere Hout heet (zonder streepje, spelling gemeente)",
        "ref": "37"
      },
      "geometry": {
        "type": "Point",
        "coordinates": [
          5.3405405,
          52.3470291
        ]
      },
      "id": "node/46278814"
    },
    {
      "type": "Feature",
      "properties": {
        "@id": "node/46286113",
        "highway": "motorway_junction",
        "name": "Knooppunt Watergraafsmeer"
      },
      "geometry": {
        "type": "Point",
        "coordinates": [
          4.9699468,
          52.3487619
        ]
      },
      "id": "node/46286113"
    },
    {
      "type": "Feature",
      "properties": {
        "@id": "node/46287473",
        "highway": "motorway_junction",
        "name": "Knooppunt Raasdorp",
        "source": "AND"
      },
      "geometry": {
        "type": "Point",
        "coordinates": [
          4.7362873,
          52.3493504
        ]
      },
      "id": "node/46287473"
    },
    {
      "type": "Feature",
      "properties": {
        "@id": "node/46292540",
        "highway": "motorway_junction",
        "name": "Hierden"
      },
      "geometry": {
        "type": "Point",
        "coordinates": [
          5.6389689,
          52.3504037
        ]
      },
      "id": "node/46292540"
    },
    {
      "type": "Feature",
      "properties": {
        "@id": "node/46298029",
        "highway": "motorway_junction",
        "name": "Knooppunt Raasdorp"
      },
      "geometry": {
        "type": "Point",
        "coordinates": [
          4.7492585,
          52.3520334
        ]
      },
      "id": "node/46298029"
    },
    {
      "type": "Feature",
      "properties": {
        "@id": "node/46300898",
        "highway": "motorway_junction",
        "name": "Almere-Hout",
        "note": "De afrit heet Almere-Hout (met streepje, spelling Rijkswaterstaat) in afwijking met het stadsdeel, dat Almere Hout heet (zonder streepje, spelling gemeente)",
        "ref": "37"
      },
      "geometry": {
        "type": "Point",
        "coordinates": [
          5.333343,
          52.3530502
        ]
      },
      "id": "node/46300898"
    },
    {
      "type": "Feature",
      "properties": {
        "@id": "node/46303533",
        "highway": "motorway_junction",
        "name": "Almere-Haven",
        "note": "De afrit heet Almere-Haven (met streepje, spelling Rijkswaterstaat) in afwijking met het stadsdeel, dat Almere Haven heet (zonder streepje, spelling gemeente)",
        "ref": "4"
      },
      "geometry": {
        "type": "Point",
        "coordinates": [
          5.2372859,
          52.3527601
        ]
      },
      "id": "node/46303533"
    },
    {
      "type": "Feature",
      "properties": {
        "@id": "node/46305570",
        "highway": "motorway_junction",
        "name": "Knooppunt Watergraafsmeer"
      },
      "geometry": {
        "type": "Point",
        "coordinates": [
          4.9639498,
          52.3530038
        ]
      },
      "id": "node/46305570"
    },
    {
      "type": "Feature",
      "properties": {
        "@id": "node/46324050",
        "highway": "motorway_junction",
        "name": "Harderwijk"
      },
      "geometry": {
        "type": "Point",
        "coordinates": [
          5.6244102,
          52.3582232
        ]
      },
      "id": "node/46324050"
    },
    {
      "type": "Feature",
      "properties": {
        "@id": "node/46330295",
        "highway": "motorway_junction",
        "name": "Literatuurwijk"
      },
      "geometry": {
        "type": "Point",
        "coordinates": [
          5.1712698,
          52.3584368
        ]
      },
      "id": "node/46330295"
    },
    {
      "type": "Feature",
      "properties": {
        "@id": "node/46338568",
        "highway": "motorway_junction",
        "name": "Amsterdam-West",
        "ref": "6"
      },
      "geometry": {
        "type": "Point",
        "coordinates": [
          4.8422789,
          52.3615701
        ]
      },
      "id": "node/46338568"
    },
    {
      "type": "Feature",
      "properties": {
        "@id": "node/46342904",
        "highway": "motorway_junction",
        "name": "Elspeet",
        "ref": "14"
      },
      "geometry": {
        "type": "Point",
        "coordinates": [
          5.7809269,
          52.3616735
        ]
      },
      "id": "node/46342904"
    },
    {
      "type": "Feature",
      "properties": {
        "@id": "node/46348183",
        "highway": "motorway_junction",
        "name": "Elspeet",
        "ref": "14"
      },
      "geometry": {
        "type": "Point",
        "coordinates": [
          5.7909467,
          52.3627836
        ]
      },
      "id": "node/46348183"
    },
    {
      "type": "Feature",
      "properties": {
        "@id": "node/46352089",
        "highway": "motorway_junction",
        "name": "Amsterdam-IJburg",
        "ref": "14",
        "wikidata": "Q96602796"
      },
      "geometry": {
        "type": "Point",
        "coordinates": [
          4.9701148,
          52.3632604
        ]
      },
      "id": "node/46352089"
    },
    {
      "type": "Feature",
      "properties": {
        "@id": "node/46359373",
        "highway": "motorway_junction",
        "name": "Wierden-Noord",
        "ref": "2"
      },
      "geometry": {
        "type": "Point",
        "coordinates": [
          6.6124335,
          52.3658818
        ]
      },
      "id": "node/46359373"
    },
    {
      "type": "Feature",
      "properties": {
        "@id": "node/46372297",
        "highway": "motorway_junction",
        "name": "Heerde-Zuid",
        "ref": "28",
        "source": "AND"
      },
      "geometry": {
        "type": "Point",
        "coordinates": [
          6.0250356,
          52.3690326
        ]
      },
      "id": "node/46372297"
    },
    {
      "type": "Feature",
      "properties": {
        "@id": "node/46375283",
        "highway": "motorway_junction",
        "name": "Knooppunt Rottepolderplein"
      },
      "geometry": {
        "type": "Point",
        "coordinates": [
          4.7167338,
          52.3695267
        ]
      },
      "id": "node/46375283"
    },
    {
      "type": "Feature",
      "properties": {
        "@id": "node/46376485",
        "highway": "motorway_junction",
        "name": "Wierden-Noord",
        "ref": "2"
      },
      "geometry": {
        "type": "Point",
        "coordinates": [
          6.608015,
          52.369577
        ]
      },
      "id": "node/46376485"
    },
    {
      "type": "Feature",
      "properties": {
        "@id": "node/46381815",
        "highway": "motorway_junction"
      },
      "geometry": {
        "type": "Point",
        "coordinates": [
          4.9092274,
          52.3703655
        ]
      },
      "id": "node/46381815"
    },
    {
      "type": "Feature",
      "properties": {
        "@id": "node/46383088",
        "highway": "motorway_junction",
        "name": "Knooppunt Rottepolderplein"
      },
      "geometry": {
        "type": "Point",
        "coordinates": [
          4.6877016,
          52.3709037
        ]
      },
      "id": "node/46383088"
    },
    {
      "type": "Feature",
      "properties": {
        "@id": "node/46386446",
        "highway": "motorway_junction",
        "name": "Knooppunt Rottepolderplein"
      },
      "geometry": {
        "type": "Point",
        "coordinates": [
          4.6999852,
          52.3711459
        ]
      },
      "id": "node/46386446"
    },
    {
      "type": "Feature",
      "properties": {
        "@id": "node/46392313",
        "highway": "motorway_junction",
        "name": "Epe",
        "ref": "15"
      },
      "geometry": {
        "type": "Point",
        "coordinates": [
          5.8194218,
          52.3724819
        ]
      },
      "id": "node/46392313"
    },
    {
      "type": "Feature",
      "properties": {
        "@id": "node/46394118",
        "highway": "motorway_junction"
      },
      "geometry": {
        "type": "Point",
        "coordinates": [
          4.9121267,
          52.3734858
        ]
      },
      "id": "node/46394118"
    },
    {
      "type": "Feature",
      "properties": {
        "@id": "node/46402893",
        "highway": "motorway_junction",
        "name": "Amsterdam-De Baarsjes",
        "ref": "5"
      },
      "geometry": {
        "type": "Point",
        "coordinates": [
          4.8426791,
          52.3748734
        ]
      },
      "id": "node/46402893"
    },
    {
      "type": "Feature",
      "properties": {
        "@id": "node/46403873",
        "highway": "motorway_junction",
        "name": "Knooppunt Rottepolderplein"
      },
      "geometry": {
        "type": "Point",
        "coordinates": [
          4.7087913,
          52.3753015
        ]
      },
      "id": "node/46403873"
    },
    {
      "type": "Feature",
      "properties": {
        "@id": "node/46413054",
        "highway": "motorway_junction",
        "name": "Heerde-Zuid",
        "ref": "28",
        "source": "AND"
      },
      "geometry": {
        "type": "Point",
        "coordinates": [
          6.0203039,
          52.3771385
        ]
      },
      "id": "node/46413054"
    },
    {
      "type": "Feature",
      "properties": {
        "@id": "node/46414317",
        "highway": "motorway_junction",
        "name": "Knooppunt Almere",
        "source": "AND"
      },
      "geometry": {
        "type": "Point",
        "coordinates": [
          5.3054656,
          52.3775299
        ]
      },
      "id": "node/46414317"
    },
    {
      "type": "Feature",
      "properties": {
        "@id": "node/46422136",
        "highway": "motorway_junction",
        "name": "Nunspeet-Oost",
        "ref": "15"
      },
      "geometry": {
        "type": "Point",
        "coordinates": [
          5.8246272,
          52.3787458
        ]
      },
      "id": "node/46422136"
    },
    {
      "type": "Feature",
      "properties": {
        "@id": "node/46429209",
        "destination": "Muziekwijk-Oost 12;Kuidenwijk-West 13;Noorderplassen-West 19;Begraafplaats;Crematorium",
        "highway": "motorway_junction",
        "name": "Muziekwijk-Oost"
      },
      "geometry": {
        "type": "Point",
        "coordinates": [
          5.1815164,
          52.3805851
        ]
      },
      "id": "node/46429209"
    },
    {
      "type": "Feature",
      "properties": {
        "@id": "node/46430790",
        "highway": "motorway_junction",
        "name": "Knooppunt Rottepolderplein"
      },
      "geometry": {
        "type": "Point",
        "coordinates": [
          4.708218,
          52.3804048
        ]
      },
      "id": "node/46430790"
    },
    {
      "type": "Feature",
      "properties": {
        "@id": "node/46440554",
        "highway": "motorway_junction",
        "name": "Amsterdam-Bos en Lommer",
        "ref": "4"
      },
      "geometry": {
        "type": "Point",
        "coordinates": [
          4.844613,
          52.3825071
        ]
      },
      "id": "node/46440554"
    },
    {
      "type": "Feature",
      "properties": {
        "@id": "node/46446047",
        "highway": "motorway_junction",
        "name": "Knooppunt Rottepolderplein"
      },
      "geometry": {
        "type": "Point",
        "coordinates": [
          4.6984482,
          52.3843144
        ]
      },
      "id": "node/46446047"
    },
    {
      "type": "Feature",
      "properties": {
        "@id": "node/46451239",
        "highway": "motorway_junction",
        "name": "Knooppunt Rottepolderplein"
      },
      "geometry": {
        "type": "Point",
        "coordinates": [
          4.7147051,
          52.3855127
        ]
      },
      "id": "node/46451239"
    },
    {
      "type": "Feature",
      "properties": {
        "@id": "node/46453933",
        "highway": "motorway_junction",
        "name": "Amsterdam-Nieuwendam",
        "ref": "15",
        "wikidata": "Q96602912"
      },
      "geometry": {
        "type": "Point",
        "coordinates": [
          4.9696348,
          52.3868262
        ]
      },
      "id": "node/46453933"
    },
    {
      "type": "Feature",
      "properties": {
        "@id": "node/46455598",
        "highway": "motorway_junction",
        "name": "Zwanenburg",
        "source": "AND"
      },
      "geometry": {
        "type": "Point",
        "coordinates": [
          4.7405508,
          52.3863718
        ]
      },
      "id": "node/46455598"
    },
    {
      "type": "Feature",
      "properties": {
        "@id": "node/46456262",
        "highway": "motorway_junction",
        "name": "Zwanenburg",
        "source": "AND"
      },
      "geometry": {
        "type": "Point",
        "coordinates": [
          4.7319322,
          52.386734
        ]
      },
      "id": "node/46456262"
    },
    {
      "type": "Feature",
      "properties": {
        "@id": "node/46460694",
        "highway": "motorway_junction",
        "name": "Aadorp",
        "proposed:ref": "3"
      },
      "geometry": {
        "type": "Point",
        "coordinates": [
          6.6175301,
          52.3874087
        ]
      },
      "id": "node/46460694"
    },
    {
      "type": "Feature",
      "properties": {
        "@id": "node/46461010",
        "highway": "motorway_junction"
      },
      "geometry": {
        "type": "Point",
        "coordinates": [
          6.0157203,
          52.3879766
        ]
      },
      "id": "node/46461010"
    },
    {
      "type": "Feature",
      "properties": {
        "@id": "node/46461514",
        "highway": "motorway_junction",
        "name": "Almere-Regenboogbuurt",
        "ref": "7"
      },
      "geometry": {
        "type": "Point",
        "coordinates": [
          5.3152567,
          52.3873439
        ]
      },
      "id": "node/46461514"
    },
    {
      "type": "Feature",
      "properties": {
        "@id": "node/46466130",
        "highway": "motorway_junction",
        "name": "Aadorp",
        "proposed:ref": "3"
      },
      "geometry": {
        "type": "Point",
        "coordinates": [
          6.620503,
          52.3887494
        ]
      },
      "id": "node/46466130"
    },
    {
      "type": "Feature",
      "properties": {
        "@id": "node/46470080",
        "highway": "motorway_junction",
        "name": "Almere-Regenboogbuurt",
        "ref": "7"
      },
      "geometry": {
        "type": "Point",
        "coordinates": [
          5.3214648,
          52.3901031
        ]
      },
      "id": "node/46470080"
    },
    {
      "type": "Feature",
      "properties": {
        "@id": "node/46477168",
        "highway": "motorway_junction",
        "name": "Industrie Noord 100-399"
      },
      "geometry": {
        "type": "Point",
        "coordinates": [
          4.9217651,
          52.391557
        ]
      },
      "id": "node/46477168"
    },
    {
      "type": "Feature",
      "properties": {
        "@id": "node/46489656",
        "highway": "motorway_junction",
        "name": "Buikslotermeer"
      },
      "geometry": {
        "type": "Point",
        "coordinates": [
          4.9246637,
          52.3952073
        ]
      },
      "id": "node/46489656"
    },
    {
      "type": "Feature",
      "properties": {
        "@id": "node/46491620",
        "highway": "motorway_junction",
        "name": "Almere-Oostvaarders",
        "ref": "8"
      },
      "geometry": {
        "type": "Point",
        "coordinates": [
          5.3370876,
          52.3953169
        ]
      },
      "id": "node/46491620"
    },
    {
      "type": "Feature",
      "properties": {
        "@id": "node/46492986",
        "destination": "Almere Haven (A6);Amsterdam (A6);Lelystad (A6);Utrecht (A6)(A27)",
        "destination:ref": "S104",
        "highway": "motorway_junction",
        "name": "Tussen de Vaarten"
      },
      "geometry": {
        "type": "Point",
        "coordinates": [
          5.2390883,
          52.3960787
        ]
      },
      "id": "node/46492986"
    },
    {
      "type": "Feature",
      "properties": {
        "@id": "node/46501977",
        "highway": "motorway_junction"
      },
      "geometry": {
        "type": "Point",
        "coordinates": [
          6.0146052,
          52.3983079
        ]
      },
      "id": "node/46501977"
    },
    {
      "type": "Feature",
      "properties": {
        "@id": "node/46502590",
        "highway": "motorway_junction",
        "name": "Buikslotermeer"
      },
      "geometry": {
        "type": "Point",
        "coordinates": [
          4.9284932,
          52.3991202
        ]
      },
      "id": "node/46502590"
    },
    {
      "type": "Feature",
      "properties": {
        "@id": "node/46508143",
        "highway": "motorway_junction",
        "name": "Almere-Oostvaarders",
        "ref": "8"
      },
      "geometry": {
        "type": "Point",
        "coordinates": [
          5.3507427,
          52.4016249
        ]
      },
      "id": "node/46508143"
    },
    {
      "type": "Feature",
      "properties": {
        "@id": "node/46514577",
        "highway": "motorway_junction",
        "name": "Nieuwendam"
      },
      "geometry": {
        "type": "Point",
        "coordinates": [
          4.9346637,
          52.4034283
        ]
      },
      "id": "node/46514577"
    },
    {
      "type": "Feature",
      "properties": {
        "@id": "node/46519173",
        "highway": "motorway_junction",
        "name": "Almelo-Noord",
        "ref": "4"
      },
      "geometry": {
        "type": "Point",
        "coordinates": [
          6.6395834,
          52.4046533
        ]
      },
      "id": "node/46519173"
    },
    {
      "type": "Feature",
      "properties": {
        "@id": "node/46519616",
        "highway": "motorway_junction",
        "name": "Nieuwendam"
      },
      "geometry": {
        "type": "Point",
        "coordinates": [
          4.9356745,
          52.4049184
        ]
      },
      "id": "node/46519616"
    },
    {
      "type": "Feature",
      "properties": {
        "@id": "node/46520877",
        "highway": "motorway_junction",
        "name": "Amsterdam-Noord",
        "ref": "16"
      },
      "geometry": {
        "type": "Point",
        "coordinates": [
          4.9462925,
          52.4052674
        ]
      },
      "id": "node/46520877"
    },
    {
      "type": "Feature",
      "properties": {
        "@id": "node/46523177",
        "highway": "motorway_junction",
        "name": "Amsterdam-Hemhavens",
        "ref": "1"
      },
      "geometry": {
        "type": "Point",
        "coordinates": [
          4.8549523,
          52.4061811
        ]
      },
      "id": "node/46523177"
    },
    {
      "type": "Feature",
      "properties": {
        "@id": "node/46525367",
        "highway": "motorway_junction",
        "name": "Almelo-Noord",
        "proposed:ref": "4"
      },
      "geometry": {
        "type": "Point",
        "coordinates": [
          6.6385043,
          52.4064585
        ]
      },
      "id": "node/46525367"
    },
    {
      "type": "Feature",
      "properties": {
        "@id": "node/46526444",
        "highway": "motorway_junction",
        "name": "'t Harde",
        "ref": "16",
        "source": "AND"
      },
      "geometry": {
        "type": "Point",
        "coordinates": [
          5.8840521,
          52.4068532
        ]
      },
      "id": "node/46526444"
    },
    {
      "type": "Feature",
      "properties": {
        "@id": "node/46526771",
        "highway": "motorway_junction",
        "name": "Walibi World"
      },
      "geometry": {
        "type": "Point",
        "coordinates": [
          5.5952785,
          52.4069472
        ]
      },
      "id": "node/46526771"
    },
    {
      "type": "Feature",
      "properties": {
        "@id": "node/46535755",
        "highway": "motorway_junction",
        "name": "Amsterdam-Noord",
        "ref": "16"
      },
      "geometry": {
        "type": "Point",
        "coordinates": [
          4.9319456,
          52.4097558
        ]
      },
      "id": "node/46535755"
    },
    {
      "type": "Feature",
      "properties": {
        "@id": "node/46543639",
        "highway": "motorway_junction",
        "name": "Heerde",
        "ref": "29",
        "source": "AND"
      },
      "geometry": {
        "type": "Point",
        "coordinates": [
          6.0156059,
          52.4126603
        ]
      },
      "id": "node/46543639"
    },
    {
      "type": "Feature",
      "properties": {
        "@id": "node/46543934",
        "highway": "motorway_junction",
        "name": "Vriezenveen",
        "proposed:ref": "5"
      },
      "geometry": {
        "type": "Point",
        "coordinates": [
          6.6353688,
          52.4123972
        ]
      },
      "id": "node/46543934"
    },
    {
      "type": "Feature",
      "properties": {
        "@id": "node/46544142",
        "highway": "motorway_junction",
        "name": "'t Harde",
        "ref": "16",
        "source": "AND"
      },
      "geometry": {
        "type": "Point",
        "coordinates": [
          5.8959572,
          52.4124555
        ]
      },
      "id": "node/46544142"
    },
    {
      "type": "Feature",
      "properties": {
        "@id": "node/46545719",
        "highway": "motorway_junction",
        "name": "Heerde",
        "ref": "29",
        "source": "AND"
      },
      "geometry": {
        "type": "Point",
        "coordinates": [
          6.0158871,
          52.4125178
        ]
      },
      "id": "node/46545719"
    },
    {
      "type": "Feature",
      "properties": {
        "@id": "node/46558072",
        "highway": "motorway_junction",
        "name": "Vriezenveen",
        "ref": "5"
      },
      "geometry": {
        "type": "Point",
        "coordinates": [
          6.6325887,
          52.4175658
        ]
      },
      "id": "node/46558072"
    },
    {
      "type": "Feature",
      "properties": {
        "@id": "node/46562099",
        "highway": "motorway_junction",
        "name": "Amsterdam-Kadoelen",
        "ref": "17"
      },
      "geometry": {
        "type": "Point",
        "coordinates": [
          4.9123483,
          52.4186834
        ]
      },
      "id": "node/46562099"
    },
    {
      "type": "Feature",
      "properties": {
        "@id": "node/46565946",
        "highway": "motorway_junction",
        "name": "Amsterdam-Kadoelen",
        "ref": "17"
      },
      "geometry": {
        "type": "Point",
        "coordinates": [
          4.9086004,
          52.4200973
        ]
      },
      "id": "node/46565946"
    },
    {
      "type": "Feature",
      "properties": {
        "@id": "node/46570114",
        "highway": "motorway_junction",
        "name": "Spaarndam"
      },
      "geometry": {
        "type": "Point",
        "coordinates": [
          4.6450437,
          52.4219837
        ]
      },
      "id": "node/46570114"
    },
    {
      "type": "Feature",
      "properties": {
        "@id": "node/46570984",
        "highway": "motorway_junction",
        "name": "Amsterdam-Tuindorp Oostzaan",
        "ref": "18"
      },
      "geometry": {
        "type": "Point",
        "coordinates": [
          4.8759307,
          52.4222858
        ]
      },
      "id": "node/46570984"
    },
    {
      "type": "Feature",
      "properties": {
        "@id": "node/46578144",
        "highway": "motorway_junction",
        "name": "Knooppunt Coenplein"
      },
      "geometry": {
        "type": "Point",
        "coordinates": [
          4.8935785,
          52.4249386
        ]
      },
      "id": "node/46578144"
    },
    {
      "type": "Feature",
      "properties": {
        "@id": "node/46585053",
        "highway": "motorway_junction",
        "name": "Spaarndam"
      },
      "geometry": {
        "type": "Point",
        "coordinates": [
          4.6455186,
          52.4278611
        ]
      },
      "id": "node/46585053"
    },
    {
      "type": "Feature",
      "properties": {
        "@id": "node/46595479",
        "highway": "motorway_junction",
        "name": "De Lepelaar",
        "source": "AND"
      },
      "geometry": {
        "type": "Point",
        "coordinates": [
          5.4193873,
          52.4315874
        ]
      },
      "id": "node/46595479"
    },
    {
      "type": "Feature",
      "properties": {
        "@id": "node/46605492",
        "highway": "motorway_junction",
        "name": "Velserbroek"
      },
      "geometry": {
        "type": "Point",
        "coordinates": [
          4.6489299,
          52.4349731
        ]
      },
      "id": "node/46605492"
    },
    {
      "type": "Feature",
      "properties": {
        "@id": "node/46608505",
        "highway": "motorway_junction",
        "name": "Knooppunt Velsen"
      },
      "geometry": {
        "type": "Point",
        "coordinates": [
          4.6724097,
          52.4362902
        ]
      },
      "id": "node/46608505"
    },
    {
      "type": "Feature",
      "properties": {
        "@id": "node/46611292",
        "highway": "motorway_junction",
        "name": "Zaanstad-Zuid",
        "ref": "1",
        "source": "AND"
      },
      "geometry": {
        "type": "Point",
        "coordinates": [
          4.8627374,
          52.4364168
        ]
      },
      "id": "node/46611292"
    },
    {
      "type": "Feature",
      "properties": {
        "@id": "node/46611600",
        "highway": "motorway_junction",
        "name": "De Aalscholver",
        "source": "AND"
      },
      "geometry": {
        "type": "Point",
        "coordinates": [
          5.4279793,
          52.4369839
        ]
      },
      "id": "node/46611600"
    },
    {
      "type": "Feature",
      "properties": {
        "@id": "node/46621365",
        "highway": "motorway_junction",
        "name": "Velserbroek"
      },
      "geometry": {
        "type": "Point",
        "coordinates": [
          4.6518937,
          52.4414799
        ]
      },
      "id": "node/46621365"
    },
    {
      "type": "Feature",
      "properties": {
        "@id": "node/46641634",
        "highway": "motorway_junction",
        "name": "IJmuiden",
        "noref": "yes",
        "note": "A208 heeft geen afritnummers"
      },
      "geometry": {
        "type": "Point",
        "coordinates": [
          4.6567893,
          52.4500015
        ]
      },
      "id": "node/46641634"
    },
    {
      "type": "Feature",
      "properties": {
        "@id": "node/46642776",
        "highway": "motorway_junction",
        "name": "IJmuiden",
        "ref": "1",
        "source": "AND"
      },
      "geometry": {
        "type": "Point",
        "coordinates": [
          4.6593265,
          52.4498568
        ]
      },
      "id": "node/46642776"
    },
    {
      "type": "Feature",
      "properties": {
        "@id": "node/46645298",
        "highway": "motorway_junction",
        "name": "IJmuiden",
        "note": "Afrit(nummer) is van A22; N208 hoort volgens bewegwijzering niet bij afrit 1",
        "ref": "1"
      },
      "geometry": {
        "type": "Point",
        "coordinates": [
          4.657473,
          52.4521422
        ]
      },
      "id": "node/46645298"
    },
    {
      "type": "Feature",
      "properties": {
        "@id": "node/46647460",
        "highway": "motorway_junction",
        "name": "Knooppunt Zaandam"
      },
      "geometry": {
        "type": "Point",
        "coordinates": [
          4.8463229,
          52.4513671
        ]
      },
      "id": "node/46647460"
    },
    {
      "type": "Feature",
      "properties": {
        "@id": "node/46649644",
        "highway": "motorway_junction",
        "name": "Monnickendam"
      },
      "geometry": {
        "type": "Point",
        "coordinates": [
          5.0282779,
          52.4531304
        ]
      },
      "id": "node/46649644"
    },
    {
      "type": "Feature",
      "properties": {
        "@id": "node/46653362",
        "highway": "motorway_junction",
        "name": "Knooppunt Zaandam"
      },
      "geometry": {
        "type": "Point",
        "coordinates": [
          4.8360217,
          52.4546719
        ]
      },
      "id": "node/46653362"
    },
    {
      "type": "Feature",
      "properties": {
        "@id": "node/46655613",
        "highway": "motorway_junction",
        "loc_name": "Knooppunt IJmuiden",
        "noname": "yes",
        "noref": "yes",
        "note": "Afrit 1 IJmuiden (wel officieel) is verderop.",
        "wikidata": "Q1988368",
        "wikipedia": "nl:Knooppunt IJmuiden"
      },
      "geometry": {
        "type": "Point",
        "coordinates": [
          4.6569713,
          52.4551505
        ]
      },
      "id": "node/46655613"
    },
    {
      "type": "Feature",
      "properties": {
        "@id": "node/46670662",
        "highway": "motorway_junction",
        "name": "Hattem",
        "ref": "30"
      },
      "geometry": {
        "type": "Point",
        "coordinates": [
          6.0350997,
          52.4604094
        ]
      },
      "id": "node/46670662"
    },
    {
      "type": "Feature",
      "properties": {
        "@id": "node/46684196",
        "highway": "motorway_junction",
        "name": "Westerhaar",
        "ref": "6"
      },
      "geometry": {
        "type": "Point",
        "coordinates": [
          6.6253421,
          52.4640437
        ]
      },
      "id": "node/46684196"
    },
    {
      "type": "Feature",
      "properties": {
        "@id": "node/46686477",
        "highway": "motorway_junction",
        "name": "Zaanstad-Westerkoog",
        "ref": "3",
        "source": "AND"
      },
      "geometry": {
        "type": "Point",
        "coordinates": [
          4.802005,
          52.4653446
        ]
      },
      "id": "node/46686477"
    },
    {
      "type": "Feature",
      "properties": {
        "@id": "node/46695748",
        "highway": "motorway_junction",
        "name": "Hattem",
        "ref": "30"
      },
      "geometry": {
        "type": "Point",
        "coordinates": [
          6.0372589,
          52.4697981
        ]
      },
      "id": "node/46695748"
    },
    {
      "type": "Feature",
      "properties": {
        "@id": "node/46696601",
        "highway": "motorway_junction",
        "name": "Beverwijk-Oost",
        "ref": "8",
        "source": "AND"
      },
      "geometry": {
        "type": "Point",
        "coordinates": [
          4.6799553,
          52.4711882
        ]
      },
      "id": "node/46696601"
    },
    {
      "type": "Feature",
      "properties": {
        "@id": "node/46697234",
        "highway": "motorway_junction",
        "name": "Westerhaar",
        "ref": "6"
      },
      "geometry": {
        "type": "Point",
        "coordinates": [
          6.623221,
          52.4699644
        ]
      },
      "id": "node/46697234"
    },
    {
      "type": "Feature",
      "properties": {
        "@id": "node/46702243",
        "highway": "motorway_junction",
        "name": "Zaanstad-'t Kalf",
        "ref": "2"
      },
      "geometry": {
        "type": "Point",
        "coordinates": [
          4.8529396,
          52.4727846
        ]
      },
      "id": "node/46702243"
    },
    {
      "type": "Feature",
      "properties": {
        "@id": "node/46702349",
        "highway": "motorway_junction",
        "name": "Zaanstad-Assendelft",
        "note": "←UIT",
        "ref": "4"
      },
      "geometry": {
        "type": "Point",
        "coordinates": [
          4.7799743,
          52.4720594
        ]
      },
      "id": "node/46702349"
    },
    {
      "type": "Feature",
      "properties": {
        "@id": "node/46703070",
        "highway": "motorway_junction",
        "name": "Zaanstad-Assendelft",
        "ref": "4"
      },
      "geometry": {
        "type": "Point",
        "coordinates": [
          4.7721436,
          52.4723258
        ]
      },
      "id": "node/46703070"
    },
    {
      "type": "Feature",
      "properties": {
        "@id": "node/46717889",
        "highway": "motorway_junction",
        "name": "Zaanstad-'t Kalf",
        "ref": "2"
      },
      "geometry": {
        "type": "Point",
        "coordinates": [
          4.8579665,
          52.4792131
        ]
      },
      "id": "node/46717889"
    },
    {
      "type": "Feature",
      "properties": {
        "@id": "node/46718277",
        "highway": "motorway_junction",
        "name": "Lelystad",
        "ref": "10"
      },
      "geometry": {
        "type": "Point",
        "coordinates": [
          5.5019866,
          52.4800362
        ]
      },
      "id": "node/46718277"
    },
    {
      "type": "Feature",
      "properties": {
        "@id": "node/46725188",
        "highway": "motorway_junction",
        "name": "Knooppunt Hattemerbroek",
        "source": "AND"
      },
      "geometry": {
        "type": "Point",
        "coordinates": [
          6.0287215,
          52.4828867
        ]
      },
      "id": "node/46725188"
    },
    {
      "type": "Feature",
      "properties": {
        "@id": "node/46733266",
        "highway": "motorway_junction",
        "name": "Knooppunt Beverwijk"
      },
      "geometry": {
        "type": "Point",
        "coordinates": [
          4.6932158,
          52.4871967
        ]
      },
      "id": "node/46733266"
    },
    {
      "type": "Feature",
      "properties": {
        "@id": "node/46738923",
        "highway": "motorway_junction",
        "name": "Knooppunt Hattemerbroek",
        "source": "AND"
      },
      "geometry": {
        "type": "Point",
        "coordinates": [
          6.0180831,
          52.4903653
        ]
      },
      "id": "node/46738923"
    },
    {
      "type": "Feature",
      "properties": {
        "@id": "node/46742715",
        "highway": "motorway_junction",
        "name": "Knooppunt Hattemerbroek",
        "source": "AND"
      },
      "geometry": {
        "type": "Point",
        "coordinates": [
          6.0347441,
          52.4920955
        ]
      },
      "id": "node/46742715"
    },
    {
      "type": "Feature",
      "properties": {
        "@id": "node/46750423",
        "highway": "motorway_junction",
        "name": "Wijdewormer",
        "ref": "3"
      },
      "geometry": {
        "type": "Point",
        "coordinates": [
          4.8970777,
          52.494282
        ]
      },
      "id": "node/46750423"
    },
    {
      "type": "Feature",
      "properties": {
        "@id": "node/46755306",
        "highway": "motorway_junction",
        "name": "Wijdewormer",
        "ref": "3"
      },
      "geometry": {
        "type": "Point",
        "coordinates": [
          4.8994772,
          52.4954705
        ]
      },
      "id": "node/46755306"
    },
    {
      "type": "Feature",
      "properties": {
        "@id": "node/46776728",
        "highway": "motorway_junction",
        "name": "Zwolle-Zuid",
        "ref": "18"
      },
      "geometry": {
        "type": "Point",
        "coordinates": [
          6.0609594,
          52.5031891
        ]
      },
      "id": "node/46776728"
    },
    {
      "type": "Feature",
      "properties": {
        "@id": "node/46778516",
        "highway": "motorway_junction",
        "name": "Purmerend-Zuid",
        "ref": "4",
        "source": "AND"
      },
      "geometry": {
        "type": "Point",
        "coordinates": [
          4.9269866,
          52.5033084
        ]
      },
      "id": "node/46778516"
    },
    {
      "type": "Feature",
      "properties": {
        "@id": "node/46790688",
        "highway": "motorway_junction",
        "name": "Heemskerk",
        "ref": "9",
        "source": "AND"
      },
      "geometry": {
        "type": "Point",
        "coordinates": [
          4.7059395,
          52.5072612
        ]
      },
      "id": "node/46790688"
    },
    {
      "type": "Feature",
      "properties": {
        "@id": "node/46795491",
        "highway": "motorway_junction",
        "name": "Zwolle-Centrum",
        "ref": "19"
      },
      "geometry": {
        "type": "Point",
        "coordinates": [
          6.069679,
          52.5080451
        ]
      },
      "id": "node/46795491"
    },
    {
      "type": "Feature",
      "properties": {
        "@id": "node/46796065",
        "highway": "motorway_junction",
        "name": "Purmerend-Zuid",
        "ref": "4"
      },
      "geometry": {
        "type": "Point",
        "coordinates": [
          4.9357126,
          52.5088665
        ]
      },
      "id": "node/46796065"
    },
    {
      "type": "Feature",
      "properties": {
        "@id": "node/46800212",
        "highway": "motorway_junction",
        "name": "Heemskerk",
        "ref": "9",
        "source": "AND"
      },
      "geometry": {
        "type": "Point",
        "coordinates": [
          4.7096161,
          52.511103
        ]
      },
      "id": "node/46800212"
    },
    {
      "type": "Feature",
      "properties": {
        "@id": "node/46807413",
        "highway": "motorway_junction",
        "name": "Purmerend",
        "ref": "5"
      },
      "geometry": {
        "type": "Point",
        "coordinates": [
          4.9347255,
          52.5124858
        ]
      },
      "id": "node/46807413"
    },
    {
      "type": "Feature",
      "properties": {
        "@id": "node/46814142",
        "highway": "motorway_junction",
        "name": "Zwolle-Centrum",
        "ref": "19"
      },
      "geometry": {
        "type": "Point",
        "coordinates": [
          6.0776416,
          52.5133109
        ]
      },
      "id": "node/46814142"
    },
    {
      "type": "Feature",
      "properties": {
        "@id": "node/46819874",
        "highway": "motorway_junction",
        "name": "Zwolle-Zuid",
        "ref": "18"
      },
      "geometry": {
        "type": "Point",
        "coordinates": [
          6.0819365,
          52.5161812
        ]
      },
      "id": "node/46819874"
    },
    {
      "type": "Feature",
      "properties": {
        "@id": "node/46825779",
        "highway": "motorway_junction",
        "name": "Purmerend",
        "ref": "5"
      },
      "geometry": {
        "type": "Point",
        "coordinates": [
          4.9342096,
          52.5166558
        ]
      },
      "id": "node/46825779"
    },
    {
      "type": "Feature",
      "properties": {
        "@id": "node/46840766",
        "highway": "motorway_junction",
        "name": "Zwolle-Centrum",
        "ref": "19"
      },
      "geometry": {
        "type": "Point",
        "coordinates": [
          6.0907727,
          52.5205003
        ]
      },
      "id": "node/46840766"
    },
    {
      "type": "Feature",
      "properties": {
        "@id": "node/46849061",
        "highway": "motorway_junction",
        "name": "Uitgeest",
        "ref": "10",
        "source": "AND"
      },
      "geometry": {
        "type": "Point",
        "coordinates": [
          4.7185472,
          52.520205
        ]
      },
      "id": "node/46849061"
    },
    {
      "type": "Feature",
      "properties": {
        "@id": "node/46849870",
        "highway": "motorway_junction",
        "name": "Ommen-Centrum"
      },
      "geometry": {
        "type": "Point",
        "coordinates": [
          6.3924625,
          52.5223131
        ]
      },
      "id": "node/46849870"
    },
    {
      "type": "Feature",
      "properties": {
        "@id": "node/46853651",
        "highway": "motorway_junction",
        "name": "Purmerend-Noord",
        "ref": "6"
      },
      "geometry": {
        "type": "Point",
        "coordinates": [
          4.9418833,
          52.5239333
        ]
      },
      "id": "node/46853651"
    },
    {
      "type": "Feature",
      "properties": {
        "@id": "node/46858798",
        "highway": "motorway_junction",
        "name": "Zwolle-Noord",
        "ref": "20"
      },
      "geometry": {
        "type": "Point",
        "coordinates": [
          6.1093827,
          52.5249789
        ]
      },
      "id": "node/46858798"
    },
    {
      "type": "Feature",
      "properties": {
        "@id": "node/46863465",
        "highway": "motorway_junction",
        "name": "Zwolle-Noord",
        "ref": "20"
      },
      "geometry": {
        "type": "Point",
        "coordinates": [
          6.1227416,
          52.5267427
        ]
      },
      "id": "node/46863465"
    },
    {
      "type": "Feature",
      "properties": {
        "@id": "node/46880610",
        "highway": "motorway_junction",
        "name": "Ommen",
        "ref": "21"
      },
      "geometry": {
        "type": "Point",
        "coordinates": [
          6.1551204,
          52.5333005
        ]
      },
      "id": "node/46880610"
    },
    {
      "type": "Feature",
      "properties": {
        "@id": "node/46884062",
        "highway": "motorway_junction",
        "name": "Kampen-Zuid",
        "ref": "31"
      },
      "geometry": {
        "type": "Point",
        "coordinates": [
          5.9101949,
          52.5334567
        ]
      },
      "id": "node/46884062"
    },
    {
      "type": "Feature",
      "properties": {
        "@id": "node/46889180",
        "highway": "motorway_junction",
        "name": "Purmerend-Noord",
        "ref": "6"
      },
      "geometry": {
        "type": "Point",
        "coordinates": [
          4.9507027,
          52.5369845
        ]
      },
      "id": "node/46889180"
    },
    {
      "type": "Feature",
      "properties": {
        "@id": "node/46893534",
        "highway": "motorway_junction",
        "name": "Middenbeemster"
      },
      "geometry": {
        "type": "Point",
        "coordinates": [
          4.9089191,
          52.5399625
        ]
      },
      "id": "node/46893534"
    },
    {
      "type": "Feature",
      "properties": {
        "@id": "node/46897490",
        "highway": "motorway_junction",
        "name": "Akersloot",
        "ref": "11"
      },
      "geometry": {
        "type": "Point",
        "coordinates": [
          4.7202885,
          52.5418148
        ]
      },
      "id": "node/46897490"
    },
    {
      "type": "Feature",
      "properties": {
        "@id": "node/46902296",
        "highway": "motorway_junction",
        "name": "Akersloot",
        "ref": "11",
        "source": "AND"
      },
      "geometry": {
        "type": "Point",
        "coordinates": [
          4.7200059,
          52.5459978
        ]
      },
      "id": "node/46902296"
    },
    {
      "type": "Feature",
      "properties": {
        "@id": "node/46912583",
        "highway": "motorway_junction",
        "name": "Kampen",
        "ref": "32"
      },
      "geometry": {
        "type": "Point",
        "coordinates": [
          5.8859072,
          52.5509086
        ]
      },
      "id": "node/46912583"
    },
    {
      "type": "Feature",
      "properties": {
        "@id": "node/46919125",
        "highway": "motorway_junction",
        "name": "Lelystad-Noord",
        "ref": "11",
        "source": "AND"
      },
      "geometry": {
        "type": "Point",
        "coordinates": [
          5.5303505,
          52.55409
        ]
      },
      "id": "node/46919125"
    },
    {
      "type": "Feature",
      "properties": {
        "@id": "node/46926438",
        "highway": "motorway_junction",
        "name": "Kampen",
        "ref": "32"
      },
      "geometry": {
        "type": "Point",
        "coordinates": [
          5.8777255,
          52.55836
        ]
      },
      "id": "node/46926438"
    },
    {
      "type": "Feature",
      "properties": {
        "@id": "node/46964326",
        "highway": "motorway_junction",
        "name": "Nieuwleusen",
        "ref": "22"
      },
      "geometry": {
        "type": "Point",
        "coordinates": [
          6.1913349,
          52.5802073
        ]
      },
      "id": "node/46964326"
    },
    {
      "type": "Feature",
      "properties": {
        "@id": "node/46980634",
        "highway": "motorway_junction",
        "name": "Nieuwleusen",
        "ref": "22"
      },
      "geometry": {
        "type": "Point",
        "coordinates": [
          6.1977851,
          52.5916698
        ]
      },
      "id": "node/46980634"
    },
    {
      "type": "Feature",
      "properties": {
        "@id": "node/46994722",
        "highway": "motorway_junction",
        "name": "Knooppunt Kooimeer"
      },
      "geometry": {
        "type": "Point",
        "coordinates": [
          4.7325136,
          52.6052483
        ]
      },
      "id": "node/46994722"
    },
    {
      "type": "Feature",
      "properties": {
        "@id": "node/47005766",
        "highway": "motorway_junction",
        "name": "Balkbrug"
      },
      "geometry": {
        "type": "Point",
        "coordinates": [
          6.4074198,
          52.6081147
        ]
      },
      "id": "node/47005766"
    },
    {
      "type": "Feature",
      "properties": {
        "@id": "node/47005887",
        "highway": "motorway_junction",
        "name": "Swifterbant",
        "ref": "12",
        "source": "AND"
      },
      "geometry": {
        "type": "Point",
        "coordinates": [
          5.6372794,
          52.6081607
        ]
      },
      "id": "node/47005887"
    },
    {
      "type": "Feature",
      "properties": {
        "@id": "node/47006070",
        "highway": "motorway_junction",
        "name": "Dedemsvaart"
      },
      "geometry": {
        "type": "Point",
        "coordinates": [
          6.4621976,
          52.6086174
        ]
      },
      "id": "node/47006070"
    },
    {
      "type": "Feature",
      "properties": {
        "@id": "node/47007229",
        "highway": "motorway_junction",
        "name": "Gramsbergen"
      },
      "geometry": {
        "type": "Point",
        "coordinates": [
          6.65137,
          52.6095018
        ]
      },
      "id": "node/47007229"
    },
    {
      "type": "Feature",
      "properties": {
        "@id": "node/47012859",
        "highway": "motorway_junction",
        "name": "Ring Alkmaar-West"
      },
      "geometry": {
        "type": "Point",
        "coordinates": [
          4.7492484,
          52.6133337
        ]
      },
      "id": "node/47012859"
    },
    {
      "type": "Feature",
      "properties": {
        "@id": "node/47015017",
        "highway": "motorway_junction",
        "name": "Gramsbergen"
      },
      "geometry": {
        "type": "Point",
        "coordinates": [
          6.6586027,
          52.6144869
        ]
      },
      "id": "node/47015017"
    },
    {
      "type": "Feature",
      "properties": {
        "@id": "node/47016840",
        "highway": "motorway_junction",
        "name": "Industrie Overdie"
      },
      "geometry": {
        "type": "Point",
        "coordinates": [
          4.7562208,
          52.6156772
        ]
      },
      "id": "node/47016840"
    },
    {
      "type": "Feature",
      "properties": {
        "@id": "node/47019493",
        "highway": "motorway_junction",
        "name": "Industrie Overdie"
      },
      "geometry": {
        "type": "Point",
        "coordinates": [
          4.7640673,
          52.6170606
        ]
      },
      "id": "node/47019493"
    },
    {
      "type": "Feature",
      "properties": {
        "@id": "node/47051205",
        "highway": "motorway_junction",
        "name": "Avenhorn",
        "ref": "7",
        "source": "AND"
      },
      "geometry": {
        "type": "Point",
        "coordinates": [
          5.0084995,
          52.635017
        ]
      },
      "id": "node/47051205"
    },
    {
      "type": "Feature",
      "properties": {
        "@id": "node/47059431",
        "highway": "motorway_junction",
        "name": "Staphorst",
        "ref": "23"
      },
      "geometry": {
        "type": "Point",
        "coordinates": [
          6.2038643,
          52.6372216
        ]
      },
      "id": "node/47059431"
    },
    {
      "type": "Feature",
      "properties": {
        "@id": "node/47062465",
        "highway": "motorway_junction",
        "name": "Heerhugowaard-Zuid"
      },
      "geometry": {
        "type": "Point",
        "coordinates": [
          4.7918022,
          52.6403194
        ]
      },
      "id": "node/47062465"
    },
    {
      "type": "Feature",
      "properties": {
        "@id": "node/47068764",
        "highway": "motorway_junction",
        "name": "Urk",
        "ref": "13",
        "source": "AND"
      },
      "geometry": {
        "type": "Point",
        "coordinates": [
          5.6737782,
          52.6410688
        ]
      },
      "id": "node/47068764"
    },
    {
      "type": "Feature",
      "properties": {
        "@id": "node/47076329",
        "highway": "motorway_junction",
        "name": "Hoorn",
        "ref": "8"
      },
      "geometry": {
        "type": "Point",
        "coordinates": [
          5.0311797,
          52.6444139
        ]
      },
      "id": "node/47076329"
    },
    {
      "type": "Feature",
      "properties": {
        "@id": "node/47077063",
        "highway": "motorway_junction",
        "name": "Heerhugowaard-Zuid"
      },
      "geometry": {
        "type": "Point",
        "coordinates": [
          4.7920975,
          52.6430487
        ]
      },
      "id": "node/47077063"
    },
    {
      "type": "Feature",
      "properties": {
        "@id": "node/47079691",
        "highway": "motorway_junction",
        "name": "Urk",
        "ref": "13",
        "source": "AND"
      },
      "geometry": {
        "type": "Point",
        "coordinates": [
          5.6754323,
          52.6453893
        ]
      },
      "id": "node/47079691"
    },
    {
      "type": "Feature",
      "properties": {
        "@id": "node/47084355",
        "highway": "motorway_junction",
        "name": "Staphorst",
        "ref": "23"
      },
      "geometry": {
        "type": "Point",
        "coordinates": [
          6.2012115,
          52.6473055
        ]
      },
      "id": "node/47084355"
    },
    {
      "type": "Feature",
      "properties": {
        "@id": "node/47098506",
        "highway": "motorway_junction",
        "name": "Hoorn",
        "ref": "8",
        "source": "AND"
      },
      "geometry": {
        "type": "Point",
        "coordinates": [
          5.0377562,
          52.6533036
        ]
      },
      "id": "node/47098506"
    },
    {
      "type": "Feature",
      "properties": {
        "@id": "node/47103543",
        "highway": "motorway_junction",
        "name": "Coevorden"
      },
      "geometry": {
        "type": "Point",
        "coordinates": [
          6.75484,
          52.65463
        ]
      },
      "id": "node/47103543"
    },
    {
      "type": "Feature",
      "properties": {
        "@id": "node/47118220",
        "highway": "motorway_junction",
        "name": "Knooppunt Lankhorst",
        "noref": "yes",
        "source": "AND"
      },
      "geometry": {
        "type": "Point",
        "coordinates": [
          6.1985074,
          52.6589334
        ]
      },
      "id": "node/47118220"
    },
    {
      "type": "Feature",
      "properties": {
        "@id": "node/47120112",
        "highway": "motorway_junction",
        "name": "Coevorden"
      },
      "geometry": {
        "type": "Point",
        "coordinates": [
          6.7157493,
          52.6590532
        ]
      },
      "id": "node/47120112"
    },
    {
      "type": "Feature",
      "properties": {
        "@id": "node/47122890",
        "highway": "motorway_junction",
        "name": "Coevorden"
      },
      "geometry": {
        "type": "Point",
        "coordinates": [
          6.7597785,
          52.6609569
        ]
      },
      "id": "node/47122890"
    },
    {
      "type": "Feature",
      "properties": {
        "@id": "node/47129007",
        "highway": "motorway_junction",
        "name": "Coevorden"
      },
      "geometry": {
        "type": "Point",
        "coordinates": [
          6.718751,
          52.6626777
        ]
      },
      "id": "node/47129007"
    },
    {
      "type": "Feature",
      "properties": {
        "@id": "node/47137601",
        "highway": "motorway_junction",
        "name": "Hoorn-Noord",
        "ref": "9"
      },
      "geometry": {
        "type": "Point",
        "coordinates": [
          5.0342572,
          52.6671876
        ]
      },
      "id": "node/47137601"
    },
    {
      "type": "Feature",
      "properties": {
        "@id": "node/47149689",
        "highway": "motorway_junction",
        "name": "Knooppunt Lankhorst",
        "noref": "yes"
      },
      "geometry": {
        "type": "Point",
        "coordinates": [
          6.1992974,
          52.6694187
        ]
      },
      "id": "node/47149689"
    },
    {
      "type": "Feature",
      "properties": {
        "@id": "node/47151265",
        "highway": "motorway_junction",
        "name": "Knooppunt Lankhorst"
      },
      "geometry": {
        "type": "Point",
        "coordinates": [
          6.1952539,
          52.6691745
        ]
      },
      "id": "node/47151265"
    },
    {
      "type": "Feature",
      "properties": {
        "@id": "node/47157949",
        "highway": "motorway_junction",
        "name": "Coevorden-Noord"
      },
      "geometry": {
        "type": "Point",
        "coordinates": [
          6.75302,
          52.67207
        ]
      },
      "id": "node/47157949"
    },
    {
      "type": "Feature",
      "properties": {
        "@id": "node/47162860",
        "highway": "motorway_junction",
        "name": "Coevorden-Noord"
      },
      "geometry": {
        "type": "Point",
        "coordinates": [
          6.7267306,
          52.6728133
        ]
      },
      "id": "node/47162860"
    },
    {
      "type": "Feature",
      "properties": {
        "@id": "node/47166468",
        "highway": "motorway_junction",
        "name": "Meppel-Zuid",
        "ref": "1",
        "source": "AND"
      },
      "geometry": {
        "type": "Point",
        "coordinates": [
          6.192509,
          52.6739827
        ]
      },
      "id": "node/47166468"
    },
    {
      "type": "Feature",
      "properties": {
        "@id": "node/47166713",
        "highway": "motorway_junction",
        "name": "Coevorden-Noord"
      },
      "geometry": {
        "type": "Point",
        "coordinates": [
          6.7495287,
          52.6743676
        ]
      },
      "id": "node/47166713"
    },
    {
      "type": "Feature",
      "properties": {
        "@id": "node/47184756",
        "highway": "motorway_junction",
        "name": "Meppel-Zuid",
        "ref": "1",
        "source": "AND"
      },
      "geometry": {
        "type": "Point",
        "coordinates": [
          6.1953061,
          52.6803873
        ]
      },
      "id": "node/47184756"
    },
    {
      "type": "Feature",
      "properties": {
        "@id": "node/47185686",
        "highway": "motorway_junction",
        "name": "Emmeloord-West",
        "ref": "14",
        "source": "AND"
      },
      "geometry": {
        "type": "Point",
        "coordinates": [
          5.7368439,
          52.681091
        ]
      },
      "id": "node/47185686"
    },
    {
      "type": "Feature",
      "properties": {
        "@id": "node/47192157",
        "highway": "motorway_junction",
        "name": "De Wijk",
        "ref": "24",
        "source": "AND"
      },
      "geometry": {
        "type": "Point",
        "coordinates": [
          6.2771469,
          52.6836832
        ]
      },
      "id": "node/47192157"
    },
    {
      "type": "Feature",
      "properties": {
        "@id": "node/47193496",
        "highway": "motorway_junction",
        "name": "De Wijk",
        "ref": "24",
        "source": "AND"
      },
      "geometry": {
        "type": "Point",
        "coordinates": [
          6.2695514,
          52.6845201
        ]
      },
      "id": "node/47193496"
    },
    {
      "type": "Feature",
      "properties": {
        "@id": "node/47193647",
        "highway": "motorway_junction",
        "name": "Emmeloord-Zuid",
        "ref": "34"
      },
      "geometry": {
        "type": "Point",
        "coordinates": [
          5.7805851,
          52.6843211
        ]
      },
      "id": "node/47193647"
    },
    {
      "type": "Feature",
      "properties": {
        "@id": "node/47193905",
        "highway": "motorway_junction",
        "name": "Zuidwolde",
        "ref": "25",
        "source": "AND"
      },
      "geometry": {
        "type": "Point",
        "coordinates": [
          6.3823561,
          52.6848615
        ]
      },
      "id": "node/47193905"
    },
    {
      "type": "Feature",
      "properties": {
        "@id": "node/47195629",
        "highway": "motorway_junction",
        "name": "Emmeloord-West",
        "ref": "14",
        "source": "AND"
      },
      "geometry": {
        "type": "Point",
        "coordinates": [
          5.7467744,
          52.6854651
        ]
      },
      "id": "node/47195629"
    },
    {
      "type": "Feature",
      "properties": {
        "@id": "node/47203064",
        "highway": "motorway_junction",
        "name": "Meppel",
        "ref": "2",
        "source": "AND"
      },
      "geometry": {
        "type": "Point",
        "coordinates": [
          6.2056427,
          52.6884756
        ]
      },
      "id": "node/47203064"
    },
    {
      "type": "Feature",
      "properties": {
        "@id": "node/47205912",
        "highway": "motorway_junction",
        "name": "Wognum",
        "ref": "10"
      },
      "geometry": {
        "type": "Point",
        "coordinates": [
          5.0303495,
          52.6894797
        ]
      },
      "id": "node/47205912"
    },
    {
      "type": "Feature",
      "properties": {
        "@id": "node/47210011",
        "highway": "motorway_junction",
        "name": "Knooppunt Emmeloord"
      },
      "geometry": {
        "type": "Point",
        "coordinates": [
          5.7678305,
          52.6916974
        ]
      },
      "id": "node/47210011"
    },
    {
      "type": "Feature",
      "properties": {
        "@id": "node/47211041",
        "highway": "motorway_junction",
        "name": "Knooppunt Emmeloord"
      },
      "geometry": {
        "type": "Point",
        "coordinates": [
          5.7752152,
          52.6920115
        ]
      },
      "id": "node/47211041"
    },
    {
      "type": "Feature",
      "properties": {
        "@id": "node/47214781",
        "highway": "motorway_junction",
        "name": "Wognum",
        "ref": "10"
      },
      "geometry": {
        "type": "Point",
        "coordinates": [
          5.030039,
          52.6935113
        ]
      },
      "id": "node/47214781"
    },
    {
      "type": "Feature",
      "properties": {
        "@id": "node/47223741",
        "highway": "motorway_junction",
        "name": "Meppel",
        "ref": "2",
        "source": "AND"
      },
      "geometry": {
        "type": "Point",
        "coordinates": [
          6.2086178,
          52.6970885
        ]
      },
      "id": "node/47223741"
    },
    {
      "type": "Feature",
      "properties": {
        "@id": "node/47223967",
        "highway": "motorway_junction",
        "name": "Knooppunt Emmeloord"
      },
      "geometry": {
        "type": "Point",
        "coordinates": [
          5.7730202,
          52.6978614
        ]
      },
      "id": "node/47223967"
    },
    {
      "type": "Feature",
      "properties": {
        "@id": "node/47236311",
        "highway": "motorway_junction",
        "name": "Meppel-Noord",
        "ref": "3"
      },
      "geometry": {
        "type": "Point",
        "coordinates": [
          6.2082448,
          52.7015079
        ]
      },
      "id": "node/47236311"
    },
    {
      "type": "Feature",
      "properties": {
        "@id": "node/47241925",
        "destination": "Emmen",
        "highway": "motorway_junction",
        "name": "Knooppunt Hoogeveen",
        "source": "AND"
      },
      "geometry": {
        "type": "Point",
        "coordinates": [
          6.4547626,
          52.7038117
        ]
      },
      "id": "node/47241925"
    },
    {
      "type": "Feature",
      "properties": {
        "@id": "node/47242189",
        "highway": "motorway_junction",
        "name": "Zuidwolde",
        "ref": "25",
        "source": "AND"
      },
      "geometry": {
        "type": "Point",
        "coordinates": [
          6.4242736,
          52.7044782
        ]
      },
      "id": "node/47242189"
    },
    {
      "type": "Feature",
      "properties": {
        "@id": "node/47246167",
        "highway": "motorway_junction",
        "name": "Meppel-Noord",
        "ref": "3"
      },
      "geometry": {
        "type": "Point",
        "coordinates": [
          6.2064871,
          52.7054536
        ]
      },
      "id": "node/47246167"
    },
    {
      "type": "Feature",
      "properties": {
        "@id": "node/47246514",
        "highway": "motorway_junction",
        "name": "Dalen"
      },
      "geometry": {
        "type": "Point",
        "coordinates": [
          6.7490323,
          52.7056507
        ]
      },
      "id": "node/47246514"
    },
    {
      "type": "Feature",
      "properties": {
        "@id": "node/47249868",
        "highway": "motorway_junction",
        "name": "Knooppunt Hoogeveen",
        "noref": "yes"
      },
      "geometry": {
        "type": "Point",
        "coordinates": [
          6.4449788,
          52.7069293
        ]
      },
      "id": "node/47249868"
    },
    {
      "type": "Feature",
      "properties": {
        "@id": "node/47253008",
        "highway": "motorway_junction",
        "name": "Knooppunt Hoogeveen"
      },
      "geometry": {
        "type": "Point",
        "coordinates": [
          6.4655409,
          52.7084005
        ]
      },
      "id": "node/47253008"
    },
    {
      "type": "Feature",
      "properties": {
        "@id": "node/47258811",
        "highway": "motorway_junction",
        "name": "Knooppunt Hoogeveen",
        "noref": "yes",
        "source": "AND"
      },
      "geometry": {
        "type": "Point",
        "coordinates": [
          6.4613514,
          52.7115718
        ]
      },
      "id": "node/47258811"
    },
    {
      "type": "Feature",
      "properties": {
        "@id": "node/47262905",
        "highway": "motorway_junction",
        "name": "Nieuwlande",
        "ref": "2",
        "source": "AND"
      },
      "geometry": {
        "type": "Point",
        "coordinates": [
          6.6026689,
          52.7124712
        ]
      },
      "id": "node/47262905"
    },
    {
      "type": "Feature",
      "properties": {
        "@id": "node/47263147",
        "highway": "motorway_junction",
        "name": "Nieuwlande",
        "ref": "2",
        "source": "AND"
      },
      "geometry": {
        "type": "Point",
        "coordinates": [
          6.6097773,
          52.7125319
        ]
      },
      "id": "node/47263147"
    },
    {
      "type": "Feature",
      "properties": {
        "@id": "node/47270141",
        "highway": "motorway_junction",
        "name": "Hoogeveen-Oost",
        "ref": "1"
      },
      "geometry": {
        "type": "Point",
        "coordinates": [
          6.5102446,
          52.7153707
        ]
      },
      "id": "node/47270141"
    },
    {
      "type": "Feature",
      "properties": {
        "@id": "node/47271961",
        "highway": "motorway_junction",
        "name": "Hoogeveen-Oost",
        "ref": "1"
      },
      "geometry": {
        "type": "Point",
        "coordinates": [
          6.5160915,
          52.7162893
        ]
      },
      "id": "node/47271961"
    },
    {
      "type": "Feature",
      "properties": {
        "@id": "node/47281102",
        "highway": "motorway_junction",
        "name": "Hoogeveen",
        "ref": "26"
      },
      "geometry": {
        "type": "Point",
        "coordinates": [
          6.4647093,
          52.7206964
        ]
      },
      "id": "node/47281102"
    },
    {
      "type": "Feature",
      "properties": {
        "@id": "node/47281139",
        "highway": "motorway_junction",
        "name": "Emmeloord",
        "ref": "15"
      },
      "geometry": {
        "type": "Point",
        "coordinates": [
          5.7715336,
          52.7206686
        ]
      },
      "id": "node/47281139"
    },
    {
      "type": "Feature",
      "properties": {
        "@id": "node/47289183",
        "highway": "motorway_junction",
        "name": "Oosterhesselen",
        "ref": "3",
        "source": "AND"
      },
      "geometry": {
        "type": "Point",
        "coordinates": [
          6.7229896,
          52.7232033
        ]
      },
      "id": "node/47289183"
    },
    {
      "type": "Feature",
      "properties": {
        "@id": "node/47290107",
        "highway": "motorway_junction",
        "name": "Emmen-Zuid",
        "ref": "5"
      },
      "geometry": {
        "type": "Point",
        "coordinates": [
          6.8711513,
          52.7234995
        ]
      },
      "id": "node/47290107"
    },
    {
      "type": "Feature",
      "properties": {
        "@id": "node/47293284",
        "highway": "motorway_junction",
        "name": "Hoogeveen",
        "ref": "26"
      },
      "geometry": {
        "type": "Point",
        "coordinates": [
          6.4641858,
          52.7246839
        ]
      },
      "id": "node/47293284"
    },
    {
      "type": "Feature",
      "properties": {
        "@id": "node/47297626",
        "highway": "motorway_junction",
        "name": "Oosterhesselen",
        "ref": "3",
        "source": "AND"
      },
      "geometry": {
        "type": "Point",
        "coordinates": [
          6.739266,
          52.7260896
        ]
      },
      "id": "node/47297626"
    },
    {
      "type": "Feature",
      "properties": {
        "@id": "node/47297829",
        "highway": "motorway_junction",
        "name": "Diever",
        "ref": "4",
        "source": "AND"
      },
      "geometry": {
        "type": "Point",
        "coordinates": [
          6.2037848,
          52.7246471
        ]
      },
      "id": "node/47297829"
    },
    {
      "type": "Feature",
      "properties": {
        "@id": "node/47298991",
        "highway": "motorway_junction",
        "name": "Veenoord",
        "ref": "4"
      },
      "geometry": {
        "type": "Point",
        "coordinates": [
          6.8334907,
          52.7261506
        ]
      },
      "id": "node/47298991"
    },
    {
      "type": "Feature",
      "properties": {
        "@id": "node/47311505",
        "highway": "motorway_junction",
        "name": "Emmeloord",
        "ref": "15",
        "source": "AND"
      },
      "geometry": {
        "type": "Point",
        "coordinates": [
          5.7699088,
          52.7307921
        ]
      },
      "id": "node/47311505"
    },
    {
      "type": "Feature",
      "properties": {
        "@id": "node/47314018",
        "highway": "motorway_junction",
        "name": "Knooppunt Holsloot"
      },
      "geometry": {
        "type": "Point",
        "coordinates": [
          6.7948188,
          52.731857
        ]
      },
      "id": "node/47314018"
    },
    {
      "type": "Feature",
      "properties": {
        "@id": "node/47318827",
        "highway": "motorway_junction",
        "name": "Diever",
        "ref": "4",
        "source": "AND"
      },
      "geometry": {
        "type": "Point",
        "coordinates": [
          6.1993237,
          52.7333214
        ]
      },
      "id": "node/47318827"
    },
    {
      "type": "Feature",
      "properties": {
        "@id": "node/47321191",
        "highway": "motorway_junction",
        "name": "Fluitenberg",
        "ref": "27",
        "source": "AND"
      },
      "geometry": {
        "type": "Point",
        "coordinates": [
          6.4654552,
          52.7346952
        ]
      },
      "id": "node/47321191"
    },
    {
      "type": "Feature",
      "properties": {
        "@id": "node/47333962",
        "highway": "motorway_junction",
        "name": "Nieuwe-Niedorp"
      },
      "geometry": {
        "type": "Point",
        "coordinates": [
          4.9062588,
          52.7406617
        ]
      },
      "id": "node/47333962"
    },
    {
      "type": "Feature",
      "properties": {
        "@id": "node/47337979",
        "highway": "motorway_junction",
        "name": "Fluitenberg",
        "ref": "27",
        "source": "AND"
      },
      "geometry": {
        "type": "Point",
        "coordinates": [
          6.4623056,
          52.743656
        ]
      },
      "id": "node/47337979"
    },
    {
      "type": "Feature",
      "properties": {
        "@id": "node/47344680",
        "highway": "motorway_junction",
        "name": "Erm"
      },
      "geometry": {
        "type": "Point",
        "coordinates": [
          6.8191789,
          52.7464148
        ]
      },
      "id": "node/47344680"
    },
    {
      "type": "Feature",
      "properties": {
        "@id": "node/47345999",
        "highway": "motorway_junction",
        "name": "Nieuwe-Niedorp"
      },
      "geometry": {
        "type": "Point",
        "coordinates": [
          4.9144735,
          52.7466249
        ]
      },
      "id": "node/47345999"
    },
    {
      "type": "Feature",
      "properties": {
        "@id": "node/47348452",
        "highway": "motorway_junction",
        "name": "Medemblik",
        "ref": "11",
        "source": "AND"
      },
      "geometry": {
        "type": "Point",
        "coordinates": [
          5.0335198,
          52.7471938
        ]
      },
      "id": "node/47348452"
    },
    {
      "type": "Feature",
      "properties": {
        "@id": "node/47353725",
        "highway": "motorway_junction",
        "name": "Erm"
      },
      "geometry": {
        "type": "Point",
        "coordinates": [
          6.8256328,
          52.7502493
        ]
      },
      "id": "node/47353725"
    },
    {
      "type": "Feature",
      "properties": {
        "@id": "node/47354988",
        "highway": "motorway_junction",
        "name": "Medemblik",
        "ref": "11",
        "source": "AND"
      },
      "geometry": {
        "type": "Point",
        "coordinates": [
          5.0336439,
          52.7517559
        ]
      },
      "id": "node/47354988"
    },
    {
      "type": "Feature",
      "properties": {
        "@id": "node/47367210",
        "highway": "motorway_junction",
        "name": "Nieuw-Amsterdam"
      },
      "geometry": {
        "type": "Point",
        "coordinates": [
          6.8765596,
          52.7576141
        ]
      },
      "id": "node/47367210"
    },
    {
      "type": "Feature",
      "properties": {
        "@id": "node/47368662",
        "highway": "motorway_junction",
        "name": "Emmen-Centrum"
      },
      "geometry": {
        "type": "Point",
        "coordinates": [
          6.8940389,
          52.7585409
        ]
      },
      "id": "node/47368662"
    },
    {
      "type": "Feature",
      "properties": {
        "@id": "node/47368940",
        "highway": "motorway_junction",
        "name": "Nieuw-Amsterdam"
      },
      "geometry": {
        "type": "Point",
        "coordinates": [
          6.870585,
          52.7586645
        ]
      },
      "id": "node/47368940"
    },
    {
      "type": "Feature",
      "properties": {
        "@id": "node/47370641",
        "highway": "motorway_junction",
        "name": "Bant",
        "ref": "16",
        "source": "AND"
      },
      "geometry": {
        "type": "Point",
        "coordinates": [
          5.7660411,
          52.7597243
        ]
      },
      "id": "node/47370641"
    },
    {
      "type": "Feature",
      "properties": {
        "@id": "node/47370996",
        "highway": "motorway_junction",
        "name": "Emmen-West"
      },
      "geometry": {
        "type": "Point",
        "coordinates": [
          6.839461,
          52.7595011
        ]
      },
      "id": "node/47370996"
    },
    {
      "type": "Feature",
      "properties": {
        "@id": "node/47371367",
        "highway": "motorway_junction",
        "name": "Emmen-Ziekenhuis"
      },
      "geometry": {
        "type": "Point",
        "coordinates": [
          6.8996689,
          52.7602242
        ]
      },
      "id": "node/47371367"
    },
    {
      "type": "Feature",
      "properties": {
        "@id": "node/47373301",
        "highway": "motorway_junction",
        "name": "Delftlanden"
      },
      "geometry": {
        "type": "Point",
        "coordinates": [
          6.8539119,
          52.7606735
        ]
      },
      "id": "node/47373301"
    },
    {
      "type": "Feature",
      "properties": {
        "@id": "node/47391417",
        "highway": "motorway_junction",
        "name": "Bant",
        "ref": "16",
        "source": "AND"
      },
      "geometry": {
        "type": "Point",
        "coordinates": [
          5.7621763,
          52.770357
        ]
      },
      "id": "node/47391417"
    },
    {
      "type": "Feature",
      "properties": {
        "@id": "node/47394764",
        "highway": "motorway_junction",
        "name": "Steenwijk-Zuid",
        "ref": "5"
      },
      "geometry": {
        "type": "Point",
        "coordinates": [
          6.1756318,
          52.771502
        ]
      },
      "id": "node/47394764"
    },
    {
      "type": "Feature",
      "properties": {
        "@id": "node/47394836",
        "highway": "motorway_junction",
        "name": "Ruinen",
        "ref": "28",
        "source": "AND"
      },
      "geometry": {
        "type": "Point",
        "coordinates": [
          6.448237,
          52.7709953
        ]
      },
      "id": "node/47394836"
    },
    {
      "type": "Feature",
      "properties": {
        "@id": "node/47404960",
        "highway": "motorway_junction",
        "name": "Steenwijk-Zuid",
        "ref": "5"
      },
      "geometry": {
        "type": "Point",
        "coordinates": [
          6.1685292,
          52.7791629
        ]
      },
      "id": "node/47404960"
    },
    {
      "type": "Feature",
      "properties": {
        "@id": "node/47436736",
        "highway": "motorway_junction",
        "name": "Emmen"
      },
      "geometry": {
        "type": "Point",
        "coordinates": [
          6.8483885,
          52.7936122
        ]
      },
      "id": "node/47436736"
    },
    {
      "type": "Feature",
      "properties": {
        "@id": "node/47446388",
        "highway": "motorway_junction",
        "name": "Steenwijk",
        "ref": "6",
        "source": "AND"
      },
      "geometry": {
        "type": "Point",
        "coordinates": [
          6.1321276,
          52.7982385
        ]
      },
      "id": "node/47446388"
    },
    {
      "type": "Feature",
      "properties": {
        "@id": "node/47450412",
        "highway": "motorway_junction",
        "name": "Steenwijk",
        "ref": "6",
        "source": "AND"
      },
      "geometry": {
        "type": "Point",
        "coordinates": [
          6.1180959,
          52.8011664
        ]
      },
      "id": "node/47450412"
    },
    {
      "type": "Feature",
      "properties": {
        "@id": "node/47452317",
        "highway": "motorway_junction",
        "name": "Wezup"
      },
      "geometry": {
        "type": "Point",
        "coordinates": [
          6.7388486,
          52.8023293
        ]
      },
      "id": "node/47452317"
    },
    {
      "type": "Feature",
      "properties": {
        "@id": "node/47453704",
        "highway": "motorway_junction",
        "name": "Wezup"
      },
      "geometry": {
        "type": "Point",
        "coordinates": [
          6.7252038,
          52.8033048
        ]
      },
      "id": "node/47453704"
    },
    {
      "type": "Feature",
      "properties": {
        "@id": "node/47455868",
        "highway": "motorway_junction",
        "name": "Steenwijk-Noord",
        "ref": "7",
        "source": "AND"
      },
      "geometry": {
        "type": "Point",
        "coordinates": [
          6.1007738,
          52.804424
        ]
      },
      "id": "node/47455868"
    },
    {
      "type": "Feature",
      "properties": {
        "@id": "node/47456025",
        "highway": "motorway_junction",
        "name": "Middenmeer",
        "ref": "12"
      },
      "geometry": {
        "type": "Point",
        "coordinates": [
          5.0096322,
          52.8053747
        ]
      },
      "id": "node/47456025"
    },
    {
      "type": "Feature",
      "properties": {
        "@id": "node/47460307",
        "highway": "motorway_junction",
        "name": "Steenwijk-Noord",
        "ref": "7",
        "source": "AND"
      },
      "geometry": {
        "type": "Point",
        "coordinates": [
          6.0886522,
          52.8080229
        ]
      },
      "id": "node/47460307"
    },
    {
      "type": "Feature",
      "properties": {
        "@id": "node/47486833",
        "highway": "motorway_junction",
        "name": "Westerbork"
      },
      "geometry": {
        "type": "Point",
        "coordinates": [
          6.6097123,
          52.8304456
        ]
      },
      "id": "node/47486833"
    },
    {
      "type": "Feature",
      "properties": {
        "@id": "node/47489847",
        "highway": "motorway_junction",
        "name": "Westerbork"
      },
      "geometry": {
        "type": "Point",
        "coordinates": [
          6.60013,
          52.8333069
        ]
      },
      "id": "node/47489847"
    },
    {
      "type": "Feature",
      "properties": {
        "@id": "node/47497415",
        "highway": "motorway_junction",
        "name": "Wieringerwerf",
        "ref": "13",
        "source": "AND"
      },
      "geometry": {
        "type": "Point",
        "coordinates": [
          5.0207586,
          52.8376404
        ]
      },
      "id": "node/47497415"
    },
    {
      "type": "Feature",
      "properties": {
        "@id": "node/47502060",
        "highway": "motorway_junction",
        "name": "Lemmer",
        "ref": "17",
        "source": "AND"
      },
      "geometry": {
        "type": "Point",
        "coordinates": [
          5.7248071,
          52.8423598
        ]
      },
      "id": "node/47502060"
    },
    {
      "type": "Feature",
      "properties": {
        "@id": "node/47509907",
        "highway": "motorway_junction",
        "name": "Wieringerwerf",
        "ref": "13",
        "source": "AND"
      },
      "geometry": {
        "type": "Point",
        "coordinates": [
          5.0193079,
          52.8478742
        ]
      },
      "id": "node/47509907"
    },
    {
      "type": "Feature",
      "properties": {
        "@id": "node/47521634",
        "highway": "motorway_junction",
        "name": "Lemmer",
        "ref": "17",
        "source": "AND"
      },
      "geometry": {
        "type": "Point",
        "coordinates": [
          5.7215891,
          52.8526018
        ]
      },
      "id": "node/47521634"
    },
    {
      "type": "Feature",
      "properties": {
        "@id": "node/47522077",
        "highway": "motorway_junction",
        "name": "Beilen",
        "ref": "30"
      },
      "geometry": {
        "type": "Point",
        "coordinates": [
          6.494158,
          52.8547248
        ]
      },
      "id": "node/47522077"
    },
    {
      "type": "Feature",
      "properties": {
        "@id": "node/47535524",
        "highway": "motorway_junction",
        "loc_name": "Knooppunt Ter Apel",
        "noname": "yes",
        "note": "Naamloos knooppunt, splitspunt aangegeven met chevronbord (naam \"knooppunt Ter Apel\" is informeel gebruikt in enkele overheidsrapporten)",
        "source:loc_name": "https://ro.emmen.nl/imro2008/NL.IMRO.0114.2015026-B701/t_NL.IMRO.0114.2015026-B701.html"
      },
      "geometry": {
        "type": "Point",
        "coordinates": [
          7.0488609,
          52.8598086
        ]
      },
      "id": "node/47535524"
    },
    {
      "type": "Feature",
      "properties": {
        "@id": "node/47552796",
        "highway": "motorway_junction",
        "name": "Oosterzee",
        "ref": "18",
        "source": "AND"
      },
      "geometry": {
        "type": "Point",
        "coordinates": [
          5.7435526,
          52.871186
        ]
      },
      "id": "node/47552796"
    },
    {
      "type": "Feature",
      "properties": {
        "@id": "node/47556509",
        "highway": "motorway_junction",
        "name": "Oosterzee",
        "ref": "18",
        "source": "AND"
      },
      "geometry": {
        "type": "Point",
        "coordinates": [
          5.7453225,
          52.8736051
        ]
      },
      "id": "node/47556509"
    },
    {
      "type": "Feature",
      "properties": {
        "@id": "node/47556830",
        "highway": "motorway_junction",
        "name": "Beilen"
      },
      "geometry": {
        "type": "Point",
        "coordinates": [
          6.5276615,
          52.8736238
        ]
      },
      "id": "node/47556830"
    },
    {
      "type": "Feature",
      "properties": {
        "@id": "node/47558056",
        "highway": "motorway_junction",
        "name": "Beilen"
      },
      "geometry": {
        "type": "Point",
        "coordinates": [
          6.5244555,
          52.8744986
        ]
      },
      "id": "node/47558056"
    },
    {
      "type": "Feature",
      "properties": {
        "@id": "node/47562441",
        "highway": "motorway_junction",
        "name": "Wolvega",
        "ref": "8",
        "source": "AND"
      },
      "geometry": {
        "type": "Point",
        "coordinates": [
          6.0250053,
          52.8776131
        ]
      },
      "id": "node/47562441"
    },
    {
      "type": "Feature",
      "properties": {
        "@id": "node/47568424",
        "highway": "motorway_junction",
        "name": "Wolvega",
        "ref": "8",
        "source": "AND"
      },
      "geometry": {
        "type": "Point",
        "coordinates": [
          6.0246734,
          52.8821991
        ]
      },
      "id": "node/47568424"
    },
    {
      "type": "Feature",
      "properties": {
        "@id": "node/47602589",
        "highway": "motorway_junction",
        "name": "Ter Idzard",
        "ref": "9",
        "source": "AND"
      },
      "geometry": {
        "type": "Point",
        "coordinates": [
          6.0039298,
          52.9063036
        ]
      },
      "id": "node/47602589"
    },
    {
      "type": "Feature",
      "properties": {
        "@id": "node/47606516",
        "highway": "motorway_junction",
        "name": "Hoogersmilde"
      },
      "geometry": {
        "type": "Point",
        "coordinates": [
          6.3992432,
          52.9106904
        ]
      },
      "id": "node/47606516"
    },
    {
      "type": "Feature",
      "properties": {
        "@id": "node/47606750",
        "highway": "motorway_junction",
        "name": "Ter Idzard",
        "ref": "9",
        "source": "AND"
      },
      "geometry": {
        "type": "Point",
        "coordinates": [
          5.9939925,
          52.9113558
        ]
      },
      "id": "node/47606750"
    },
    {
      "type": "Feature",
      "properties": {
        "@id": "node/47608087",
        "highway": "motorway_junction",
        "name": "Sint Nicolaasga",
        "ref": "19",
        "source": "AND"
      },
      "geometry": {
        "type": "Point",
        "coordinates": [
          5.7739468,
          52.9118831
        ]
      },
      "id": "node/47608087"
    },
    {
      "type": "Feature",
      "properties": {
        "@id": "node/47608188",
        "highway": "motorway_junction",
        "name": "Hoogersmilde"
      },
      "geometry": {
        "type": "Point",
        "coordinates": [
          6.3957072,
          52.9118069
        ]
      },
      "id": "node/47608188"
    },
    {
      "type": "Feature",
      "properties": {
        "@id": "node/47613784",
        "highway": "motorway_junction",
        "name": "Sint Nicolaasga",
        "ref": "19",
        "source": "AND"
      },
      "geometry": {
        "type": "Point",
        "coordinates": [
          5.7750306,
          52.9168304
        ]
      },
      "id": "node/47613784"
    },
    {
      "type": "Feature",
      "properties": {
        "@id": "node/47619423",
        "highway": "motorway_junction",
        "name": "Borger"
      },
      "geometry": {
        "type": "Point",
        "coordinates": [
          6.7869701,
          52.920255
        ]
      },
      "id": "node/47619423"
    },
    {
      "type": "Feature",
      "properties": {
        "@id": "node/47623918",
        "highway": "motorway_junction",
        "name": "Den Helder",
        "ref": "14"
      },
      "geometry": {
        "type": "Point",
        "coordinates": [
          5.0352741,
          52.9245763
        ]
      },
      "id": "node/47623918"
    },
    {
      "type": "Feature",
      "properties": {
        "@id": "node/47626638",
        "highway": "motorway_junction",
        "name": "Heerenveen-Zuid",
        "ref": "10"
      },
      "geometry": {
        "type": "Point",
        "coordinates": [
          5.9632529,
          52.9279413
        ]
      },
      "id": "node/47626638"
    },
    {
      "type": "Feature",
      "properties": {
        "@id": "node/47632661",
        "highway": "motorway_junction",
        "name": "Den Oever",
        "ref": "14"
      },
      "geometry": {
        "type": "Point",
        "coordinates": [
          5.0381878,
          52.9326073
        ]
      },
      "id": "node/47632661"
    },
    {
      "type": "Feature",
      "properties": {
        "@id": "node/47633706",
        "highway": "motorway_junction",
        "name": "Heerenveen-Zuid",
        "ref": "10"
      },
      "geometry": {
        "type": "Point",
        "coordinates": [
          5.9597153,
          52.9334223
        ]
      },
      "id": "node/47633706"
    },
    {
      "type": "Feature",
      "properties": {
        "@id": "node/47658807",
        "highway": "motorway_junction",
        "name": "Heerenveen",
        "ref": "11"
      },
      "geometry": {
        "type": "Point",
        "coordinates": [
          5.9442549,
          52.9487311
        ]
      },
      "id": "node/47658807"
    },
    {
      "type": "Feature",
      "properties": {
        "@id": "node/47663591",
        "highway": "motorway_junction",
        "name": "Elsloo"
      },
      "geometry": {
        "type": "Point",
        "coordinates": [
          6.3152761,
          52.9512148
        ]
      },
      "id": "node/47663591"
    },
    {
      "type": "Feature",
      "properties": {
        "@id": "node/47670319",
        "highway": "motorway_junction",
        "name": "Elsloo"
      },
      "geometry": {
        "type": "Point",
        "coordinates": [
          6.3114289,
          52.9584616
        ]
      },
      "id": "node/47670319"
    },
    {
      "type": "Feature",
      "properties": {
        "@id": "node/47680690",
        "highway": "motorway_junction",
        "name": "Oudehaske",
        "ref": "25",
        "source": "AND"
      },
      "geometry": {
        "type": "Point",
        "coordinates": [
          5.8658031,
          52.9630325
        ]
      },
      "id": "node/47680690"
    },
    {
      "type": "Feature",
      "properties": {
        "@id": "node/47681828",
        "highway": "motorway_junction",
        "name": "Joure-West",
        "ref": "23",
        "source": "AND"
      },
      "geometry": {
        "type": "Point",
        "coordinates": [
          5.7692414,
          52.9632658
        ]
      },
      "id": "node/47681828"
    },
    {
      "type": "Feature",
      "properties": {
        "@id": "node/47682036",
        "highway": "motorway_junction",
        "name": "Oudehaske",
        "ref": "25",
        "source": "AND"
      },
      "geometry": {
        "type": "Point",
        "coordinates": [
          5.8686922,
          52.9637345
        ]
      },
      "id": "node/47682036"
    },
    {
      "type": "Feature",
      "properties": {
        "@id": "node/47684695",
        "highway": "motorway_junction",
        "name": "Joure-West",
        "ref": "23",
        "source": "AND"
      },
      "geometry": {
        "type": "Point",
        "coordinates": [
          5.7660356,
          52.9660488
        ]
      },
      "id": "node/47684695"
    },
    {
      "type": "Feature",
      "properties": {
        "@id": "node/47687564",
        "highway": "motorway_junction",
        "name": "Heerenveen-Centrum",
        "ref": "12"
      },
      "geometry": {
        "type": "Point",
        "coordinates": [
          5.9290419,
          52.9682092
        ]
      },
      "id": "node/47687564"
    },
    {
      "type": "Feature",
      "properties": {
        "@id": "node/47689409",
        "highway": "motorway_junction",
        "name": "Heerenveen-West",
        "ref": "26"
      },
      "geometry": {
        "type": "Point",
        "coordinates": [
          5.901441,
          52.9692256
        ]
      },
      "id": "node/47689409"
    },
    {
      "type": "Feature",
      "properties": {
        "@id": "node/47693313",
        "highway": "motorway_junction",
        "name": "Heerenveen"
      },
      "geometry": {
        "type": "Point",
        "coordinates": [
          5.9232956,
          52.9715042
        ]
      },
      "id": "node/47693313"
    },
    {
      "type": "Feature",
      "properties": {
        "@id": "node/47694943",
        "highway": "motorway_junction",
        "name": "Heerenveen"
      },
      "geometry": {
        "type": "Point",
        "coordinates": [
          5.9094447,
          52.9723424
        ]
      },
      "id": "node/47694943"
    },
    {
      "type": "Feature",
      "properties": {
        "@id": "node/47695894",
        "highway": "motorway_junction",
        "name": "Gasselte"
      },
      "geometry": {
        "type": "Point",
        "coordinates": [
          6.7770831,
          52.9715799
        ]
      },
      "id": "node/47695894"
    },
    {
      "type": "Feature",
      "properties": {
        "@id": "node/47696628",
        "highway": "motorway_junction",
        "name": "Rolde",
        "ref": "33"
      },
      "geometry": {
        "type": "Point",
        "coordinates": [
          6.6451781,
          52.9734228
        ]
      },
      "id": "node/47696628"
    },
    {
      "type": "Feature",
      "properties": {
        "@id": "node/47702025",
        "highway": "motorway_junction",
        "name": "Gasselte"
      },
      "geometry": {
        "type": "Point",
        "coordinates": [
          6.7746148,
          52.9778899
        ]
      },
      "id": "node/47702025"
    },
    {
      "type": "Feature",
      "properties": {
        "@id": "node/47702627",
        "highway": "motorway_junction",
        "name": "Heerenveen"
      },
      "geometry": {
        "type": "Point",
        "coordinates": [
          5.9241162,
          52.9777726
        ]
      },
      "id": "node/47702627"
    },
    {
      "type": "Feature",
      "properties": {
        "@id": "node/47704760",
        "highway": "motorway_junction",
        "name": "Heerenveen"
      },
      "geometry": {
        "type": "Point",
        "coordinates": [
          5.9085879,
          52.9788959
        ]
      },
      "id": "node/47704760"
    },
    {
      "type": "Feature",
      "properties": {
        "@id": "node/47711439",
        "highway": "motorway_junction",
        "name": "Tjalleberd",
        "ref": "26a",
        "source": "AND"
      },
      "geometry": {
        "type": "Point",
        "coordinates": [
          5.9523252,
          52.9841296
        ]
      },
      "id": "node/47711439"
    },
    {
      "type": "Feature",
      "properties": {
        "@id": "node/47713613",
        "highway": "motorway_junction",
        "name": "Tjalleberd",
        "ref": "26a",
        "source": "AND"
      },
      "geometry": {
        "type": "Point",
        "coordinates": [
          5.9594154,
          52.9859594
        ]
      },
      "id": "node/47713613"
    },
    {
      "type": "Feature",
      "properties": {
        "@id": "node/47713743",
        "highway": "motorway_junction",
        "name": "Stadskanaal-Zuid"
      },
      "geometry": {
        "type": "Point",
        "coordinates": [
          6.9939931,
          52.9845265
        ]
      },
      "id": "node/47713743"
    },
    {
      "type": "Feature",
      "properties": {
        "@id": "node/47720924",
        "highway": "motorway_junction",
        "name": "Stadskanaal-Zuid"
      },
      "geometry": {
        "type": "Point",
        "coordinates": [
          6.9886988,
          52.9912896
        ]
      },
      "id": "node/47720924"
    },
    {
      "type": "Feature",
      "properties": {
        "@id": "node/47727383",
        "highway": "motorway_junction",
        "name": "Gieten"
      },
      "geometry": {
        "type": "Point",
        "coordinates": [
          6.7568544,
          52.9950944
        ]
      },
      "id": "node/47727383"
    },
    {
      "type": "Feature",
      "properties": {
        "@id": "node/47738659",
        "highway": "motorway_junction",
        "name": "Gieten"
      },
      "geometry": {
        "type": "Point",
        "coordinates": [
          6.7514817,
          53.00189
        ]
      },
      "id": "node/47738659"
    },
    {
      "type": "Feature",
      "properties": {
        "@id": "node/47754189",
        "highway": "motorway_junction",
        "name": "Gieten",
        "ref": "34"
      },
      "geometry": {
        "type": "Point",
        "coordinates": [
          6.7451551,
          53.0095303
        ]
      },
      "id": "node/47754189"
    },
    {
      "type": "Feature",
      "properties": {
        "@id": "node/47764960",
        "highway": "motorway_junction",
        "name": "Tijnje",
        "ref": "27"
      },
      "geometry": {
        "type": "Point",
        "coordinates": [
          6.00707,
          53.0175147
        ]
      },
      "id": "node/47764960"
    },
    {
      "type": "Feature",
      "properties": {
        "@id": "node/47770991",
        "highway": "motorway_junction",
        "name": "Breezanddijk",
        "name:fy": "Breesândyk",
        "name:nl": "Breezanddijk"
      },
      "geometry": {
        "type": "Point",
        "coordinates": [
          5.2082462,
          53.0209621
        ]
      },
      "id": "node/47770991"
    },
    {
      "type": "Feature",
      "properties": {
        "@id": "node/47771251",
        "highway": "motorway_junction",
        "name": "Tijnje",
        "ref": "27",
        "source": "AND"
      },
      "geometry": {
        "type": "Point",
        "coordinates": [
          6.0097598,
          53.0208946
        ]
      },
      "id": "node/47771251"
    },
    {
      "type": "Feature",
      "properties": {
        "@id": "node/47772923",
        "highway": "motorway_junction",
        "name": "Sneek",
        "ref": "21",
        "wikidata": "Q97442322"
      },
      "geometry": {
        "type": "Point",
        "coordinates": [
          5.651087,
          53.0223169
        ]
      },
      "id": "node/47772923"
    },
    {
      "type": "Feature",
      "properties": {
        "@id": "node/47809517",
        "highway": "motorway_junction",
        "name": "Gieterveen",
        "ref": "35"
      },
      "geometry": {
        "type": "Point",
        "coordinates": [
          6.8236418,
          53.0414579
        ]
      },
      "id": "node/47809517"
    },
    {
      "type": "Feature",
      "properties": {
        "@id": "node/47814567",
        "highway": "motorway_junction",
        "name": "Gieterveen",
        "ref": "35"
      },
      "geometry": {
        "type": "Point",
        "coordinates": [
          6.8284414,
          53.0437454
        ]
      },
      "id": "node/47814567"
    },
    {
      "type": "Feature",
      "properties": {
        "@id": "node/47817173",
        "highway": "motorway_junction",
        "name": "Akkrum",
        "ref": "13",
        "source": "AND"
      },
      "geometry": {
        "type": "Point",
        "coordinates": [
          5.8471986,
          53.0445489
        ]
      },
      "id": "node/47817173"
    },
    {
      "type": "Feature",
      "properties": {
        "@id": "node/47818321",
        "highway": "motorway_junction",
        "name": "Nijland",
        "ref": "19"
      },
      "geometry": {
        "type": "Point",
        "coordinates": [
          5.5814322,
          53.0453473
        ]
      },
      "id": "node/47818321"
    },
    {
      "type": "Feature",
      "properties": {
        "@id": "node/47825009",
        "highway": "motorway_junction",
        "name": "Nijland",
        "ref": "19"
      },
      "geometry": {
        "type": "Point",
        "coordinates": [
          5.568782,
          53.0481652
        ]
      },
      "id": "node/47825009"
    },
    {
      "type": "Feature",
      "properties": {
        "@id": "node/47830637",
        "highway": "motorway_junction",
        "name": "Annen"
      },
      "geometry": {
        "type": "Point",
        "coordinates": [
          6.7112448,
          53.0509315
        ]
      },
      "id": "node/47830637"
    },
    {
      "type": "Feature",
      "properties": {
        "@id": "node/47835383",
        "highway": "motorway_junction",
        "name": "Bareveld",
        "ref": "36"
      },
      "geometry": {
        "type": "Point",
        "coordinates": [
          6.8575925,
          53.0529699
        ]
      },
      "id": "node/47835383"
    },
    {
      "type": "Feature",
      "properties": {
        "@id": "node/47841385",
        "highway": "motorway_junction",
        "name": "Bolsward-Oost",
        "ref": "18"
      },
      "geometry": {
        "type": "Point",
        "coordinates": [
          5.5408878,
          53.0549058
        ]
      },
      "id": "node/47841385"
    },
    {
      "type": "Feature",
      "properties": {
        "@id": "node/47841441",
        "highway": "motorway_junction",
        "name": "Alteveer"
      },
      "geometry": {
        "type": "Point",
        "coordinates": [
          6.9902015,
          53.0546292
        ]
      },
      "id": "node/47841441"
    },
    {
      "type": "Feature",
      "properties": {
        "@id": "node/47845577",
        "highway": "motorway_junction",
        "name": "Bolsward-Oost",
        "ref": "18"
      },
      "geometry": {
        "type": "Point",
        "coordinates": [
          5.5312295,
          53.056635
        ]
      },
      "id": "node/47845577"
    },
    {
      "type": "Feature",
      "properties": {
        "@id": "node/47853814",
        "highway": "motorway_junction",
        "name": "Beetsterzwaag",
        "ref": "28",
        "source": "AND"
      },
      "geometry": {
        "type": "Point",
        "coordinates": [
          6.0496329,
          53.0594186
        ]
      },
      "id": "node/47853814"
    },
    {
      "type": "Feature",
      "properties": {
        "@id": "node/47854918",
        "highway": "motorway_junction",
        "name": "Bolsward",
        "ref": "17"
      },
      "geometry": {
        "type": "Point",
        "coordinates": [
          5.5045326,
          53.0607
        ]
      },
      "id": "node/47854918"
    },
    {
      "type": "Feature",
      "properties": {
        "@id": "node/47860409",
        "highway": "motorway_junction",
        "name": "Beetsterzwaag",
        "ref": "28",
        "source": "AND"
      },
      "geometry": {
        "type": "Point",
        "coordinates": [
          6.0527627,
          53.062735
        ]
      },
      "id": "node/47860409"
    },
    {
      "type": "Feature",
      "properties": {
        "@id": "node/47862307",
        "highway": "motorway_junction",
        "name": "Wedde"
      },
      "geometry": {
        "type": "Point",
        "coordinates": [
          7.0863751,
          53.0639234
        ]
      },
      "id": "node/47862307"
    },
    {
      "type": "Feature",
      "properties": {
        "@id": "node/47875968",
        "highway": "motorway_junction",
        "name": "Wedde"
      },
      "geometry": {
        "type": "Point",
        "coordinates": [
          7.0843887,
          53.0696035
        ]
      },
      "id": "node/47875968"
    },
    {
      "type": "Feature",
      "properties": {
        "@id": "node/47885125",
        "highway": "motorway_junction",
        "name": "Veendam-Zuid",
        "ref": "37"
      },
      "geometry": {
        "type": "Point",
        "coordinates": [
          6.8801966,
          53.0743479
        ]
      },
      "id": "node/47885125"
    },
    {
      "type": "Feature",
      "properties": {
        "@id": "node/47887928",
        "highway": "motorway_junction",
        "name": "Bolsward-Noord"
      },
      "geometry": {
        "type": "Point",
        "coordinates": [
          5.5116027,
          53.0750749
        ]
      },
      "id": "node/47887928"
    },
    {
      "type": "Feature",
      "properties": {
        "@id": "node/47893882",
        "highway": "motorway_junction",
        "name": "Nieuwe Pekela-Zuid"
      },
      "geometry": {
        "type": "Point",
        "coordinates": [
          6.9761896,
          53.0785599
        ]
      },
      "id": "node/47893882"
    },
    {
      "type": "Feature",
      "properties": {
        "@id": "node/47897963",
        "highway": "motorway_junction",
        "name": "Veendam-Zuid",
        "ref": "37"
      },
      "geometry": {
        "type": "Point",
        "coordinates": [
          6.8833966,
          53.0798932
        ]
      },
      "id": "node/47897963"
    },
    {
      "type": "Feature",
      "properties": {
        "@id": "node/47898768",
        "highway": "motorway_junction",
        "name": "Vries",
        "ref": "35",
        "source": "AND"
      },
      "geometry": {
        "type": "Point",
        "coordinates": [
          6.6038164,
          53.0807448
        ]
      },
      "id": "node/47898768"
    },
    {
      "type": "Feature",
      "properties": {
        "@id": "node/47904150",
        "highway": "motorway_junction",
        "name": "Zuidlaren"
      },
      "geometry": {
        "type": "Point",
        "coordinates": [
          6.6587958,
          53.0832374
        ]
      },
      "id": "node/47904150"
    },
    {
      "type": "Feature",
      "properties": {
        "@id": "node/47906980",
        "highway": "motorway_junction",
        "name": "Vries",
        "ref": "35",
        "source": "AND"
      },
      "geometry": {
        "type": "Point",
        "coordinates": [
          6.6039557,
          53.0844349
        ]
      },
      "id": "node/47906980"
    },
    {
      "type": "Feature",
      "properties": {
        "@id": "node/47911800",
        "highway": "motorway_junction",
        "name": "Drachten-Centrum",
        "ref": "29"
      },
      "geometry": {
        "type": "Point",
        "coordinates": [
          6.0785845,
          53.0868741
        ]
      },
      "id": "node/47911800"
    },
    {
      "type": "Feature",
      "properties": {
        "@id": "node/47912253",
        "highway": "motorway_junction",
        "name": "Grou",
        "ref": "14",
        "source": "AND"
      },
      "geometry": {
        "type": "Point",
        "coordinates": [
          5.825305,
          53.0861341
        ]
      },
      "id": "node/47912253"
    },
    {
      "type": "Feature",
      "properties": {
        "@id": "node/47912992",
        "highway": "motorway_junction",
        "name": "Nieuwe Pekela"
      },
      "geometry": {
        "type": "Point",
        "coordinates": [
          6.9643099,
          53.0871033
        ]
      },
      "id": "node/47912992"
    },
    {
      "type": "Feature",
      "properties": {
        "@id": "node/47913418",
        "highway": "motorway_junction",
        "name": "Nieuwe Pekela"
      },
      "geometry": {
        "type": "Point",
        "coordinates": [
          6.9625968,
          53.0874442
        ]
      },
      "id": "node/47913418"
    },
    {
      "type": "Feature",
      "properties": {
        "@id": "node/47913715",
        "highway": "motorway_junction",
        "name": "Zuidlaren"
      },
      "geometry": {
        "type": "Point",
        "coordinates": [
          6.6499613,
          53.0876126
        ]
      },
      "id": "node/47913715"
    },
    {
      "type": "Feature",
      "properties": {
        "@id": "node/47915094",
        "highway": "motorway_junction",
        "name": "Witmarsum",
        "ref": "16"
      },
      "geometry": {
        "type": "Point",
        "coordinates": [
          5.4509945,
          53.0874353
        ]
      },
      "id": "node/47915094"
    },
    {
      "type": "Feature",
      "properties": {
        "@id": "node/47920293",
        "highway": "motorway_junction",
        "name": "Witmarsum",
        "ref": "16"
      },
      "geometry": {
        "type": "Point",
        "coordinates": [
          5.4357327,
          53.0901965
        ]
      },
      "id": "node/47920293"
    },
    {
      "type": "Feature",
      "properties": {
        "@id": "node/47920341",
        "highway": "motorway_junction",
        "name": "Knooppunt Zurich",
        "source": "AND"
      },
      "geometry": {
        "type": "Point",
        "coordinates": [
          5.3706186,
          53.0894475
        ]
      },
      "id": "node/47920341"
    },
    {
      "type": "Feature",
      "properties": {
        "@id": "node/47923388",
        "highway": "motorway_junction",
        "name": "Burgwerd"
      },
      "geometry": {
        "type": "Point",
        "coordinates": [
          5.5309403,
          53.0910343
        ]
      },
      "id": "node/47923388"
    },
    {
      "type": "Feature",
      "properties": {
        "@id": "node/47923621",
        "highway": "motorway_junction",
        "name": "Drachten-Centrum",
        "ref": "29",
        "source": "AND"
      },
      "geometry": {
        "type": "Point",
        "coordinates": [
          6.092279,
          53.0916197
        ]
      },
      "id": "node/47923621"
    },
    {
      "type": "Feature",
      "properties": {
        "@id": "node/47927323",
        "highway": "motorway_junction",
        "name": "Zurich",
        "ref": "15",
        "source": "AND"
      },
      "geometry": {
        "type": "Point",
        "coordinates": [
          5.378463,
          53.0930073
        ]
      },
      "id": "node/47927323"
    },
    {
      "type": "Feature",
      "properties": {
        "@id": "node/47927738",
        "highway": "motorway_junction",
        "name": "Ommelanderwijk"
      },
      "geometry": {
        "type": "Point",
        "coordinates": [
          6.9112803,
          53.0931274
        ]
      },
      "id": "node/47927738"
    },
    {
      "type": "Feature",
      "properties": {
        "@id": "node/47928582",
        "highway": "motorway_junction",
        "name": "Ureterp"
      },
      "geometry": {
        "type": "Point",
        "coordinates": [
          6.1399655,
          53.0931899
        ]
      },
      "id": "node/47928582"
    },
    {
      "type": "Feature",
      "properties": {
        "@id": "node/47931475",
        "highway": "motorway_junction",
        "name": "Grou",
        "ref": "14",
        "source": "AND"
      },
      "geometry": {
        "type": "Point",
        "coordinates": [
          5.8215662,
          53.0946615
        ]
      },
      "id": "node/47931475"
    },
    {
      "type": "Feature",
      "properties": {
        "@id": "node/47935033",
        "highway": "motorway_junction",
        "name": "Knooppunt Zurich"
      },
      "geometry": {
        "type": "Point",
        "coordinates": [
          5.409266,
          53.0955305
        ]
      },
      "id": "node/47935033"
    },
    {
      "type": "Feature",
      "properties": {
        "@id": "node/47938100",
        "highway": "motorway_junction",
        "name": "Zurich",
        "ref": "15",
        "source": "AND"
      },
      "geometry": {
        "type": "Point",
        "coordinates": [
          5.3917581,
          53.0970786
        ]
      },
      "id": "node/47938100"
    },
    {
      "type": "Feature",
      "properties": {
        "@id": "node/47940993",
        "highway": "motorway_junction",
        "name": "Blijham"
      },
      "geometry": {
        "type": "Point",
        "coordinates": [
          7.07675,
          53.09789
        ]
      },
      "id": "node/47940993"
    },
    {
      "type": "Feature",
      "properties": {
        "@id": "node/47943863",
        "highway": "motorway_junction",
        "name": "Ureterp"
      },
      "geometry": {
        "type": "Point",
        "coordinates": [
          6.1387126,
          53.0989478
        ]
      },
      "id": "node/47943863"
    },
    {
      "type": "Feature",
      "properties": {
        "@id": "node/47952318",
        "highway": "motorway_junction"
      },
      "geometry": {
        "type": "Point",
        "coordinates": [
          6.1378255,
          53.1015222
        ]
      },
      "id": "node/47952318"
    },
    {
      "type": "Feature",
      "properties": {
        "@id": "node/47953051",
        "highway": "motorway_junction",
        "name": "Wedderveer"
      },
      "geometry": {
        "type": "Point",
        "coordinates": [
          7.071311,
          53.1024522
        ]
      },
      "id": "node/47953051"
    },
    {
      "type": "Feature",
      "properties": {
        "@id": "node/47953880",
        "highway": "motorway_junction",
        "name": "Oosterwolde",
        "ref": "30",
        "source": "AND"
      },
      "geometry": {
        "type": "Point",
        "coordinates": [
          6.1290085,
          53.1028566
        ]
      },
      "id": "node/47953880"
    },
    {
      "type": "Feature",
      "properties": {
        "@id": "node/47957962",
        "highway": "motorway_junction",
        "name": "Veendam",
        "ref": "38"
      },
      "geometry": {
        "type": "Point",
        "coordinates": [
          6.8987663,
          53.104094
        ]
      },
      "id": "node/47957962"
    },
    {
      "type": "Feature",
      "properties": {
        "@id": "node/47957980",
        "highway": "motorway_junction"
      },
      "geometry": {
        "type": "Point",
        "coordinates": [
          6.135099,
          53.1043689
        ]
      },
      "id": "node/47957980"
    },
    {
      "type": "Feature",
      "properties": {
        "@id": "node/47958308",
        "highway": "motorway_junction",
        "name": "Oosterwolde",
        "ref": "30"
      },
      "geometry": {
        "type": "Point",
        "coordinates": [
          6.1335586,
          53.1046247
        ]
      },
      "id": "node/47958308"
    },
    {
      "type": "Feature",
      "properties": {
        "@id": "node/47959184",
        "highway": "motorway_junction",
        "name": "Zurich",
        "ref": "15",
        "source": "AND"
      },
      "geometry": {
        "type": "Point",
        "coordinates": [
          5.3872448,
          53.1053001
        ]
      },
      "id": "node/47959184"
    },
    {
      "type": "Feature",
      "properties": {
        "@id": "node/47959836",
        "highway": "motorway_junction"
      },
      "geometry": {
        "type": "Point",
        "coordinates": [
          6.1342454,
          53.1055796
        ]
      },
      "id": "node/47959836"
    },
    {
      "type": "Feature",
      "properties": {
        "@id": "node/47962110",
        "highway": "motorway_junction",
        "name": "Knooppunt Zurich",
        "source": "AND"
      },
      "geometry": {
        "type": "Point",
        "coordinates": [
          5.3907625,
          53.1070576
        ]
      },
      "id": "node/47962110"
    },
    {
      "type": "Feature",
      "properties": {
        "@id": "node/47962792",
        "highway": "motorway_junction",
        "name": "Drachten",
        "ref": "30a"
      },
      "geometry": {
        "type": "Point",
        "coordinates": [
          6.1394646,
          53.1067559
        ]
      },
      "id": "node/47962792"
    },
    {
      "type": "Feature",
      "properties": {
        "@id": "node/47964747",
        "highway": "motorway_junction"
      },
      "geometry": {
        "type": "Point",
        "coordinates": [
          6.1317075,
          53.1076418
        ]
      },
      "id": "node/47964747"
    },
    {
      "type": "Feature",
      "properties": {
        "@id": "node/47965735",
        "highway": "motorway_junction",
        "name": "Sneek",
        "ref": "15",
        "source": "AND"
      },
      "geometry": {
        "type": "Point",
        "coordinates": [
          5.8152097,
          53.1072458
        ]
      },
      "id": "node/47965735"
    },
    {
      "type": "Feature",
      "properties": {
        "@id": "node/47968185",
        "highway": "motorway_junction",
        "name": "Drachten",
        "ref": "30"
      },
      "geometry": {
        "type": "Point",
        "coordinates": [
          6.1303451,
          53.108962
        ]
      },
      "id": "node/47968185"
    },
    {
      "type": "Feature",
      "properties": {
        "@id": "node/47971907",
        "highway": "motorway_junction",
        "name": "Drachten",
        "ref": "30"
      },
      "geometry": {
        "type": "Point",
        "coordinates": [
          6.1254613,
          53.1112242
        ]
      },
      "id": "node/47971907"
    },
    {
      "type": "Feature",
      "properties": {
        "@id": "node/47984318",
        "highway": "motorway_junction",
        "name": "Sneek",
        "ref": "15",
        "source": "AND"
      },
      "geometry": {
        "type": "Point",
        "coordinates": [
          5.8099895,
          53.1170459
        ]
      },
      "id": "node/47984318"
    },
    {
      "type": "Feature",
      "properties": {
        "@id": "node/47984960",
        "highway": "motorway_junction",
        "name": "Knooppunt De Punt",
        "noref": "yes",
        "note": "Dit is een knooppunt en heeft dus geen afritnummer"
      },
      "geometry": {
        "type": "Point",
        "coordinates": [
          6.6105777,
          53.1172152
        ]
      },
      "id": "node/47984960"
    },
    {
      "type": "Feature",
      "properties": {
        "@id": "node/47993600",
        "highway": "motorway_junction",
        "name": "Spannum",
        "wikidata": "Q127512670"
      },
      "geometry": {
        "type": "Point",
        "coordinates": [
          5.5913115,
          53.1222294
        ]
      },
      "id": "node/47993600"
    },
    {
      "type": "Feature",
      "properties": {
        "@id": "node/47993931",
        "highway": "motorway_junction",
        "name": "Eelde",
        "ref": "37",
        "source": "AND"
      },
      "geometry": {
        "type": "Point",
        "coordinates": [
          6.6105902,
          53.1226104
        ]
      },
      "id": "node/47993931"
    },
    {
      "type": "Feature",
      "properties": {
        "@id": "node/47998468",
        "highway": "motorway_junction",
        "name": "Eelde",
        "ref": "37",
        "source": "AND"
      },
      "geometry": {
        "type": "Point",
        "coordinates": [
          6.610262,
          53.125356
        ]
      },
      "id": "node/47998468"
    },
    {
      "type": "Feature",
      "properties": {
        "@id": "node/47999849",
        "highway": "motorway_junction",
        "name": "Wommels-Noord",
        "wikidata": "Q127512670"
      },
      "geometry": {
        "type": "Point",
        "coordinates": [
          5.5968988,
          53.1264698
        ]
      },
      "id": "node/47999849"
    },
    {
      "type": "Feature",
      "properties": {
        "@id": "node/48005547",
        "highway": "motorway_junction",
        "name": "Frieschepalen",
        "ref": "31",
        "source": "AND"
      },
      "geometry": {
        "type": "Point",
        "coordinates": [
          6.18487,
          53.1291992
        ]
      },
      "id": "node/48005547"
    },
    {
      "type": "Feature",
      "properties": {
        "@id": "node/48009203",
        "highway": "motorway_junction",
        "name": "Frieschepalen",
        "ref": "31",
        "source": "AND"
      },
      "geometry": {
        "type": "Point",
        "coordinates": [
          6.1913206,
          53.1318268
        ]
      },
      "id": "node/48009203"
    },
    {
      "type": "Feature",
      "properties": {
        "@id": "node/48010684",
        "highway": "motorway_junction",
        "name": "Drachten-Noord",
        "ref": "29"
      },
      "geometry": {
        "type": "Point",
        "coordinates": [
          6.0936888,
          53.1317047
        ]
      },
      "id": "node/48010684"
    },
    {
      "type": "Feature",
      "properties": {
        "@id": "node/48022567",
        "highway": "motorway_junction",
        "name": "Drachten-Noord",
        "ref": "29"
      },
      "geometry": {
        "type": "Point",
        "coordinates": [
          6.0794306,
          53.1376237
        ]
      },
      "id": "node/48022567"
    },
    {
      "type": "Feature",
      "properties": {
        "@id": "node/48026297",
        "highway": "motorway_junction",
        "name": "Veendam-Noord",
        "ref": "39"
      },
      "geometry": {
        "type": "Point",
        "coordinates": [
          6.8982326,
          53.1391012
        ]
      },
      "id": "node/48026297"
    },
    {
      "type": "Feature",
      "properties": {
        "@id": "node/48030880",
        "highway": "motorway_junction",
        "name": "Wirdum",
        "ref": "16"
      },
      "geometry": {
        "type": "Point",
        "coordinates": [
          5.7980448,
          53.1408809
        ]
      },
      "id": "node/48030880"
    },
    {
      "type": "Feature",
      "properties": {
        "@id": "node/48038844",
        "highway": "motorway_junction",
        "name": "Nijega",
        "ref": "28"
      },
      "geometry": {
        "type": "Point",
        "coordinates": [
          6.0147543,
          53.1451596
        ]
      },
      "id": "node/48038844"
    },
    {
      "type": "Feature",
      "properties": {
        "@id": "node/48039784",
        "highway": "motorway_junction",
        "name": "Nijega",
        "ref": "28"
      },
      "geometry": {
        "type": "Point",
        "coordinates": [
          6.0343217,
          53.1452528
        ]
      },
      "id": "node/48039784"
    },
    {
      "type": "Feature",
      "properties": {
        "@id": "node/48042538",
        "highway": "motorway_junction",
        "name": "Wirdum",
        "ref": "16"
      },
      "geometry": {
        "type": "Point",
        "coordinates": [
          5.7948801,
          53.146924
        ]
      },
      "id": "node/48042538"
    },
    {
      "type": "Feature",
      "properties": {
        "@id": "node/48047093",
        "highway": "motorway_junction",
        "name": "Kimswerd",
        "ref": "16"
      },
      "geometry": {
        "type": "Point",
        "coordinates": [
          5.41313,
          53.1491059
        ]
      },
      "id": "node/48047093"
    },
    {
      "type": "Feature",
      "properties": {
        "@id": "node/48055784",
        "highway": "motorway_junction",
        "name": "Marum",
        "ref": "32",
        "source": "AND"
      },
      "geometry": {
        "type": "Point",
        "coordinates": [
          6.2608945,
          53.1510756
        ]
      },
      "id": "node/48055784"
    },
    {
      "type": "Feature",
      "properties": {
        "@id": "node/48065348",
        "highway": "motorway_junction",
        "name": "Oudeschans",
        "ref": "48",
        "source": "AND"
      },
      "geometry": {
        "type": "Point",
        "coordinates": [
          7.1344267,
          53.1553524
        ]
      },
      "id": "node/48065348"
    },
    {
      "type": "Feature",
      "properties": {
        "@id": "node/48066734",
        "highway": "motorway_junction",
        "name": "Marum",
        "ref": "32",
        "source": "AND"
      },
      "geometry": {
        "type": "Point",
        "coordinates": [
          6.27816,
          53.1564757
        ]
      },
      "id": "node/48066734"
    },
    {
      "type": "Feature",
      "properties": {
        "@id": "node/48078948",
        "highway": "motorway_junction",
        "name": "Garyp",
        "ref": "27"
      },
      "geometry": {
        "type": "Point",
        "coordinates": [
          5.9523194,
          53.160755
        ]
      },
      "id": "node/48078948"
    },
    {
      "type": "Feature",
      "properties": {
        "@id": "node/48080148",
        "highway": "motorway_junction",
        "name": "Garyp",
        "ref": "27"
      },
      "geometry": {
        "type": "Point",
        "coordinates": [
          5.9472932,
          53.1623148
        ]
      },
      "id": "node/48080148"
    },
    {
      "type": "Feature",
      "properties": {
        "@id": "node/48080625",
        "highway": "motorway_junction",
        "name": "Oudeschans",
        "ref": "48",
        "source": "AND"
      },
      "geometry": {
        "type": "Point",
        "coordinates": [
          7.144058,
          53.1614344
        ]
      },
      "id": "node/48080625"
    },
    {
      "type": "Feature",
      "properties": {
        "@id": "node/48092122",
        "highway": "motorway_junction",
        "name": "Heiligerlee",
        "ref": "46",
        "source": "AND"
      },
      "geometry": {
        "type": "Point",
        "coordinates": [
          7.0092296,
          53.166638
        ]
      },
      "id": "node/48092122"
    },
    {
      "type": "Feature",
      "properties": {
        "@id": "node/48092565",
        "highway": "motorway_junction",
        "name": "Hilaard"
      },
      "geometry": {
        "type": "Point",
        "coordinates": [
          5.6976416,
          53.1664174
        ]
      },
      "id": "node/48092565"
    },
    {
      "type": "Feature",
      "properties": {
        "@id": "node/48094435",
        "highway": "motorway_junction",
        "name": "Sappemeer",
        "ref": "42",
        "source": "AND"
      },
      "geometry": {
        "type": "Point",
        "coordinates": [
          6.8178197,
          53.1676581
        ]
      },
      "id": "node/48094435"
    },
    {
      "type": "Feature",
      "properties": {
        "@id": "node/48094592",
        "highway": "motorway_junction",
        "name": "Hilaard"
      },
      "geometry": {
        "type": "Point",
        "coordinates": [
          5.7026132,
          53.1679062
        ]
      },
      "id": "node/48094592"
    },
    {
      "type": "Feature",
      "properties": {
        "@id": "node/48094763",
        "highway": "motorway_junction",
        "name": "Sappemeer",
        "ref": "42",
        "source": "AND"
      },
      "geometry": {
        "type": "Point",
        "coordinates": [
          6.800197,
          53.1678749
        ]
      },
      "id": "node/48094763"
    },
    {
      "type": "Feature",
      "properties": {
        "@id": "node/48095976",
        "highway": "motorway_junction",
        "name": "Zuidbroek",
        "ref": "43",
        "source": "AND"
      },
      "geometry": {
        "type": "Point",
        "coordinates": [
          6.8546631,
          53.1682998
        ]
      },
      "id": "node/48095976"
    },
    {
      "type": "Feature",
      "properties": {
        "@id": "node/48096865",
        "highway": "motorway_junction",
        "name": "Leeuwarden-Oost",
        "ref": "26"
      },
      "geometry": {
        "type": "Point",
        "coordinates": [
          5.8395501,
          53.1692652
        ]
      },
      "id": "node/48096865"
    },
    {
      "type": "Feature",
      "properties": {
        "@id": "node/48097452",
        "highway": "motorway_junction",
        "name": "Zuidbroek",
        "ref": "43",
        "source": "AND"
      },
      "geometry": {
        "type": "Point",
        "coordinates": [
          6.868305,
          53.1689648
        ]
      },
      "id": "node/48097452"
    },
    {
      "type": "Feature",
      "properties": {
        "@id": "node/48097539",
        "highway": "motorway_junction",
        "name": "Boerakker",
        "ref": "33"
      },
      "geometry": {
        "type": "Point",
        "coordinates": [
          6.3248295,
          53.1690613
        ]
      },
      "id": "node/48097539"
    },
    {
      "type": "Feature",
      "properties": {
        "@id": "node/48097980",
        "highway": "motorway_junction",
        "name": "Hoogezand",
        "ref": "41",
        "source": "AND"
      },
      "geometry": {
        "type": "Point",
        "coordinates": [
          6.7638672,
          53.1691169
        ]
      },
      "id": "node/48097980"
    },
    {
      "type": "Feature",
      "properties": {
        "@id": "node/48103350",
        "highway": "motorway_junction",
        "name": "Hoogezand",
        "ref": "41",
        "source": "AND"
      },
      "geometry": {
        "type": "Point",
        "coordinates": [
          6.7483084,
          53.1716657
        ]
      },
      "id": "node/48103350"
    },
    {
      "type": "Feature",
      "properties": {
        "@id": "node/48104335",
        "highway": "motorway_junction",
        "name": "Knooppunt Zuidbroek"
      },
      "geometry": {
        "type": "Point",
        "coordinates": [
          6.9050068,
          53.1722048
        ]
      },
      "id": "node/48104335"
    },
    {
      "type": "Feature",
      "properties": {
        "@id": "node/48105474",
        "highway": "motorway_junction",
        "name": "Heiligerlee",
        "ref": "46",
        "source": "AND"
      },
      "geometry": {
        "type": "Point",
        "coordinates": [
          6.9953249,
          53.1727293
        ]
      },
      "id": "node/48105474"
    },
    {
      "type": "Feature",
      "properties": {
        "@id": "node/48105633",
        "highway": "motorway_junction",
        "name": "Boerakker",
        "ref": "33",
        "source": "AND"
      },
      "geometry": {
        "type": "Point",
        "coordinates": [
          6.3421587,
          53.1730796
        ]
      },
      "id": "node/48105633"
    },
    {
      "type": "Feature",
      "properties": {
        "@id": "node/48111494",
        "highway": "motorway_junction",
        "name": "Foxhol",
        "ref": "40",
        "source": "AND"
      },
      "geometry": {
        "type": "Point",
        "coordinates": [
          6.737837,
          53.175593
        ]
      },
      "id": "node/48111494"
    },
    {
      "type": "Feature",
      "properties": {
        "@id": "node/48115496",
        "highway": "motorway_junction",
        "name": "Bad Nieuweschans",
        "name:de": "Bad Neuschanz",
        "name:nl": "Bad Nieuweschans",
        "ref": "49",
        "source": "AND"
      },
      "geometry": {
        "type": "Point",
        "coordinates": [
          7.2086161,
          53.1769019
        ]
      },
      "id": "node/48115496"
    },
    {
      "type": "Feature",
      "properties": {
        "@id": "node/48122883",
        "highway": "motorway_junction",
        "name": "Kolham"
      },
      "geometry": {
        "type": "Point",
        "coordinates": [
          6.7562443,
          53.1802286
        ]
      },
      "id": "node/48122883"
    },
    {
      "type": "Feature",
      "properties": {
        "@id": "node/48127355",
        "highway": "motorway_junction",
        "name": "Foxhol",
        "ref": "40",
        "source": "AND"
      },
      "geometry": {
        "type": "Point",
        "coordinates": [
          6.7253658,
          53.1818138
        ]
      },
      "id": "node/48127355"
    },
    {
      "type": "Feature",
      "properties": {
        "@id": "node/48128519",
        "highway": "motorway_junction",
        "name": "Leek",
        "ref": "34",
        "source": "AND"
      },
      "geometry": {
        "type": "Point",
        "coordinates": [
          6.3725942,
          53.1825346
        ]
      },
      "id": "node/48128519"
    },
    {
      "type": "Feature",
      "properties": {
        "@id": "node/48135352",
        "highway": "motorway_junction",
        "name": "Harlingen-Havens",
        "ref": "19"
      },
      "geometry": {
        "type": "Point",
        "coordinates": [
          5.4634091,
          53.185427
        ]
      },
      "id": "node/48135352"
    },
    {
      "type": "Feature",
      "properties": {
        "@id": "node/48137344",
        "highway": "motorway_junction",
        "name": "Scheemda",
        "ref": "45",
        "source": "AND"
      },
      "geometry": {
        "type": "Point",
        "coordinates": [
          6.975157,
          53.1857411
        ]
      },
      "id": "node/48137344"
    },
    {
      "type": "Feature",
      "properties": {
        "@id": "node/48140746",
        "highway": "motorway_junction",
        "name": "Kolham"
      },
      "geometry": {
        "type": "Point",
        "coordinates": [
          6.7559034,
          53.1873445
        ]
      },
      "id": "node/48140746"
    },
    {
      "type": "Feature",
      "properties": {
        "@id": "node/48143496",
        "highway": "motorway_junction",
        "name": "Scheemda",
        "ref": "45",
        "source": "AND"
      },
      "geometry": {
        "type": "Point",
        "coordinates": [
          6.9639038,
          53.1883014
        ]
      },
      "id": "node/48143496"
    },
    {
      "type": "Feature",
      "properties": {
        "@id": "node/48144418",
        "highway": "motorway_junction",
        "name": "Noordbroek"
      },
      "geometry": {
        "type": "Point",
        "coordinates": [
          6.8939541,
          53.1890984
        ]
      },
      "id": "node/48144418"
    },
    {
      "type": "Feature",
      "properties": {
        "@id": "node/48160942",
        "highway": "motorway_junction",
        "name": "Noordbroek"
      },
      "geometry": {
        "type": "Point",
        "coordinates": [
          6.8928849,
          53.1957809
        ]
      },
      "id": "node/48160942"
    },
    {
      "type": "Feature",
      "properties": {
        "@id": "node/48163194",
        "highway": "motorway_junction",
        "name": "Groningen-Zuid",
        "ref": "39"
      },
      "geometry": {
        "type": "Point",
        "coordinates": [
          6.5629442,
          53.1953059
        ]
      },
      "id": "node/48163194"
    },
    {
      "type": "Feature",
      "properties": {
        "@id": "node/48165088",
        "highway": "motorway_junction",
        "name": "Groningen-Centrum",
        "ref": "40"
      },
      "geometry": {
        "type": "Point",
        "coordinates": [
          6.5632675,
          53.1972423
        ]
      },
      "id": "node/48165088"
    },
    {
      "type": "Feature",
      "properties": {
        "@id": "node/48171201",
        "highway": "motorway_junction",
        "name": "Franeker",
        "ref": "20",
        "source": "AND"
      },
      "geometry": {
        "type": "Point",
        "coordinates": [
          5.5346874,
          53.1998645
        ]
      },
      "id": "node/48171201"
    },
    {
      "type": "Feature",
      "properties": {
        "@id": "node/48172625",
        "highway": "motorway_junction",
        "name": "Dronryp",
        "name:fy": "Dronryp",
        "name:nl": "Dronrijp",
        "ref": "21"
      },
      "geometry": {
        "type": "Point",
        "coordinates": [
          5.6401603,
          53.2003871
        ]
      },
      "id": "node/48172625"
    },
    {
      "type": "Feature",
      "properties": {
        "@id": "node/48174390",
        "highway": "motorway_junction",
        "name": "Franeker",
        "ref": "20",
        "source": "AND"
      },
      "geometry": {
        "type": "Point",
        "coordinates": [
          5.5494321,
          53.2012906
        ]
      },
      "id": "node/48174390"
    },
    {
      "type": "Feature",
      "properties": {
        "@id": "node/48176798",
        "highway": "motorway_junction",
        "name": "Dronryp",
        "name:fy": "Dronryp",
        "name:nl": "Dronrijp",
        "ref": "21"
      },
      "geometry": {
        "type": "Point",
        "coordinates": [
          5.6612327,
          53.202204
        ]
      },
      "id": "node/48176798"
    },
    {
      "type": "Feature",
      "properties": {
        "@id": "node/48177233",
        "highway": "motorway_junction",
        "name": "Hoogkerk",
        "ref": "35"
      },
      "geometry": {
        "type": "Point",
        "coordinates": [
          6.5026687,
          53.2023259
        ]
      },
      "id": "node/48177233"
    },
    {
      "type": "Feature",
      "properties": {
        "@id": "node/48182790",
        "highway": "motorway_junction",
        "name": "Slochteren"
      },
      "geometry": {
        "type": "Point",
        "coordinates": [
          6.7881489,
          53.2050353
        ]
      },
      "id": "node/48182790"
    },
    {
      "type": "Feature",
      "properties": {
        "@id": "node/48188033",
        "highway": "motorway_junction",
        "name": "Marsum",
        "ref": "22",
        "source": "AND"
      },
      "geometry": {
        "type": "Point",
        "coordinates": [
          5.7057174,
          53.2069306
        ]
      },
      "id": "node/48188033"
    },
    {
      "type": "Feature",
      "properties": {
        "@id": "node/48188654",
        "highway": "motorway_junction",
        "name": "Zeeheldenbuurt",
        "ref": "18"
      },
      "geometry": {
        "type": "Point",
        "coordinates": [
          6.5498184,
          53.2071225
        ]
      },
      "id": "node/48188654"
    },
    {
      "type": "Feature",
      "properties": {
        "@id": "node/48196350",
        "highway": "motorway_junction",
        "name": "Hoogkerk",
        "ref": "17"
      },
      "geometry": {
        "type": "Point",
        "coordinates": [
          6.5471094,
          53.2102095
        ]
      },
      "id": "node/48196350"
    },
    {
      "type": "Feature",
      "properties": {
        "@id": "node/48198450",
        "highway": "motorway_junction",
        "name": "Groningen-Europapark",
        "old_name:-2009": "Knooppunt Europaplein",
        "ref": "37",
        "wikidata": "Q2192574",
        "wikipedia": "nl:Knooppunt Europaplein (Groningen)"
      },
      "geometry": {
        "type": "Point",
        "coordinates": [
          6.5880019,
          53.2111301
        ]
      },
      "id": "node/48198450"
    },
    {
      "type": "Feature",
      "properties": {
        "@id": "node/48203978",
        "highway": "motorway_junction",
        "name": "Groningen-Europapark",
        "old_name:-2009": "Knooppunt Europaplein",
        "ref": "37",
        "wikidata": "Q2192574",
        "wikipedia": "nl:Knooppunt Europaplein (Groningen)"
      },
      "geometry": {
        "type": "Point",
        "coordinates": [
          6.5941795,
          53.2132604
        ]
      },
      "id": "node/48203978"
    },
    {
      "type": "Feature",
      "properties": {
        "@id": "node/48219539",
        "highway": "motorway_junction",
        "name": "Kostverloren",
        "ref": "16"
      },
      "geometry": {
        "type": "Point",
        "coordinates": [
          6.5396235,
          53.2202581
        ]
      },
      "id": "node/48219539"
    },
    {
      "type": "Feature",
      "properties": {
        "@id": "node/48232165",
        "highway": "motorway_junction",
        "name": "Vinkhuizen / Paddepoel",
        "ref": "14"
      },
      "geometry": {
        "type": "Point",
        "coordinates": [
          6.533939,
          53.226934
        ]
      },
      "id": "node/48232165"
    },
    {
      "type": "Feature",
      "properties": {
        "@id": "node/48234761",
        "highway": "motorway_junction",
        "name": "Schildwolde"
      },
      "geometry": {
        "type": "Point",
        "coordinates": [
          6.8189631,
          53.2283097
        ]
      },
      "id": "node/48234761"
    },
    {
      "type": "Feature",
      "properties": {
        "@id": "node/48238270",
        "highway": "motorway_junction",
        "name": "Oosterhoogebrug",
        "ref": "2"
      },
      "geometry": {
        "type": "Point",
        "coordinates": [
          6.6087313,
          53.2309908
        ]
      },
      "id": "node/48238270"
    },
    {
      "type": "Feature",
      "properties": {
        "@id": "node/48242106",
        "highway": "motorway_junction",
        "name": "Knooppunt Reitdiep"
      },
      "geometry": {
        "type": "Point",
        "coordinates": [
          6.5292374,
          53.2329265
        ]
      },
      "id": "node/48242106"
    },
    {
      "type": "Feature",
      "properties": {
        "@id": "node/48243743",
        "highway": "motorway_junction",
        "name": "Reitdiephaven",
        "ref": "12"
      },
      "geometry": {
        "type": "Point",
        "coordinates": [
          6.5286731,
          53.2336213
        ]
      },
      "id": "node/48243743"
    },
    {
      "type": "Feature",
      "properties": {
        "@id": "node/48243815",
        "highway": "motorway_junction",
        "name": "Reitdiephaven",
        "ref": "12"
      },
      "geometry": {
        "type": "Point",
        "coordinates": [
          6.5285163,
          53.2336224
        ]
      },
      "id": "node/48243815"
    },
    {
      "type": "Feature",
      "properties": {
        "@id": "node/48245230",
        "highway": "motorway_junction",
        "name": "Knooppunt Reitdiep"
      },
      "geometry": {
        "type": "Point",
        "coordinates": [
          6.5254636,
          53.2343277
        ]
      },
      "id": "node/48245230"
    },
    {
      "type": "Feature",
      "properties": {
        "@id": "node/48245520",
        "highway": "motorway_junction",
        "name": "Knooppunt Reitdiep"
      },
      "geometry": {
        "type": "Point",
        "coordinates": [
          6.5276169,
          53.2342943
        ]
      },
      "id": "node/48245520"
    },
    {
      "type": "Feature",
      "properties": {
        "@id": "node/48247812",
        "highway": "motorway_junction",
        "name": "Zernike",
        "ref": "11"
      },
      "geometry": {
        "type": "Point",
        "coordinates": [
          6.5337682,
          53.2351621
        ]
      },
      "id": "node/48247812"
    },
    {
      "type": "Feature",
      "properties": {
        "@id": "node/48250689",
        "highway": "motorway_junction",
        "name": "Zernike",
        "ref": "11"
      },
      "geometry": {
        "type": "Point",
        "coordinates": [
          6.5424898,
          53.2366065
        ]
      },
      "id": "node/48250689"
    },
    {
      "type": "Feature",
      "properties": {
        "@id": "node/48250923",
        "highway": "motorway_junction",
        "name": "Kardinge",
        "ref": "4"
      },
      "geometry": {
        "type": "Point",
        "coordinates": [
          6.5953514,
          53.2364938
        ]
      },
      "id": "node/48250923"
    },
    {
      "type": "Feature",
      "properties": {
        "@id": "node/48251703",
        "highway": "motorway_junction",
        "name": "Kardinge",
        "ref": "4"
      },
      "geometry": {
        "type": "Point",
        "coordinates": [
          6.5922797,
          53.2372552
        ]
      },
      "id": "node/48251703"
    },
    {
      "type": "Feature",
      "properties": {
        "@id": "node/48253154",
        "highway": "motorway_junction",
        "name": "De Hoogte",
        "ref": "9"
      },
      "geometry": {
        "type": "Point",
        "coordinates": [
          6.5621499,
          53.2379497
        ]
      },
      "id": "node/48253154"
    },
    {
      "type": "Feature",
      "properties": {
        "@id": "node/48253161",
        "highway": "motorway_junction",
        "name": "De Hoogte",
        "ref": "9"
      },
      "geometry": {
        "type": "Point",
        "coordinates": [
          6.5643891,
          53.2376304
        ]
      },
      "id": "node/48253161"
    },
    {
      "type": "Feature",
      "properties": {
        "@id": "node/48255045",
        "highway": "motorway_junction",
        "name": "Selwerd",
        "ref": "10"
      },
      "geometry": {
        "type": "Point",
        "coordinates": [
          6.557183,
          53.238411
        ]
      },
      "id": "node/48255045"
    },
    {
      "type": "Feature",
      "properties": {
        "@id": "node/48261160",
        "highway": "motorway_junction",
        "name": "Lauwersoog",
        "ref": "8"
      },
      "geometry": {
        "type": "Point",
        "coordinates": [
          6.5685396,
          53.2404678
        ]
      },
      "id": "node/48261160"
    },
    {
      "type": "Feature",
      "properties": {
        "@id": "node/48261703",
        "highway": "motorway_junction",
        "name": "Beijum-Zuid",
        "ref": "5"
      },
      "geometry": {
        "type": "Point",
        "coordinates": [
          6.5855033,
          53.2415102
        ]
      },
      "id": "node/48261703"
    },
    {
      "type": "Feature",
      "properties": {
        "@id": "node/48268384",
        "highway": "motorway_junction",
        "name": "Beijum-Noord",
        "ref": "6"
      },
      "geometry": {
        "type": "Point",
        "coordinates": [
          6.5820829,
          53.2446022
        ]
      },
      "id": "node/48268384"
    },
    {
      "type": "Feature",
      "properties": {
        "@id": "node/48270780",
        "highway": "motorway_junction",
        "name": "Beijum-Noord",
        "ref": "6"
      },
      "geometry": {
        "type": "Point",
        "coordinates": [
          6.5815787,
          53.2459744
        ]
      },
      "id": "node/48270780"
    },
    {
      "type": "Feature",
      "properties": {
        "@id": "node/48272153",
        "highway": "motorway_junction",
        "name": "Knooppunt Boterdiep"
      },
      "geometry": {
        "type": "Point",
        "coordinates": [
          6.5719747,
          53.2463573
        ]
      },
      "id": "node/48272153"
    },
    {
      "type": "Feature",
      "properties": {
        "@id": "node/48276602",
        "highway": "motorway_junction",
        "name": "Lauwersoog",
        "ref": "7"
      },
      "geometry": {
        "type": "Point",
        "coordinates": [
          6.5773296,
          53.2486458
        ]
      },
      "id": "node/48276602"
    },
    {
      "type": "Feature",
      "properties": {
        "@id": "node/48278243",
        "highway": "motorway_junction",
        "name": "Zuidwolde",
        "ref": "7"
      },
      "geometry": {
        "type": "Point",
        "coordinates": [
          6.5742578,
          53.2496304
        ]
      },
      "id": "node/48278243"
    },
    {
      "type": "Feature",
      "properties": {
        "@id": "node/48282046",
        "highway": "motorway_junction",
        "name": "Siddeburen"
      },
      "geometry": {
        "type": "Point",
        "coordinates": [
          6.8759751,
          53.2518417
        ]
      },
      "id": "node/48282046"
    },
    {
      "type": "Feature",
      "properties": {
        "@id": "node/48286459",
        "highway": "motorway_junction",
        "name": "Knooppunt Boterdiep"
      },
      "geometry": {
        "type": "Point",
        "coordinates": [
          6.5754953,
          53.2543624
        ]
      },
      "id": "node/48286459"
    },
    {
      "type": "Feature",
      "properties": {
        "@id": "node/48308418",
        "highway": "motorway_junction",
        "name": "Noordwolde"
      },
      "geometry": {
        "type": "Point",
        "coordinates": [
          6.5898858,
          53.2687029
        ]
      },
      "id": "node/48308418"
    },
    {
      "type": "Feature",
      "properties": {
        "@id": "node/48344019",
        "highway": "motorway_junction",
        "name": "Bedum"
      },
      "geometry": {
        "type": "Point",
        "coordinates": [
          6.6473202,
          53.2974675
        ]
      },
      "id": "node/48344019"
    },
    {
      "type": "Feature",
      "properties": {
        "@id": "node/48356597",
        "highway": "motorway_junction",
        "name": "Bedum"
      },
      "geometry": {
        "type": "Point",
        "coordinates": [
          6.6522488,
          53.3054935
        ]
      },
      "id": "node/48356597"
    },
    {
      "type": "Feature",
      "properties": {
        "@id": "node/48370714",
        "highway": "motorway_junction",
        "name": "Farmsum"
      },
      "geometry": {
        "type": "Point",
        "coordinates": [
          6.8822557,
          53.3160933
        ]
      },
      "id": "node/48370714"
    },
    {
      "type": "Feature",
      "properties": {
        "@id": "node/48408558",
        "highway": "motorway_junction",
        "name": "Stedum"
      },
      "geometry": {
        "type": "Point",
        "coordinates": [
          6.6763137,
          53.3389962
        ]
      },
      "id": "node/48408558"
    },
    {
      "type": "Feature",
      "properties": {
        "@id": "node/48437738",
        "highway": "motorway_junction",
        "name": "Zandeweer"
      },
      "geometry": {
        "type": "Point",
        "coordinates": [
          6.701792,
          53.3666944
        ]
      },
      "id": "node/48437738"
    },
    {
      "type": "Feature",
      "properties": {
        "@id": "node/48442812",
        "highway": "motorway_junction",
        "name": "Zandeweer"
      },
      "geometry": {
        "type": "Point",
        "coordinates": [
          6.7131522,
          53.3725289
        ]
      },
      "id": "node/48442812"
    },
    {
      "type": "Feature",
      "properties": {
        "@id": "node/48462986",
        "highway": "motorway_junction",
        "name": "Zijldijk"
      },
      "geometry": {
        "type": "Point",
        "coordinates": [
          6.7478154,
          53.3949247
        ]
      },
      "id": "node/48462986"
    },
    {
      "type": "Feature",
      "properties": {
        "@id": "node/48466922",
        "highway": "motorway_junction",
        "name": "Zijldijk"
      },
      "geometry": {
        "type": "Point",
        "coordinates": [
          6.7593746,
          53.3999137
        ]
      },
      "id": "node/48466922"
    },
    {
      "type": "Feature",
      "properties": {
        "@id": "node/48476997",
        "highway": "motorway_junction",
        "name": "Spijk"
      },
      "geometry": {
        "type": "Point",
        "coordinates": [
          6.7794668,
          53.4119248
        ]
      },
      "id": "node/48476997"
    },
    {
      "type": "Feature",
      "properties": {
        "@id": "node/48482461",
        "highway": "motorway_junction",
        "name": "Roodeschool"
      },
      "geometry": {
        "type": "Point",
        "coordinates": [
          6.7918522,
          53.425692
        ]
      },
      "id": "node/48482461"
    },
    {
      "type": "Feature",
      "properties": {
        "@id": "node/55335986",
        "highway": "motorway_junction",
        "name": "Elburg"
      },
      "geometry": {
        "type": "Point",
        "coordinates": [
          5.6056629,
          52.3698696
        ]
      },
      "id": "node/55335986"
    },
    {
      "type": "Feature",
      "properties": {
        "@id": "node/59094763",
        "highway": "motorway_junction",
        "name": "High Tech Campus",
        "ref": "32a",
        "wikidata": "Q96905065"
      },
      "geometry": {
        "type": "Point",
        "coordinates": [
          5.4520286,
          51.4057461
        ]
      },
      "id": "node/59094763"
    },
    {
      "type": "Feature",
      "properties": {
        "@id": "node/60180518",
        "highway": "motorway_junction",
        "name": "Maasbree",
        "ref": "14"
      },
      "geometry": {
        "type": "Point",
        "coordinates": [
          6.1255016,
          51.3646207
        ]
      },
      "id": "node/60180518"
    },
    {
      "type": "Feature",
      "properties": {
        "@id": "node/60199294",
        "highway": "motorway_junction",
        "name": "Maasbree",
        "ref": "14"
      },
      "geometry": {
        "type": "Point",
        "coordinates": [
          6.1241434,
          51.3664714
        ]
      },
      "id": "node/60199294"
    },
    {
      "type": "Feature",
      "properties": {
        "@id": "node/60199304",
        "highway": "motorway_junction",
        "name": "Knooppunt Zaarderheiken",
        "wikidata": "Q2329882",
        "wikipedia": "nl:Knooppunt Zaarderheiken"
      },
      "geometry": {
        "type": "Point",
        "coordinates": [
          6.1231301,
          51.3774537
        ]
      },
      "id": "node/60199304"
    },
    {
      "type": "Feature",
      "properties": {
        "@id": "node/60238748",
        "highway": "motorway_junction",
        "name": "Wierden",
        "ref": "32"
      },
      "geometry": {
        "type": "Point",
        "coordinates": [
          6.5843459,
          52.3509555
        ]
      },
      "id": "node/60238748"
    },
    {
      "type": "Feature",
      "properties": {
        "@id": "node/60238809",
        "highway": "motorway_junction",
        "name": "Almelo-West",
        "ref": "31"
      },
      "geometry": {
        "type": "Point",
        "coordinates": [
          6.5995397,
          52.3389087
        ]
      },
      "id": "node/60238809"
    },
    {
      "type": "Feature",
      "properties": {
        "@id": "node/71251480",
        "highway": "motorway_junction",
        "name": "Knooppunt Holsloot"
      },
      "geometry": {
        "type": "Point",
        "coordinates": [
          6.7788438,
          52.7299063
        ]
      },
      "id": "node/71251480"
    },
    {
      "type": "Feature",
      "properties": {
        "@id": "node/75637205",
        "highway": "motorway_junction",
        "name": "Venlo-West",
        "ref": "13",
        "wikidata": "Q96757023"
      },
      "geometry": {
        "type": "Point",
        "coordinates": [
          6.1227172,
          51.380603
        ]
      },
      "id": "node/75637205"
    },
    {
      "type": "Feature",
      "properties": {
        "@id": "node/76798304",
        "highway": "motorway_junction",
        "name": "Ochten",
        "ref": "35"
      },
      "geometry": {
        "type": "Point",
        "coordinates": [
          5.5790012,
          51.9200446
        ]
      },
      "id": "node/76798304"
    },
    {
      "type": "Feature",
      "properties": {
        "@id": "node/78005244",
        "highway": "motorway_junction",
        "name": "Dodewaard",
        "ref": "36",
        "source": "AND"
      },
      "geometry": {
        "type": "Point",
        "coordinates": [
          5.6548809,
          51.9199297
        ]
      },
      "id": "node/78005244"
    },
    {
      "type": "Feature",
      "properties": {
        "@id": "node/82754995",
        "highway": "motorway_junction",
        "name": "Hardenberg"
      },
      "geometry": {
        "type": "Point",
        "coordinates": [
          6.5969147,
          52.57296
        ]
      },
      "id": "node/82754995"
    },
    {
      "type": "Feature",
      "properties": {
        "@id": "node/92929758",
        "highway": "motorway_junction",
        "name": "Rozenburg",
        "ref": "13"
      },
      "geometry": {
        "type": "Point",
        "coordinates": [
          4.2411382,
          51.8989236
        ]
      },
      "id": "node/92929758"
    },
    {
      "type": "Feature",
      "properties": {
        "@id": "node/92961494",
        "highway": "motorway_junction",
        "name": "Brielle",
        "note": "Verkeersbord G2 direct naast afrit",
        "ref": "12"
      },
      "geometry": {
        "type": "Point",
        "coordinates": [
          4.215409,
          51.9017274
        ]
      },
      "id": "node/92961494"
    },
    {
      "type": "Feature",
      "properties": {
        "@id": "node/130496479",
        "highway": "motorway_junction",
        "name": "Amsterdamse Poort"
      },
      "geometry": {
        "type": "Point",
        "coordinates": [
          4.9598491,
          52.3205878
        ]
      },
      "id": "node/130496479"
    },
    {
      "type": "Feature",
      "properties": {
        "@id": "node/132014918",
        "highway": "motorway_junction",
        "name": "Wierden",
        "ref": "32"
      },
      "geometry": {
        "type": "Point",
        "coordinates": [
          6.5890782,
          52.3488106
        ]
      },
      "id": "node/132014918"
    },
    {
      "type": "Feature",
      "properties": {
        "@id": "node/135518422",
        "highway": "motorway_junction",
        "name": "Almelo-West",
        "ref": "1"
      },
      "geometry": {
        "type": "Point",
        "coordinates": [
          6.6083808,
          52.3480327
        ]
      },
      "id": "node/135518422"
    },
    {
      "type": "Feature",
      "properties": {
        "@id": "node/135567779",
        "highway": "motorway_junction",
        "name": "Brielle"
      },
      "geometry": {
        "type": "Point",
        "coordinates": [
          4.2002606,
          51.8948067
        ]
      },
      "id": "node/135567779"
    },
    {
      "type": "Feature",
      "properties": {
        "@id": "node/135600235",
        "highway": "motorway_junction",
        "name": "Rozenburg",
        "ref": "13"
      },
      "geometry": {
        "type": "Point",
        "coordinates": [
          4.2355069,
          51.9001072
        ]
      },
      "id": "node/135600235"
    },
    {
      "type": "Feature",
      "properties": {
        "@id": "node/148814675",
        "highway": "motorway_junction",
        "name": "Linne",
        "ref": "21"
      },
      "geometry": {
        "type": "Point",
        "coordinates": [
          5.9609554,
          51.1615866
        ]
      },
      "id": "node/148814675"
    },
    {
      "type": "Feature",
      "properties": {
        "@id": "node/148814794",
        "highway": "motorway_junction",
        "name": "Maasbracht",
        "ref": "22"
      },
      "geometry": {
        "type": "Point",
        "coordinates": [
          5.9108571,
          51.1346559
        ]
      },
      "id": "node/148814794"
    },
    {
      "type": "Feature",
      "properties": {
        "@id": "node/166976116",
        "highway": "motorway_junction",
        "name": "Almelo-West",
        "ref": "31"
      },
      "geometry": {
        "type": "Point",
        "coordinates": [
          6.595821,
          52.3429476
        ]
      },
      "id": "node/166976116"
    },
    {
      "type": "Feature",
      "properties": {
        "@id": "node/183523619",
        "highway": "motorway_junction",
        "name": "Geleen"
      },
      "geometry": {
        "type": "Point",
        "coordinates": [
          5.8421096,
          50.9859749
        ]
      },
      "id": "node/183523619"
    },
    {
      "type": "Feature",
      "properties": {
        "@id": "node/196458847",
        "highway": "motorway_junction",
        "name": "Breukelen",
        "ref": "5",
        "wikidata": "Q96243735"
      },
      "geometry": {
        "type": "Point",
        "coordinates": [
          4.9862912,
          52.1776051
        ]
      },
      "id": "node/196458847"
    },
    {
      "type": "Feature",
      "properties": {
        "@id": "node/209220770",
        "highway": "motorway_junction",
        "name": "Hoogmade",
        "ref": "6"
      },
      "geometry": {
        "type": "Point",
        "coordinates": [
          4.5646601,
          52.1693349
        ]
      },
      "id": "node/209220770"
    },
    {
      "type": "Feature",
      "properties": {
        "@id": "node/247378904",
        "highway": "motorway_junction",
        "name": "Knooppunt Assen",
        "noref": "yes"
      },
      "geometry": {
        "type": "Point",
        "coordinates": [
          6.5318885,
          52.9778092
        ]
      },
      "id": "node/247378904"
    },
    {
      "type": "Feature",
      "properties": {
        "@id": "node/247995840",
        "highway": "motorway_junction",
        "name": "Hoogmade",
        "ref": "6"
      },
      "geometry": {
        "type": "Point",
        "coordinates": [
          4.5610534,
          52.1665362
        ]
      },
      "id": "node/247995840"
    },
    {
      "type": "Feature",
      "properties": {
        "@id": "node/252624702",
        "highway": "motorway_junction",
        "name": "Zandvliet",
        "ref": "11"
      },
      "geometry": {
        "type": "Point",
        "coordinates": [
          4.3029141,
          51.3789567
        ]
      },
      "id": "node/252624702"
    },
    {
      "type": "Feature",
      "properties": {
        "@id": "node/256221404",
        "destination": "Oud-Beijerland;'s-Gravendeel",
        "destination:ref": "N217",
        "highway": "motorway_junction",
        "name": "Oud-Beijerland",
        "ref": "21",
        "source": "AND"
      },
      "geometry": {
        "type": "Point",
        "coordinates": [
          4.4985272,
          51.8218324
        ]
      },
      "id": "node/256221404"
    },
    {
      "type": "Feature",
      "properties": {
        "@id": "node/258540038",
        "highway": "motorway_junction",
        "name": "Nieuwegein",
        "ref": "28"
      },
      "geometry": {
        "type": "Point",
        "coordinates": [
          5.1170933,
          52.0078231
        ]
      },
      "id": "node/258540038"
    },
    {
      "type": "Feature",
      "properties": {
        "@id": "node/260297578",
        "highway": "motorway_junction",
        "name": "Rijswijk-Plaspoelpolder",
        "ref": "10"
      },
      "geometry": {
        "type": "Point",
        "coordinates": [
          4.3383448,
          52.0372746
        ]
      },
      "id": "node/260297578"
    },
    {
      "type": "Feature",
      "properties": {
        "@id": "node/260297999",
        "highway": "motorway_junction",
        "name": "Knooppunt Ypenburg"
      },
      "geometry": {
        "type": "Point",
        "coordinates": [
          4.3351866,
          52.0354861
        ]
      },
      "id": "node/260297999"
    },
    {
      "type": "Feature",
      "properties": {
        "@id": "node/260298558",
        "highway": "motorway_junction",
        "name": "Den Haag-Ypenburg",
        "ref": "9"
      },
      "geometry": {
        "type": "Point",
        "coordinates": [
          4.3459988,
          52.0416836
        ]
      },
      "id": "node/260298558"
    },
    {
      "type": "Feature",
      "properties": {
        "@id": "node/264985176",
        "highway": "motorway_junction",
        "name": "Delft-Zuid",
        "ref": "10"
      },
      "geometry": {
        "type": "Point",
        "coordinates": [
          4.3862323,
          52.0026001
        ]
      },
      "id": "node/264985176"
    },
    {
      "type": "Feature",
      "properties": {
        "@id": "node/265581803",
        "highway": "motorway_junction",
        "name": "Amsterdam-Zuidoost",
        "ref": "2"
      },
      "geometry": {
        "type": "Point",
        "coordinates": [
          4.9524489,
          52.2835706
        ]
      },
      "id": "node/265581803"
    },
    {
      "type": "Feature",
      "properties": {
        "@id": "node/273192611",
        "highway": "motorway_junction",
        "name": "Drachten",
        "ref": "30a"
      },
      "geometry": {
        "type": "Point",
        "coordinates": [
          6.1355283,
          53.105203
        ]
      },
      "id": "node/273192611"
    },
    {
      "type": "Feature",
      "properties": {
        "@id": "node/274630394",
        "highway": "motorway_junction",
        "name": "Den Haag-Haagse Hout"
      },
      "geometry": {
        "type": "Point",
        "coordinates": [
          4.350736,
          52.1100862
        ]
      },
      "id": "node/274630394"
    },
    {
      "type": "Feature",
      "properties": {
        "@id": "node/275888083",
        "highway": "motorway_junction",
        "name": "Sliedrecht-Oost",
        "ref": "25",
        "wikidata": "Q97284989"
      },
      "geometry": {
        "type": "Point",
        "coordinates": [
          4.798039,
          51.824601
        ]
      },
      "id": "node/275888083"
    },
    {
      "type": "Feature",
      "properties": {
        "@id": "node/275894233",
        "highway": "motorway_junction",
        "name": "Maarsseveen"
      },
      "geometry": {
        "type": "Point",
        "coordinates": [
          5.0737643,
          52.1370144
        ]
      },
      "id": "node/275894233"
    },
    {
      "type": "Feature",
      "properties": {
        "@id": "node/275894586",
        "highway": "motorway_junction",
        "name": "Maarsseveen"
      },
      "geometry": {
        "type": "Point",
        "coordinates": [
          5.06877,
          52.1364805
        ]
      },
      "id": "node/275894586"
    },
    {
      "type": "Feature",
      "properties": {
        "@id": "node/275904807",
        "highway": "motorway_junction",
        "name": "Knooppunt Ridderkerk"
      },
      "geometry": {
        "type": "Point",
        "coordinates": [
          4.5629454,
          51.8873561
        ]
      },
      "id": "node/275904807"
    },
    {
      "type": "Feature",
      "properties": {
        "@id": "node/277939500",
        "highway": "motorway_junction",
        "name": "Ring Alkmaar-West"
      },
      "geometry": {
        "type": "Point",
        "coordinates": [
          4.7419659,
          52.6109202
        ]
      },
      "id": "node/277939500"
    },
    {
      "type": "Feature",
      "properties": {
        "@id": "node/279883298",
        "highway": "motorway_junction",
        "name": "Assen",
        "ref": "32"
      },
      "geometry": {
        "type": "Point",
        "coordinates": [
          6.5421539,
          52.973335
        ]
      },
      "id": "node/279883298"
    },
    {
      "type": "Feature",
      "properties": {
        "@id": "node/287935026",
        "highway": "motorway_junction",
        "name": "Tholen",
        "ref": "26",
        "wikidata": "Q96278410"
      },
      "geometry": {
        "type": "Point",
        "coordinates": [
          4.2953111,
          51.5385377
        ]
      },
      "id": "node/287935026"
    },
    {
      "type": "Feature",
      "properties": {
        "@id": "node/288089947",
        "highway": "motorway_junction",
        "name": "Sliedrecht-West",
        "ref": "24",
        "source": "AND",
        "wikidata": "Q97284973"
      },
      "geometry": {
        "type": "Point",
        "coordinates": [
          4.7377467,
          51.8331794
        ]
      },
      "id": "node/288089947"
    },
    {
      "type": "Feature",
      "properties": {
        "@id": "node/297733147",
        "highway": "motorway_junction",
        "name": "Knooppunt Kunderberg"
      },
      "geometry": {
        "type": "Point",
        "coordinates": [
          5.9517191,
          50.874952
        ]
      },
      "id": "node/297733147"
    },
    {
      "type": "Feature",
      "properties": {
        "@id": "node/300247989",
        "highway": "motorway_junction",
        "name": "Delftlanden"
      },
      "geometry": {
        "type": "Point",
        "coordinates": [
          6.8556209,
          52.7602346
        ]
      },
      "id": "node/300247989"
    },
    {
      "type": "Feature",
      "properties": {
        "@id": "node/301358940",
        "highway": "motorway_junction",
        "name": "Rosmalen-Oost",
        "ref": "49",
        "wikidata": "Q96639918"
      },
      "geometry": {
        "type": "Point",
        "coordinates": [
          5.3887852,
          51.7105329
        ]
      },
      "id": "node/301358940"
    },
    {
      "type": "Feature",
      "properties": {
        "@id": "node/305146855",
        "highway": "motorway_junction",
        "name": "Knooppunt Muiderberg"
      },
      "geometry": {
        "type": "Point",
        "coordinates": [
          5.1015519,
          52.3160152
        ]
      },
      "id": "node/305146855"
    },
    {
      "type": "Feature",
      "properties": {
        "@id": "node/308816043",
        "highway": "motorway_junction",
        "name": "Knooppunt Hattemerbroek"
      },
      "geometry": {
        "type": "Point",
        "coordinates": [
          6.0119271,
          52.4803081
        ]
      },
      "id": "node/308816043"
    },
    {
      "type": "Feature",
      "properties": {
        "@id": "node/310916156",
        "highway": "motorway_junction",
        "name": "Leek",
        "ref": "34",
        "source": "AND"
      },
      "geometry": {
        "type": "Point",
        "coordinates": [
          6.3758666,
          53.18401
        ]
      },
      "id": "node/310916156"
    },
    {
      "type": "Feature",
      "properties": {
        "@id": "node/313945492",
        "highway": "motorway_junction",
        "name": "Bleiswijk",
        "ref": "8"
      },
      "geometry": {
        "type": "Point",
        "coordinates": [
          4.5317182,
          52.0381673
        ]
      },
      "id": "node/313945492"
    },
    {
      "type": "Feature",
      "properties": {
        "@id": "node/315576204",
        "highway": "motorway_junction",
        "name": "Moordrecht",
        "ref": "10"
      },
      "geometry": {
        "type": "Point",
        "coordinates": [
          4.6422021,
          52.0202687
        ]
      },
      "id": "node/315576204"
    },
    {
      "type": "Feature",
      "properties": {
        "@id": "node/315811820",
        "highway": "motorway_junction",
        "name": "Kimswerd",
        "ref": "16"
      },
      "geometry": {
        "type": "Point",
        "coordinates": [
          5.4129178,
          53.1429968
        ]
      },
      "id": "node/315811820"
    },
    {
      "type": "Feature",
      "properties": {
        "@id": "node/319777697",
        "highway": "motorway_junction",
        "name": "Amersfoort-Vathorst",
        "ref": "8a"
      },
      "geometry": {
        "type": "Point",
        "coordinates": [
          5.4405316,
          52.2064401
        ]
      },
      "id": "node/319777697"
    },
    {
      "type": "Feature",
      "properties": {
        "@id": "node/319777701",
        "highway": "motorway_junction",
        "name": "Amersfoort-Vathorst",
        "ref": "8a"
      },
      "geometry": {
        "type": "Point",
        "coordinates": [
          5.4471803,
          52.2145449
        ]
      },
      "id": "node/319777701"
    },
    {
      "type": "Feature",
      "properties": {
        "@id": "node/321651522",
        "distance": "57500 m",
        "ele": "-2.47",
        "highway": "motorway_junction",
        "name": "Delft",
        "ref": "14"
      },
      "geometry": {
        "type": "Point",
        "coordinates": [
          4.3344513,
          51.9777499
        ]
      },
      "id": "node/321651522"
    },
    {
      "type": "Feature",
      "properties": {
        "@id": "node/322088946",
        "highway": "motorway_junction",
        "name": "Maassluis",
        "ref": "7"
      },
      "geometry": {
        "type": "Point",
        "coordinates": [
          4.2671928,
          51.9253287
        ]
      },
      "id": "node/322088946"
    },
    {
      "type": "Feature",
      "properties": {
        "@id": "node/322612367",
        "highway": "motorway_junction",
        "name": "Rotterdam-Overschie",
        "ref": "13"
      },
      "geometry": {
        "type": "Point",
        "coordinates": [
          4.4442612,
          51.9337165
        ]
      },
      "id": "node/322612367"
    },
    {
      "type": "Feature",
      "properties": {
        "@id": "node/330658056",
        "highway": "motorway_junction",
        "name": "Knooppunt Vaanplein"
      },
      "geometry": {
        "type": "Point",
        "coordinates": [
          4.5384332,
          51.864132
        ]
      },
      "id": "node/330658056"
    },
    {
      "type": "Feature",
      "properties": {
        "@id": "node/332605654",
        "destination:to": "Driebond",
        "highway": "motorway_junction",
        "name": "Meerstad",
        "note": "Aanvankelijk heette deze afrit Driebond, later gewijzigd naar Meerstand (nu is Driebond een secundaire bestemming op borden afrit)",
        "old_name": "Driebond",
        "ref": "1"
      },
      "geometry": {
        "type": "Point",
        "coordinates": [
          6.6154057,
          53.2214042
        ]
      },
      "id": "node/332605654"
    },
    {
      "type": "Feature",
      "properties": {
        "@id": "node/332606454",
        "highway": "motorway_junction",
        "name": "Knooppunt Euvelgunne"
      },
      "geometry": {
        "type": "Point",
        "coordinates": [
          6.6147581,
          53.217571
        ]
      },
      "id": "node/332606454"
    },
    {
      "type": "Feature",
      "properties": {
        "@id": "node/332696680",
        "destination:to": "Driebond",
        "highway": "motorway_junction",
        "name": "Meerstad",
        "note": "Aanvankelijk heette deze afrit Driebond, later gewijzigd naar Meerstand (nu is Driebond een secundaire bestemming op borden afrit)",
        "old_name": "Driebond",
        "ref": "1"
      },
      "geometry": {
        "type": "Point",
        "coordinates": [
          6.61374,
          53.223579
        ]
      },
      "id": "node/332696680"
    },
    {
      "type": "Feature",
      "properties": {
        "@id": "node/340124980",
        "highway": "motorway_junction",
        "name": "Knooppunt Euvelgunne"
      },
      "geometry": {
        "type": "Point",
        "coordinates": [
          6.6225339,
          53.2128379
        ]
      },
      "id": "node/340124980"
    },
    {
      "type": "Feature",
      "properties": {
        "@id": "node/353980730",
        "highway": "motorway_junction",
        "name": "Leiden",
        "ref": "8b"
      },
      "geometry": {
        "type": "Point",
        "coordinates": [
          4.4521486,
          52.1664733
        ]
      },
      "id": "node/353980730"
    },
    {
      "type": "Feature",
      "properties": {
        "@id": "node/356808959",
        "highway": "motorway_junction",
        "name": "Linne",
        "ref": "21"
      },
      "geometry": {
        "type": "Point",
        "coordinates": [
          5.9692207,
          51.1668351
        ]
      },
      "id": "node/356808959"
    },
    {
      "type": "Feature",
      "properties": {
        "@id": "node/357340126",
        "highway": "motorway_junction",
        "name": "Alphen aan den Rijn-West",
        "ref": "8"
      },
      "geometry": {
        "type": "Point",
        "coordinates": [
          4.6255294,
          52.1233032
        ]
      },
      "id": "node/357340126"
    },
    {
      "type": "Feature",
      "properties": {
        "@id": "node/360214765",
        "highway": "motorway_junction",
        "name": "Urmond"
      },
      "geometry": {
        "type": "Point",
        "coordinates": [
          5.8385072,
          50.9967496
        ]
      },
      "id": "node/360214765"
    },
    {
      "type": "Feature",
      "properties": {
        "@id": "node/360860015",
        "highway": "motorway_junction",
        "name": "Industrie Noord 100-399"
      },
      "geometry": {
        "type": "Point",
        "coordinates": [
          4.9196742,
          52.3892379
        ]
      },
      "id": "node/360860015"
    },
    {
      "type": "Feature",
      "properties": {
        "@id": "node/364085117",
        "highway": "motorway_junction",
        "name": "Brielle",
        "note": "← UIT",
        "ref": "12"
      },
      "geometry": {
        "type": "Point",
        "coordinates": [
          4.204674,
          51.9065547
        ]
      },
      "id": "node/364085117"
    },
    {
      "type": "Feature",
      "properties": {
        "@id": "node/364653421",
        "highway": "motorway_junction",
        "name": "Leerdam",
        "ref": "29",
        "wikidata": "Q96655906"
      },
      "geometry": {
        "type": "Point",
        "coordinates": [
          5.0959833,
          51.8430731
        ]
      },
      "id": "node/364653421"
    },
    {
      "type": "Feature",
      "properties": {
        "@id": "node/365559407",
        "highway": "motorway_junction",
        "name": "Nieuwegein",
        "ref": "16",
        "wikidata": "Q96397315"
      },
      "geometry": {
        "type": "Point",
        "coordinates": [
          5.089462,
          52.061217
        ]
      },
      "id": "node/365559407"
    },
    {
      "type": "Feature",
      "properties": {
        "@id": "node/382536342",
        "highway": "motorway_junction",
        "name": "Lewenborg",
        "ref": "3"
      },
      "geometry": {
        "type": "Point",
        "coordinates": [
          6.6061458,
          53.2335795
        ]
      },
      "id": "node/382536342"
    },
    {
      "type": "Feature",
      "properties": {
        "@id": "node/388410266",
        "highway": "motorway_junction",
        "name": "Alphen aan den Rijn-Oost",
        "ref": "10"
      },
      "geometry": {
        "type": "Point",
        "coordinates": [
          4.6775604,
          52.1117268
        ]
      },
      "id": "node/388410266"
    },
    {
      "type": "Feature",
      "properties": {
        "@id": "node/393400645",
        "highway": "motorway_junction",
        "name": "Bleiswijk",
        "ref": "8"
      },
      "geometry": {
        "type": "Point",
        "coordinates": [
          4.548037,
          52.0346014
        ]
      },
      "id": "node/393400645"
    },
    {
      "type": "Feature",
      "properties": {
        "@id": "node/401609447",
        "highway": "motorway_junction",
        "name": "High Tech Campus",
        "ref": "32a",
        "wikidata": "Q96905065"
      },
      "geometry": {
        "type": "Point",
        "coordinates": [
          5.4445027,
          51.40503
        ]
      },
      "id": "node/401609447"
    },
    {
      "type": "Feature",
      "properties": {
        "@id": "node/409469638",
        "highway": "motorway_junction",
        "name": "Havens 6200-7000",
        "ref": "9"
      },
      "geometry": {
        "type": "Point",
        "coordinates": [
          4.1179578,
          51.9385665
        ]
      },
      "id": "node/409469638"
    },
    {
      "type": "Feature",
      "properties": {
        "@id": "node/410708008",
        "highway": "motorway_junction",
        "name": "Rosmalen-West",
        "ref": "20",
        "wikidata": "Q96243460"
      },
      "geometry": {
        "type": "Point",
        "coordinates": [
          5.3413419,
          51.7134879
        ]
      },
      "id": "node/410708008"
    },
    {
      "type": "Feature",
      "properties": {
        "@id": "node/414105623",
        "highway": "motorway_junction",
        "name": "Knooppunt Rozenburg",
        "wikidata": "Q125464586",
        "wikipedia": "nl:Knooppunt Rozenburg"
      },
      "geometry": {
        "type": "Point",
        "coordinates": [
          4.2585096,
          51.8867489
        ]
      },
      "id": "node/414105623"
    },
    {
      "type": "Feature",
      "properties": {
        "@id": "node/417004032",
        "highway": "motorway_junction",
        "name": "Oosterhout"
      },
      "geometry": {
        "type": "Point",
        "coordinates": [
          5.8592903,
          51.8783045
        ]
      },
      "id": "node/417004032"
    },
    {
      "type": "Feature",
      "properties": {
        "@id": "node/417004106",
        "highway": "motorway_junction",
        "name": "Oosterhout"
      },
      "geometry": {
        "type": "Point",
        "coordinates": [
          5.8594398,
          51.886582
        ]
      },
      "id": "node/417004106"
    },
    {
      "type": "Feature",
      "properties": {
        "@id": "node/429414557",
        "highway": "motorway_junction",
        "name": "Sneek-Woudvaart",
        "ref": "21a",
        "wikidata": "Q97442311"
      },
      "geometry": {
        "type": "Point",
        "coordinates": [
          5.6655188,
          53.0219431
        ]
      },
      "id": "node/429414557"
    },
    {
      "type": "Feature",
      "properties": {
        "@id": "node/443623583",
        "highway": "motorway_junction",
        "name": "Knooppunt De Hogt",
        "wikidata": "Q2615942",
        "wikimedia_commons": "Category:Knooppunt De Hogt",
        "wikipedia": "nl:Knooppunt De Hogt"
      },
      "geometry": {
        "type": "Point",
        "coordinates": [
          5.4304272,
          51.408343
        ]
      },
      "id": "node/443623583"
    },
    {
      "type": "Feature",
      "properties": {
        "@id": "node/449063909",
        "highway": "motorway_junction"
      },
      "geometry": {
        "type": "Point",
        "coordinates": [
          4.5354263,
          51.9165504
        ]
      },
      "id": "node/449063909"
    },
    {
      "type": "Feature",
      "properties": {
        "@id": "node/451613594",
        "highway": "motorway_junction",
        "name": "Knooppunt De Hogt",
        "wikidata": "Q2615942",
        "wikimedia_commons": "Category:Knooppunt De Hogt",
        "wikipedia": "nl:Knooppunt De Hogt"
      },
      "geometry": {
        "type": "Point",
        "coordinates": [
          5.4298952,
          51.4088505
        ]
      },
      "id": "node/451613594"
    },
    {
      "type": "Feature",
      "properties": {
        "@id": "node/455902289",
        "highway": "motorway_junction",
        "name": "Amsterdam-Nieuwendam",
        "ref": "15",
        "wikidata": "Q96602912"
      },
      "geometry": {
        "type": "Point",
        "coordinates": [
          4.9637375,
          52.3934851
        ]
      },
      "id": "node/455902289"
    },
    {
      "type": "Feature",
      "properties": {
        "@id": "node/471901921",
        "highway": "motorway_junction",
        "name": "Woerden",
        "ref": "14"
      },
      "geometry": {
        "type": "Point",
        "coordinates": [
          4.9024084,
          52.0710692
        ]
      },
      "id": "node/471901921"
    },
    {
      "type": "Feature",
      "properties": {
        "@id": "node/493754788",
        "highway": "motorway_junction",
        "name": "Assen-West",
        "ref": "33"
      },
      "geometry": {
        "type": "Point",
        "coordinates": [
          6.5255827,
          52.9968967
        ]
      },
      "id": "node/493754788"
    },
    {
      "type": "Feature",
      "properties": {
        "@id": "node/493989146",
        "highway": "motorway_junction",
        "name": "Knooppunt Hintham",
        "wikidata": "Q2411846",
        "wikipedia": "nl:Knooppunt Hintham"
      },
      "geometry": {
        "type": "Point",
        "coordinates": [
          5.3520978,
          51.6953812
        ]
      },
      "id": "node/493989146"
    },
    {
      "type": "Feature",
      "properties": {
        "@id": "node/513590053",
        "highway": "motorway_junction",
        "name": "Knooppunt Batadorp",
        "wikidata": "Q4304650",
        "wikimedia_commons": "Category:Knooppunt Batadorp",
        "wikipedia": "nl:Knooppunt Batadorp"
      },
      "geometry": {
        "type": "Point",
        "coordinates": [
          5.4048413,
          51.4700867
        ]
      },
      "id": "node/513590053"
    },
    {
      "type": "Feature",
      "properties": {
        "@id": "node/514690575",
        "highway": "motorway_junction",
        "name": "Knooppunt De Hogt",
        "wikidata": "Q2615942",
        "wikimedia_commons": "Category:Knooppunt De Hogt",
        "wikipedia": "nl:Knooppunt De Hogt"
      },
      "geometry": {
        "type": "Point",
        "coordinates": [
          5.4455175,
          51.4054059
        ]
      },
      "id": "node/514690575"
    },
    {
      "type": "Feature",
      "properties": {
        "@id": "node/519959955",
        "highway": "motorway_junction",
        "name": "Knooppunt Leenderheide",
        "wikidata": "Q2059157",
        "wikimedia_commons": "Category:Knooppunt Leenderheide",
        "wikipedia": "nl:Knooppunt Leenderheide"
      },
      "geometry": {
        "type": "Point",
        "coordinates": [
          5.4906184,
          51.4049424
        ]
      },
      "id": "node/519959955"
    },
    {
      "type": "Feature",
      "properties": {
        "@id": "node/529979246",
        "highway": "motorway_junction",
        "name": "Knooppunt Hintham",
        "wikidata": "Q2411846",
        "wikipedia": "nl:Knooppunt Hintham"
      },
      "geometry": {
        "type": "Point",
        "coordinates": [
          5.3550821,
          51.6988689
        ]
      },
      "id": "node/529979246"
    },
    {
      "type": "Feature",
      "properties": {
        "@id": "node/534588077",
        "highway": "motorway_junction",
        "name": "Bergschenhoek"
      },
      "geometry": {
        "type": "Point",
        "coordinates": [
          4.4953767,
          51.9798138
        ]
      },
      "id": "node/534588077"
    },
    {
      "type": "Feature",
      "properties": {
        "@id": "node/534911416",
        "highway": "motorway_junction",
        "name": "Utrecht-Langerak",
        "ref": "8",
        "wikidata": "Q96976825"
      },
      "geometry": {
        "type": "Point",
        "coordinates": [
          5.0747135,
          52.0762493
        ]
      },
      "id": "node/534911416"
    },
    {
      "type": "Feature",
      "properties": {
        "@id": "node/539251593",
        "highway": "motorway_junction",
        "name": "Waspik",
        "ref": "35",
        "wikidata": "Q97666482"
      },
      "geometry": {
        "type": "Point",
        "coordinates": [
          4.9418322,
          51.6931403
        ]
      },
      "id": "node/539251593"
    },
    {
      "type": "Feature",
      "properties": {
        "@id": "node/539506124",
        "highway": "motorway_junction",
        "name": "Zevenhuizen",
        "ref": "9",
        "source": "AND"
      },
      "geometry": {
        "type": "Point",
        "coordinates": [
          4.608939,
          52.0198722
        ]
      },
      "id": "node/539506124"
    },
    {
      "type": "Feature",
      "properties": {
        "@id": "node/550368920",
        "highway": "motorway_junction",
        "name": "Knooppunt Leenderheide",
        "wikidata": "Q2059157",
        "wikipedia": "nl:Knooppunt Leenderheide"
      },
      "geometry": {
        "type": "Point",
        "coordinates": [
          5.5055267,
          51.3982804
        ]
      },
      "id": "node/550368920"
    },
    {
      "type": "Feature",
      "properties": {
        "@id": "node/554284481",
        "highway": "motorway_junction"
      },
      "geometry": {
        "type": "Point",
        "coordinates": [
          6.5307647,
          53.2311583
        ]
      },
      "id": "node/554284481"
    },
    {
      "type": "Feature",
      "properties": {
        "@id": "node/581955584",
        "highway": "motorway_junction",
        "name": "Westpoort",
        "ref": "34a"
      },
      "geometry": {
        "type": "Point",
        "coordinates": [
          6.4783692,
          53.2033452
        ]
      },
      "id": "node/581955584"
    },
    {
      "type": "Feature",
      "properties": {
        "@id": "node/583344309",
        "highway": "motorway_junction",
        "name": "Wassenaar-Zuid"
      },
      "geometry": {
        "type": "Point",
        "coordinates": [
          4.3525204,
          52.1091424
        ]
      },
      "id": "node/583344309"
    },
    {
      "type": "Feature",
      "properties": {
        "@id": "node/583481959",
        "highway": "motorway_junction",
        "name": "Knooppunt Raasdorp"
      },
      "geometry": {
        "type": "Point",
        "coordinates": [
          4.7479108,
          52.363892
        ]
      },
      "id": "node/583481959"
    },
    {
      "type": "Feature",
      "properties": {
        "@id": "node/588133328",
        "highway": "motorway_junction",
        "name": "Maarssen",
        "ref": "6",
        "wikidata": "Q20531684"
      },
      "geometry": {
        "type": "Point",
        "coordinates": [
          5.0390547,
          52.1158834
        ]
      },
      "id": "node/588133328"
    },
    {
      "type": "Feature",
      "properties": {
        "@id": "node/600494689",
        "highway": "motorway_junction",
        "name": "Leusden-Zuid",
        "ref": "6",
        "wikidata": "Q20241115"
      },
      "geometry": {
        "type": "Point",
        "coordinates": [
          5.4002545,
          52.1362906
        ]
      },
      "id": "node/600494689"
    },
    {
      "type": "Feature",
      "properties": {
        "@id": "node/602474365",
        "highway": "motorway_junction",
        "name": "Schiedam",
        "ref": "11"
      },
      "geometry": {
        "type": "Point",
        "coordinates": [
          4.403737,
          51.9260637
        ]
      },
      "id": "node/602474365"
    },
    {
      "type": "Feature",
      "properties": {
        "@id": "node/603551727",
        "highway": "motorway_junction",
        "name": "Knooppunt Empel",
        "wikidata": "Q2172092",
        "wikipedia": "nl:Knooppunt Empel"
      },
      "geometry": {
        "type": "Point",
        "coordinates": [
          5.3147456,
          51.730015
        ]
      },
      "id": "node/603551727"
    },
    {
      "type": "Feature",
      "properties": {
        "@id": "node/603551735",
        "highway": "motorway_junction",
        "name": "Knooppunt Empel",
        "wikidata": "Q2172092",
        "wikipedia": "nl:Knooppunt Empel"
      },
      "geometry": {
        "type": "Point",
        "coordinates": [
          5.320088,
          51.7262163
        ]
      },
      "id": "node/603551735"
    },
    {
      "type": "Feature",
      "properties": {
        "@id": "node/616937011",
        "highway": "motorway_junction",
        "name": "Farmsum"
      },
      "geometry": {
        "type": "Point",
        "coordinates": [
          6.8814129,
          53.3181015
        ]
      },
      "id": "node/616937011"
    },
    {
      "type": "Feature",
      "properties": {
        "@id": "node/617268280",
        "highway": "motorway_junction",
        "name": "Delfzijl"
      },
      "geometry": {
        "type": "Point",
        "coordinates": [
          6.8760221,
          53.3263634
        ]
      },
      "id": "node/617268280"
    },
    {
      "type": "Feature",
      "properties": {
        "@id": "node/617268303",
        "highway": "motorway_junction",
        "name": "Delfzijl"
      },
      "geometry": {
        "type": "Point",
        "coordinates": [
          6.8785938,
          53.3231487
        ]
      },
      "id": "node/617268303"
    },
    {
      "type": "Feature",
      "properties": {
        "@id": "node/618356736",
        "highway": "motorway_junction",
        "name": "Knooppunt Raasdorp"
      },
      "geometry": {
        "type": "Point",
        "coordinates": [
          4.7268771,
          52.3638289
        ]
      },
      "id": "node/618356736"
    },
    {
      "type": "Feature",
      "properties": {
        "@id": "node/634653710",
        "highway": "motorway_junction",
        "name": "Westpoort",
        "ref": "34a"
      },
      "geometry": {
        "type": "Point",
        "coordinates": [
          6.46908,
          53.2014273
        ]
      },
      "id": "node/634653710"
    },
    {
      "type": "Feature",
      "properties": {
        "@id": "node/634843030",
        "highway": "motorway_junction",
        "name": "IJmuiden",
        "ref": "2"
      },
      "geometry": {
        "type": "Point",
        "coordinates": [
          4.7875256,
          52.3934511
        ]
      },
      "id": "node/634843030"
    },
    {
      "type": "Feature",
      "properties": {
        "@id": "node/639270076",
        "highway": "motorway_junction",
        "name": "Beverwijk-Oost",
        "ref": "8",
        "source": "AND"
      },
      "geometry": {
        "type": "Point",
        "coordinates": [
          4.6833243,
          52.47471
        ]
      },
      "id": "node/639270076"
    },
    {
      "type": "Feature",
      "properties": {
        "@id": "node/639270710",
        "highway": "motorway_junction",
        "name": "Waardenburg",
        "ref": "16"
      },
      "geometry": {
        "type": "Point",
        "coordinates": [
          5.2493472,
          51.8353138
        ]
      },
      "id": "node/639270710"
    },
    {
      "type": "Feature",
      "properties": {
        "@id": "node/639270907",
        "highway": "motorway_junction",
        "name": "Geldermalsen",
        "ref": "15"
      },
      "geometry": {
        "type": "Point",
        "coordinates": [
          5.2119764,
          51.8753362
        ]
      },
      "id": "node/639270907"
    },
    {
      "type": "Feature",
      "properties": {
        "@id": "node/639271043",
        "highway": "motorway_junction",
        "name": "Culemborg",
        "ref": "13"
      },
      "geometry": {
        "type": "Point",
        "coordinates": [
          5.1609163,
          51.9322693
        ]
      },
      "id": "node/639271043"
    },
    {
      "type": "Feature",
      "properties": {
        "@id": "node/639304085",
        "highway": "motorway_junction",
        "name": "Boxtel",
        "ref": "26",
        "wikidata": "Q96583315"
      },
      "geometry": {
        "type": "Point",
        "coordinates": [
          5.356083,
          51.5788785
        ]
      },
      "id": "node/639304085"
    },
    {
      "type": "Feature",
      "properties": {
        "@id": "node/639304094",
        "highway": "motorway_junction",
        "name": "Boxtel-Noord",
        "ref": "25",
        "wikidata": "Q96943087"
      },
      "geometry": {
        "type": "Point",
        "coordinates": [
          5.3173996,
          51.6161884
        ]
      },
      "id": "node/639304094"
    },
    {
      "type": "Feature",
      "properties": {
        "@id": "node/639304102",
        "highway": "motorway_junction",
        "name": "Boxtel-Noord",
        "ref": "25",
        "wikidata": "Q96943087"
      },
      "geometry": {
        "type": "Point",
        "coordinates": [
          5.3179188,
          51.615419
        ]
      },
      "id": "node/639304102"
    },
    {
      "type": "Feature",
      "properties": {
        "@id": "node/639304429",
        "highway": "motorway_junction",
        "name": "Knooppunt Hintham",
        "wikidata": "Q2411846",
        "wikipedia": "nl:Knooppunt Hintham"
      },
      "geometry": {
        "type": "Point",
        "coordinates": [
          5.3488604,
          51.7048022
        ]
      },
      "id": "node/639304429"
    },
    {
      "type": "Feature",
      "properties": {
        "@id": "node/651995680",
        "highway": "motorway_junction",
        "name": "Oudenhorst"
      },
      "geometry": {
        "type": "Point",
        "coordinates": [
          5.4701798,
          52.0503865
        ]
      },
      "id": "node/651995680"
    },
    {
      "type": "Feature",
      "properties": {
        "@id": "node/652130162",
        "highway": "motorway_junction",
        "name": "Alteveer"
      },
      "geometry": {
        "type": "Point",
        "coordinates": [
          6.9901924,
          53.0555949
        ]
      },
      "id": "node/652130162"
    },
    {
      "type": "Feature",
      "properties": {
        "@id": "node/660002025",
        "highway": "motorway_junction",
        "name": "Maarsbergen",
        "ref": "22"
      },
      "geometry": {
        "type": "Point",
        "coordinates": [
          5.4090866,
          52.0536709
        ]
      },
      "id": "node/660002025"
    },
    {
      "type": "Feature",
      "properties": {
        "@id": "node/668318125",
        "description": "Bundesgrenze (Niederlande)",
        "highway": "motorway_junction",
        "name": "Grenzübergang Grenzwald",
        "ref": "1a"
      },
      "geometry": {
        "type": "Point",
        "coordinates": [
          6.1698786,
          51.3330858
        ]
      },
      "id": "node/668318125"
    },
    {
      "type": "Feature",
      "properties": {
        "@id": "node/669975530",
        "highway": "motorway_junction",
        "name": "Haarlem-Centrum"
      },
      "geometry": {
        "type": "Point",
        "coordinates": [
          4.673323,
          52.3838483
        ]
      },
      "id": "node/669975530"
    },
    {
      "type": "Feature",
      "properties": {
        "@id": "node/673456199",
        "highway": "motorway_junction",
        "name": "Aalsmeer"
      },
      "geometry": {
        "type": "Point",
        "coordinates": [
          4.7858607,
          52.2717511
        ]
      },
      "id": "node/673456199"
    },
    {
      "type": "Feature",
      "properties": {
        "@id": "node/673456272",
        "highway": "motorway_junction",
        "name": "De Kwakel"
      },
      "geometry": {
        "type": "Point",
        "coordinates": [
          4.7942339,
          52.2625947
        ]
      },
      "id": "node/673456272"
    },
    {
      "type": "Feature",
      "properties": {
        "@id": "node/677185479",
        "highway": "motorway_junction",
        "name": "Deersels",
        "wikidata": "Q4763605",
        "wikipedia": "nl:Verzorgingsplaats Deersels"
      },
      "geometry": {
        "type": "Point",
        "coordinates": [
          6.03202,
          51.3828712
        ]
      },
      "id": "node/677185479"
    },
    {
      "type": "Feature",
      "properties": {
        "@id": "node/695215437",
        "highway": "motorway_junction",
        "name": "Hoogkerk",
        "ref": "17"
      },
      "geometry": {
        "type": "Point",
        "coordinates": [
          6.5397298,
          53.2159613
        ]
      },
      "id": "node/695215437"
    },
    {
      "type": "Feature",
      "properties": {
        "@id": "node/706713017",
        "highway": "motorway_junction",
        "name": "Knooppunt Terbregseplein",
        "wikidata": "Q5817040",
        "wikipedia": "nl:Knooppunt Terbregseplein"
      },
      "geometry": {
        "type": "Point",
        "coordinates": [
          4.5336568,
          51.9422567
        ]
      },
      "id": "node/706713017"
    },
    {
      "type": "Feature",
      "properties": {
        "@id": "node/708249721",
        "highway": "motorway_junction",
        "name": "Knooppunt Galder",
        "wikidata": "Q2133480",
        "wikipedia": "nl:Knooppunt Galder"
      },
      "geometry": {
        "type": "Point",
        "coordinates": [
          4.752749,
          51.5263514
        ]
      },
      "id": "node/708249721"
    },
    {
      "type": "Feature",
      "properties": {
        "@id": "node/709291612",
        "highway": "motorway_junction",
        "name": "Meerhoven-Zuid",
        "ref": "30a",
        "wikidata": "Q96942986"
      },
      "geometry": {
        "type": "Point",
        "coordinates": [
          5.4260769,
          51.4400866
        ]
      },
      "id": "node/709291612"
    },
    {
      "type": "Feature",
      "properties": {
        "@id": "node/709292347",
        "highway": "motorway_junction",
        "name": "Knooppunt Batadorp",
        "wikidata": "Q4304650",
        "wikimedia_commons": "Category:Knooppunt Batadorp",
        "wikipedia": "nl:Knooppunt Batadorp"
      },
      "geometry": {
        "type": "Point",
        "coordinates": [
          5.3958486,
          51.4841246
        ]
      },
      "id": "node/709292347"
    },
    {
      "type": "Feature",
      "properties": {
        "@id": "node/710565667",
        "highway": "motorway_junction",
        "name": "Alkmaar"
      },
      "geometry": {
        "type": "Point",
        "coordinates": [
          4.780126,
          52.6266667
        ]
      },
      "id": "node/710565667"
    },
    {
      "type": "Feature",
      "properties": {
        "@id": "node/719146579",
        "highway": "motorway_junction",
        "name": "Utrecht-Leidsche Rijn Centrum",
        "ref": "7",
        "wikidata": "Q96977598"
      },
      "geometry": {
        "type": "Point",
        "coordinates": [
          5.0579596,
          52.1073157
        ]
      },
      "id": "node/719146579"
    },
    {
      "type": "Feature",
      "properties": {
        "@id": "node/720860035",
        "highway": "motorway_junction",
        "name": "Aalsmeer"
      },
      "geometry": {
        "type": "Point",
        "coordinates": [
          4.7893446,
          52.2681584
        ]
      },
      "id": "node/720860035"
    },
    {
      "type": "Feature",
      "properties": {
        "@id": "node/724398531",
        "highway": "motorway_junction",
        "name": "Kaatsheuvel-Zuid"
      },
      "geometry": {
        "type": "Point",
        "coordinates": [
          5.0554171,
          51.656505
        ]
      },
      "id": "node/724398531"
    },
    {
      "type": "Feature",
      "properties": {
        "@id": "node/726638367",
        "highway": "motorway_junction",
        "name": "Sneek-Oost",
        "ref": "22",
        "wikidata": "Q97442173"
      },
      "geometry": {
        "type": "Point",
        "coordinates": [
          5.6734541,
          53.0216626
        ]
      },
      "id": "node/726638367"
    },
    {
      "type": "Feature",
      "properties": {
        "@id": "node/726638638",
        "highway": "motorway_junction",
        "name": "Sneek-Oost",
        "ref": "22",
        "wikidata": "Q97442173"
      },
      "geometry": {
        "type": "Point",
        "coordinates": [
          5.6813357,
          53.0197845
        ]
      },
      "id": "node/726638638"
    },
    {
      "type": "Feature",
      "properties": {
        "@id": "node/748293516",
        "highway": "motorway_junction",
        "name": "Hoofddorp-Zuid",
        "ref": "3a"
      },
      "geometry": {
        "type": "Point",
        "coordinates": [
          4.7084955,
          52.2759996
        ]
      },
      "id": "node/748293516"
    },
    {
      "type": "Feature",
      "properties": {
        "@id": "node/748293518",
        "highway": "motorway_junction",
        "name": "Hoofddorp-Zuid",
        "ref": "3a"
      },
      "geometry": {
        "type": "Point",
        "coordinates": [
          4.7039897,
          52.2718303
        ]
      },
      "id": "node/748293518"
    },
    {
      "type": "Feature",
      "properties": {
        "@id": "node/751993733",
        "highway": "motorway_junction",
        "name": "Knooppunt Neerbosch"
      },
      "geometry": {
        "type": "Point",
        "coordinates": [
          5.7774729,
          51.8394452
        ]
      },
      "id": "node/751993733"
    },
    {
      "type": "Feature",
      "properties": {
        "@id": "node/752032687",
        "highway": "motorway_junction",
        "name": "Druten"
      },
      "geometry": {
        "type": "Point",
        "coordinates": [
          5.6061491,
          51.8695344
        ]
      },
      "id": "node/752032687"
    },
    {
      "type": "Feature",
      "properties": {
        "@id": "node/762627980",
        "highway": "motorway_junction",
        "name": "Hellevliet"
      },
      "geometry": {
        "type": "Point",
        "coordinates": [
          4.9884892,
          52.080857
        ]
      },
      "id": "node/762627980"
    },
    {
      "type": "Feature",
      "properties": {
        "@id": "node/762628173",
        "highway": "motorway_junction",
        "name": "Harmelen",
        "ref": "14a"
      },
      "geometry": {
        "type": "Point",
        "coordinates": [
          4.966939,
          52.0803608
        ]
      },
      "id": "node/762628173"
    },
    {
      "type": "Feature",
      "properties": {
        "@id": "node/762628186",
        "highway": "motorway_junction",
        "name": "Bijleveld"
      },
      "geometry": {
        "type": "Point",
        "coordinates": [
          4.9721199,
          52.0801283
        ]
      },
      "id": "node/762628186"
    },
    {
      "type": "Feature",
      "properties": {
        "@id": "node/762778051",
        "highway": "motorway_junction",
        "name": "Hazeldonk",
        "ref": "14",
        "wikidata": "Q96575926"
      },
      "geometry": {
        "type": "Point",
        "coordinates": [
          4.7412966,
          51.4971929
        ]
      },
      "id": "node/762778051"
    },
    {
      "type": "Feature",
      "properties": {
        "@id": "node/788708041",
        "highway": "motorway_junction",
        "name": "Knooppunt De Poel"
      },
      "geometry": {
        "type": "Point",
        "coordinates": [
          3.8769743,
          51.4820144
        ]
      },
      "id": "node/788708041"
    },
    {
      "type": "Feature",
      "properties": {
        "@id": "node/793769960",
        "destination": "Goes-Zuid",
        "highway": "motorway_junction",
        "name": "Goes-De Poel",
        "ref": "1",
        "source": "AND"
      },
      "geometry": {
        "type": "Point",
        "coordinates": [
          3.871256,
          51.4925945
        ]
      },
      "id": "node/793769960"
    },
    {
      "type": "Feature",
      "properties": {
        "@id": "node/796171492",
        "highway": "motorway_junction",
        "name": "Middelburg-Oost",
        "ref": "38",
        "source": "AND"
      },
      "geometry": {
        "type": "Point",
        "coordinates": [
          3.6456652,
          51.4791138
        ]
      },
      "id": "node/796171492"
    },
    {
      "type": "Feature",
      "properties": {
        "@id": "node/796571466",
        "highway": "motorway_junction",
        "name": "Roosendaal-Oost",
        "ref": "23",
        "wikidata": "Q97359024"
      },
      "geometry": {
        "type": "Point",
        "coordinates": [
          4.4878163,
          51.5394755
        ]
      },
      "id": "node/796571466"
    },
    {
      "type": "Feature",
      "properties": {
        "@id": "node/797963923",
        "highway": "motorway_junction",
        "name": "Zwartemeer",
        "ref": "7"
      },
      "geometry": {
        "type": "Point",
        "coordinates": [
          7.0326484,
          52.7319096
        ]
      },
      "id": "node/797963923"
    },
    {
      "type": "Feature",
      "properties": {
        "@id": "node/802705840",
        "highway": "motorway_junction",
        "name": "Dedemsvaart"
      },
      "geometry": {
        "type": "Point",
        "coordinates": [
          6.4535236,
          52.6071806
        ]
      },
      "id": "node/802705840"
    },
    {
      "type": "Feature",
      "properties": {
        "@id": "node/840152925",
        "highway": "motorway_junction",
        "name": "Sneek",
        "ref": "21",
        "wikidata": "Q97442322"
      },
      "geometry": {
        "type": "Point",
        "coordinates": [
          5.6595759,
          53.0221315
        ]
      },
      "id": "node/840152925"
    },
    {
      "type": "Feature",
      "properties": {
        "@id": "node/840916326",
        "highway": "motorway_junction",
        "name": "Ede-West",
        "ref": "1",
        "wikidata": "Q96631976"
      },
      "geometry": {
        "type": "Point",
        "coordinates": [
          5.617224,
          52.0383096
        ]
      },
      "id": "node/840916326"
    },
    {
      "type": "Feature",
      "properties": {
        "@id": "node/841662116",
        "highway": "motorway_junction",
        "name": "Scherpenzeel",
        "ref": "4",
        "wikidata": "Q96631982"
      },
      "geometry": {
        "type": "Point",
        "coordinates": [
          5.5645817,
          52.1245695
        ]
      },
      "id": "node/841662116"
    },
    {
      "type": "Feature",
      "properties": {
        "@id": "node/845435913",
        "highway": "motorway_junction"
      },
      "geometry": {
        "type": "Point",
        "coordinates": [
          4.3639116,
          51.925452
        ]
      },
      "id": "node/845435913"
    },
    {
      "type": "Feature",
      "properties": {
        "@id": "node/846348635",
        "highway": "motorway_junction",
        "name": "Hoogvliet",
        "ref": "17+17a"
      },
      "geometry": {
        "type": "Point",
        "coordinates": [
          4.3863924,
          51.8733094
        ]
      },
      "id": "node/846348635"
    },
    {
      "type": "Feature",
      "properties": {
        "@id": "node/850020931",
        "highway": "motorway_junction",
        "name": "Middenbeemster"
      },
      "geometry": {
        "type": "Point",
        "coordinates": [
          4.9173334,
          52.5380453
        ]
      },
      "id": "node/850020931"
    },
    {
      "type": "Feature",
      "properties": {
        "@id": "node/854333719",
        "highway": "motorway_junction",
        "name": "Knooppunt Zaarderheiken",
        "wikidata": "Q2329882",
        "wikipedia": "nl:Knooppunt Zaarderheiken"
      },
      "geometry": {
        "type": "Point",
        "coordinates": [
          6.1386406,
          51.3944353
        ]
      },
      "id": "node/854333719"
    },
    {
      "type": "Feature",
      "properties": {
        "@id": "node/855625430",
        "highway": "motorway_junction",
        "name": "Lelystad-Noord",
        "ref": "11"
      },
      "geometry": {
        "type": "Point",
        "coordinates": [
          5.5315829,
          52.5460982
        ]
      },
      "id": "node/855625430"
    },
    {
      "type": "Feature",
      "properties": {
        "@id": "node/857421568",
        "highway": "motorway_junction",
        "name": "Utrecht-Rijnsweerd",
        "ref": "30"
      },
      "geometry": {
        "type": "Point",
        "coordinates": [
          5.1592144,
          52.094172
        ]
      },
      "id": "node/857421568"
    },
    {
      "type": "Feature",
      "properties": {
        "@id": "node/857421657",
        "highway": "motorway_junction",
        "name": "Utrecht-Rijnsweerd",
        "ref": "30"
      },
      "geometry": {
        "type": "Point",
        "coordinates": [
          5.1610424,
          52.0924488
        ]
      },
      "id": "node/857421657"
    },
    {
      "type": "Feature",
      "properties": {
        "@id": "node/857463053",
        "highway": "motorway_junction",
        "name": "Utrecht-Oost",
        "ref": "30a",
        "source": "AND",
        "wikidata": "Q96398033"
      },
      "geometry": {
        "type": "Point",
        "coordinates": [
          5.1563805,
          52.0987588
        ]
      },
      "id": "node/857463053"
    },
    {
      "type": "Feature",
      "properties": {
        "@id": "node/859543703",
        "highway": "motorway_junction",
        "name": "Maastricht-Noord",
        "ref": "52"
      },
      "geometry": {
        "type": "Point",
        "coordinates": [
          5.734597,
          50.8770834
        ]
      },
      "id": "node/859543703"
    },
    {
      "type": "Feature",
      "properties": {
        "@id": "node/860028311",
        "highway": "motorway_junction",
        "name": "Meerssen",
        "ref": "2",
        "source": "AND"
      },
      "geometry": {
        "type": "Point",
        "coordinates": [
          5.7867481,
          50.8774494
        ]
      },
      "id": "node/860028311"
    },
    {
      "type": "Feature",
      "properties": {
        "@id": "node/863144978",
        "highway": "motorway_junction",
        "name": "Knooppunt Oudenrijn",
        "name:etymology": "Oudenrijn",
        "name:etymology:wikidata": "Q629542",
        "wikidata": "Q2117395",
        "wikipedia": "nl:Knooppunt Oudenrijn"
      },
      "geometry": {
        "type": "Point",
        "coordinates": [
          5.0736493,
          52.0752987
        ]
      },
      "id": "node/863144978"
    },
    {
      "type": "Feature",
      "properties": {
        "@id": "node/873774353",
        "highway": "motorway_junction",
        "name": "Nieuw-Vennep",
        "ref": "4"
      },
      "geometry": {
        "type": "Point",
        "coordinates": [
          4.6697558,
          52.2486068
        ]
      },
      "id": "node/873774353"
    },
    {
      "type": "Feature",
      "properties": {
        "@id": "node/873808993",
        "highway": "motorway_junction",
        "name": "Amsterdam-Sloten",
        "ref": "1"
      },
      "geometry": {
        "type": "Point",
        "coordinates": [
          4.8099279,
          52.3367167
        ]
      },
      "id": "node/873808993"
    },
    {
      "type": "Feature",
      "properties": {
        "@id": "node/885659107",
        "highway": "motorway_junction",
        "name": "Amsterdam-Rivierenbuurt",
        "ref": "9"
      },
      "geometry": {
        "type": "Point",
        "coordinates": [
          4.8924492,
          52.3353925
        ]
      },
      "id": "node/885659107"
    },
    {
      "type": "Feature",
      "properties": {
        "@id": "node/887076475",
        "highway": "motorway_junction",
        "name": "Muiderberg",
        "ref": "1"
      },
      "geometry": {
        "type": "Point",
        "coordinates": [
          5.1315209,
          52.3220075
        ]
      },
      "id": "node/887076475"
    },
    {
      "type": "Feature",
      "properties": {
        "@id": "node/889104430",
        "highway": "motorway_junction"
      },
      "geometry": {
        "type": "Point",
        "coordinates": [
          5.1797095,
          52.2924435
        ]
      },
      "id": "node/889104430"
    },
    {
      "type": "Feature",
      "properties": {
        "@id": "node/896347488",
        "highway": "motorway_junction",
        "name": "Amsterdam-Sloterdijk",
        "ref": "2"
      },
      "geometry": {
        "type": "Point",
        "coordinates": [
          4.8440007,
          52.3953834
        ]
      },
      "id": "node/896347488"
    },
    {
      "type": "Feature",
      "properties": {
        "@id": "node/896347548",
        "highway": "motorway_junction",
        "name": "Amsterdam-Sloterdijk",
        "ref": "2"
      },
      "geometry": {
        "type": "Point",
        "coordinates": [
          4.8444693,
          52.3887585
        ]
      },
      "id": "node/896347548"
    },
    {
      "type": "Feature",
      "properties": {
        "@id": "node/896347559",
        "highway": "motorway_junction",
        "name": "Amsterdam-Geuzenveld",
        "ref": "5"
      },
      "geometry": {
        "type": "Point",
        "coordinates": [
          4.8423157,
          52.3677533
        ]
      },
      "id": "node/896347559"
    },
    {
      "type": "Feature",
      "properties": {
        "@id": "node/897207232",
        "highway": "motorway_junction",
        "name": "Knooppunt Zaandam"
      },
      "geometry": {
        "type": "Point",
        "coordinates": [
          4.8381505,
          52.4577675
        ]
      },
      "id": "node/897207232"
    },
    {
      "type": "Feature",
      "properties": {
        "@id": "node/897583904",
        "highway": "motorway_junction",
        "name": "Zaanstad-Koog",
        "ref": "2",
        "source": "AND"
      },
      "geometry": {
        "type": "Point",
        "coordinates": [
          4.81091,
          52.463361
        ]
      },
      "id": "node/897583904"
    },
    {
      "type": "Feature",
      "properties": {
        "@id": "node/908497437",
        "highway": "motorway_junction",
        "name": "Katwijk aan Zee"
      },
      "geometry": {
        "type": "Point",
        "coordinates": [
          4.4193574,
          52.1952152
        ]
      },
      "id": "node/908497437"
    },
    {
      "type": "Feature",
      "properties": {
        "@id": "node/918202796",
        "highway": "motorway_junction",
        "name": "Uitgeest",
        "ref": "10"
      },
      "geometry": {
        "type": "Point",
        "coordinates": [
          4.7156578,
          52.5156982
        ]
      },
      "id": "node/918202796"
    },
    {
      "type": "Feature",
      "properties": {
        "@id": "node/925982396",
        "highway": "motorway_junction",
        "name": "Utrecht-Centrum",
        "ref": "7",
        "wikidata": "Q96977598"
      },
      "geometry": {
        "type": "Point",
        "coordinates": [
          5.0480756,
          52.1116011
        ]
      },
      "id": "node/925982396"
    },
    {
      "type": "Feature",
      "properties": {
        "@id": "node/926548416",
        "highway": "motorway_junction",
        "name": "Vinkeveen",
        "ref": "4",
        "wikidata": "Q96973968"
      },
      "geometry": {
        "type": "Point",
        "coordinates": [
          4.9858995,
          52.2238977
        ]
      },
      "id": "node/926548416"
    },
    {
      "type": "Feature",
      "properties": {
        "@id": "node/939773196",
        "highway": "motorway_junction",
        "name": "Voorhout"
      },
      "geometry": {
        "type": "Point",
        "coordinates": [
          4.460964,
          52.2287351
        ]
      },
      "id": "node/939773196"
    },
    {
      "type": "Feature",
      "properties": {
        "@id": "node/943927280",
        "highway": "motorway_junction",
        "name": "Amsterdamse Poort",
        "source": "AND"
      },
      "geometry": {
        "type": "Point",
        "coordinates": [
          4.9638725,
          52.3163242
        ]
      },
      "id": "node/943927280"
    },
    {
      "type": "Feature",
      "properties": {
        "@id": "node/966264407",
        "highway": "motorway_junction",
        "name": "Middenmeer",
        "ref": "12"
      },
      "geometry": {
        "type": "Point",
        "coordinates": [
          5.0098503,
          52.8095118
        ]
      },
      "id": "node/966264407"
    },
    {
      "type": "Feature",
      "properties": {
        "@id": "node/966712762",
        "highway": "motorway_junction",
        "name": "Enter"
      },
      "geometry": {
        "type": "Point",
        "coordinates": [
          6.5554587,
          52.2912116
        ]
      },
      "id": "node/966712762"
    },
    {
      "type": "Feature",
      "properties": {
        "@id": "node/968147711",
        "highway": "motorway_junction",
        "name": "Leeuwarden-Zuid",
        "ref": "25"
      },
      "geometry": {
        "type": "Point",
        "coordinates": [
          5.8027008,
          53.1607824
        ]
      },
      "id": "node/968147711"
    },
    {
      "type": "Feature",
      "properties": {
        "@id": "node/968147721",
        "highway": "motorway_junction",
        "name": "Leeuwarden-Oost",
        "ref": "26"
      },
      "geometry": {
        "type": "Point",
        "coordinates": [
          5.8304511,
          53.1670276
        ]
      },
      "id": "node/968147721"
    },
    {
      "type": "Feature",
      "properties": {
        "@id": "node/968253783",
        "highway": "motorway_junction",
        "name": "Harlingen-Havens",
        "ref": "19"
      },
      "geometry": {
        "type": "Point",
        "coordinates": [
          5.4586346,
          53.1836986
        ]
      },
      "id": "node/968253783"
    },
    {
      "type": "Feature",
      "properties": {
        "@id": "node/980381344",
        "highway": "motorway_junction",
        "name": "Sassenheim"
      },
      "geometry": {
        "type": "Point",
        "coordinates": [
          4.4762813,
          52.2471254
        ]
      },
      "id": "node/980381344"
    },
    {
      "type": "Feature",
      "properties": {
        "@id": "node/980381725",
        "highway": "motorway_junction",
        "name": "Lisse"
      },
      "geometry": {
        "type": "Point",
        "coordinates": [
          4.528969,
          52.295259
        ]
      },
      "id": "node/980381725"
    },
    {
      "type": "Feature",
      "properties": {
        "@id": "node/980382112",
        "highway": "motorway_junction",
        "name": "Sassenheim"
      },
      "geometry": {
        "type": "Point",
        "coordinates": [
          4.4822715,
          52.2515969
        ]
      },
      "id": "node/980382112"
    },
    {
      "type": "Feature",
      "properties": {
        "@id": "node/980382402",
        "highway": "motorway_junction",
        "name": "Noordwijkerhout-Noord"
      },
      "geometry": {
        "type": "Point",
        "coordinates": [
          4.5058118,
          52.2723223
        ]
      },
      "id": "node/980382402"
    },
    {
      "type": "Feature",
      "properties": {
        "@id": "node/999908400",
        "highway": "motorway_junction",
        "name": "Zwartemeer",
        "ref": "7"
      },
      "geometry": {
        "type": "Point",
        "coordinates": [
          7.0397726,
          52.7299411
        ]
      },
      "id": "node/999908400"
    },
    {
      "type": "Feature",
      "properties": {
        "@id": "node/1014057751",
        "highway": "motorway_junction"
      },
      "geometry": {
        "type": "Point",
        "coordinates": [
          4.8230503,
          51.5935804
        ]
      },
      "id": "node/1014057751"
    },
    {
      "type": "Feature",
      "properties": {
        "@id": "node/1018487326",
        "highway": "motorway_junction",
        "name": "Havens 5700-6200",
        "ref": "10"
      },
      "geometry": {
        "type": "Point",
        "coordinates": [
          4.1434705,
          51.9362732
        ]
      },
      "id": "node/1018487326"
    },
    {
      "type": "Feature",
      "properties": {
        "@id": "node/1019679719",
        "highway": "motorway_junction",
        "name": "Kamperland"
      },
      "geometry": {
        "type": "Point",
        "coordinates": [
          3.70917,
          51.5787913
        ]
      },
      "id": "node/1019679719"
    },
    {
      "type": "Feature",
      "properties": {
        "@id": "node/1019769593",
        "highway": "motorway_junction",
        "name": "Kortgene"
      },
      "geometry": {
        "type": "Point",
        "coordinates": [
          3.8023654,
          51.5795524
        ]
      },
      "id": "node/1019769593"
    },
    {
      "type": "Feature",
      "properties": {
        "@id": "node/1030275263",
        "highway": "motorway_junction",
        "name": "Capelle-West"
      },
      "geometry": {
        "type": "Point",
        "coordinates": [
          4.577166,
          51.9174758
        ]
      },
      "id": "node/1030275263"
    },
    {
      "type": "Feature",
      "properties": {
        "@id": "node/1030275440",
        "highway": "motorway_junction",
        "name": "Capelle-West"
      },
      "geometry": {
        "type": "Point",
        "coordinates": [
          4.5765383,
          51.917466
        ]
      },
      "id": "node/1030275440"
    },
    {
      "type": "Feature",
      "properties": {
        "@id": "node/1033026603",
        "highway": "motorway_junction",
        "name": "Valkenswaard",
        "proposed:name": "Valkenswaard",
        "ref": "31",
        "wikidata": "Q108556181"
      },
      "geometry": {
        "type": "Point",
        "coordinates": [
          5.3746312,
          51.3928282
        ]
      },
      "id": "node/1033026603"
    },
    {
      "type": "Feature",
      "properties": {
        "@id": "node/1036252379",
        "highway": "motorway_junction",
        "name": "Hardenberg-West"
      },
      "geometry": {
        "type": "Point",
        "coordinates": [
          6.5987091,
          52.5738997
        ]
      },
      "id": "node/1036252379"
    },
    {
      "type": "Feature",
      "properties": {
        "@id": "node/1081872069",
        "highway": "motorway_junction",
        "name": "Knooppunt Werpsterhoek",
        "name:fy": "Knooppunt Werpsterhoeke",
        "name:nl": "Knooppunt Werpsterhoek"
      },
      "geometry": {
        "type": "Point",
        "coordinates": [
          5.7961185,
          53.1594583
        ]
      },
      "id": "node/1081872069"
    },
    {
      "type": "Feature",
      "properties": {
        "@id": "node/1081872071",
        "highway": "motorway_junction",
        "name": "Leeuwarden",
        "ref": "24"
      },
      "geometry": {
        "type": "Point",
        "coordinates": [
          5.7471261,
          53.1860456
        ]
      },
      "id": "node/1081872071"
    },
    {
      "type": "Feature",
      "properties": {
        "@id": "node/1081872243",
        "highway": "motorway_junction",
        "name": "Leeuwarden-Noord",
        "ref": "23"
      },
      "geometry": {
        "type": "Point",
        "coordinates": [
          5.7352392,
          53.2067398
        ]
      },
      "id": "node/1081872243"
    },
    {
      "type": "Feature",
      "properties": {
        "@id": "node/1081872268",
        "highway": "motorway_junction",
        "name": "Leeuwarden-Noord",
        "ref": "23"
      },
      "geometry": {
        "type": "Point",
        "coordinates": [
          5.7444678,
          53.202696
        ]
      },
      "id": "node/1081872268"
    },
    {
      "type": "Feature",
      "properties": {
        "@id": "node/1081872340",
        "highway": "motorway_junction",
        "name": "Leeuwarden",
        "ref": "24"
      },
      "geometry": {
        "type": "Point",
        "coordinates": [
          5.7462911,
          53.1913712
        ]
      },
      "id": "node/1081872340"
    },
    {
      "type": "Feature",
      "properties": {
        "@id": "node/1100473617",
        "highway": "motorway_junction",
        "name": "Vinkhuizen-Noord",
        "ref": "13"
      },
      "geometry": {
        "type": "Point",
        "coordinates": [
          6.5308609,
          53.2307991
        ]
      },
      "id": "node/1100473617"
    },
    {
      "type": "Feature",
      "properties": {
        "@id": "node/1100744234",
        "highway": "motorway_junction",
        "name": "Vinkhuizen-Zuid",
        "ref": "15"
      },
      "geometry": {
        "type": "Point",
        "coordinates": [
          6.5379863,
          53.2227286
        ]
      },
      "id": "node/1100744234"
    },
    {
      "type": "Feature",
      "properties": {
        "@id": "node/1135910210",
        "highway": "motorway_junction",
        "name": "Knooppunt Joure",
        "wikidata": "Q6791198"
      },
      "geometry": {
        "type": "Point",
        "coordinates": [
          5.7934474,
          52.9510947
        ]
      },
      "id": "node/1135910210"
    },
    {
      "type": "Feature",
      "properties": {
        "@id": "node/1139665884",
        "highway": "motorway_junction",
        "name": "Oosterhoogebrug",
        "ref": "2"
      },
      "geometry": {
        "type": "Point",
        "coordinates": [
          6.6121075,
          53.2262941
        ]
      },
      "id": "node/1139665884"
    },
    {
      "type": "Feature",
      "properties": {
        "@id": "node/1162658321",
        "highway": "motorway_junction",
        "name": "Middelburg-Dauwendaele"
      },
      "geometry": {
        "type": "Point",
        "coordinates": [
          3.6454184,
          51.487706
        ]
      },
      "id": "node/1162658321"
    },
    {
      "type": "Feature",
      "properties": {
        "@id": "node/1162658410",
        "highway": "motorway_junction",
        "name": "Middelburg-Dauwendaele"
      },
      "geometry": {
        "type": "Point",
        "coordinates": [
          3.6388369,
          51.4918006
        ]
      },
      "id": "node/1162658410"
    },
    {
      "type": "Feature",
      "properties": {
        "@id": "node/1162658524",
        "highway": "motorway_junction"
      },
      "geometry": {
        "type": "Point",
        "coordinates": [
          3.6496958,
          51.4836675
        ]
      },
      "id": "node/1162658524"
    },
    {
      "type": "Feature",
      "properties": {
        "@id": "node/1162659081",
        "highway": "motorway_junction",
        "name": "Middelburg-Centrum"
      },
      "geometry": {
        "type": "Point",
        "coordinates": [
          3.6333621,
          51.5063718
        ]
      },
      "id": "node/1162659081"
    },
    {
      "type": "Feature",
      "properties": {
        "@id": "node/1162659195",
        "highway": "motorway_junction",
        "name": "Middelburg-Centrum"
      },
      "geometry": {
        "type": "Point",
        "coordinates": [
          3.6325134,
          51.5100183
        ]
      },
      "id": "node/1162659195"
    },
    {
      "type": "Feature",
      "properties": {
        "@id": "node/1166833234",
        "highway": "motorway_junction",
        "name": "Lewenborg",
        "ref": "3"
      },
      "geometry": {
        "type": "Point",
        "coordinates": [
          6.5996333,
          53.2356859
        ]
      },
      "id": "node/1166833234"
    },
    {
      "type": "Feature",
      "properties": {
        "@id": "node/1200785922",
        "highway": "motorway_junction",
        "name": "Madurodam"
      },
      "geometry": {
        "type": "Point",
        "coordinates": [
          4.2961931,
          52.098189
        ]
      },
      "id": "node/1200785922"
    },
    {
      "type": "Feature",
      "properties": {
        "@id": "node/1200925962",
        "highway": "motorway_junction",
        "name": "Madurodam"
      },
      "geometry": {
        "type": "Point",
        "coordinates": [
          4.3032724,
          52.0973021
        ]
      },
      "id": "node/1200925962"
    },
    {
      "type": "Feature",
      "properties": {
        "@id": "node/1239255578",
        "highway": "motorway_junction",
        "name": "Knooppunt Hoevelaken"
      },
      "geometry": {
        "type": "Point",
        "coordinates": [
          5.4339356,
          52.1807885
        ]
      },
      "id": "node/1239255578"
    },
    {
      "type": "Feature",
      "properties": {
        "@id": "node/1243672766",
        "highway": "motorway_junction",
        "noname": "yes",
        "noref": "yes"
      },
      "geometry": {
        "type": "Point",
        "coordinates": [
          4.7714866,
          52.2850935
        ]
      },
      "id": "node/1243672766"
    },
    {
      "type": "Feature",
      "properties": {
        "@id": "node/1249168761",
        "highway": "motorway_junction",
        "name": "Knooppunt Zonzeel",
        "wikidata": "Q2486751",
        "wikipedia": "nl:Knooppunt Zonzeel"
      },
      "geometry": {
        "type": "Point",
        "coordinates": [
          4.6881183,
          51.6511409
        ]
      },
      "id": "node/1249168761"
    },
    {
      "type": "Feature",
      "properties": {
        "@id": "node/1250069664",
        "highway": "motorway_junction",
        "name": "Siddeburen"
      },
      "geometry": {
        "type": "Point",
        "coordinates": [
          6.8764005,
          53.2458315
        ]
      },
      "id": "node/1250069664"
    },
    {
      "type": "Feature",
      "properties": {
        "@id": "node/1273723446",
        "highway": "motorway_junction",
        "name": "Amsterdam-Hemhavens",
        "ref": "1"
      },
      "geometry": {
        "type": "Point",
        "coordinates": [
          4.8498554,
          52.4008608
        ]
      },
      "id": "node/1273723446"
    },
    {
      "type": "Feature",
      "properties": {
        "@id": "node/1279867972",
        "highway": "motorway_junction",
        "name": "Knooppunt Gorinchem",
        "wikidata": "Q2504470",
        "wikipedia": "nl:Knooppunt Gorinchem"
      },
      "geometry": {
        "type": "Point",
        "coordinates": [
          4.9341431,
          51.8405744
        ]
      },
      "id": "node/1279867972"
    },
    {
      "type": "Feature",
      "properties": {
        "@id": "node/1294616762",
        "highway": "motorway_junction",
        "name": "Voorburg",
        "ref": "4"
      },
      "geometry": {
        "type": "Point",
        "coordinates": [
          4.3599962,
          52.0667988
        ]
      },
      "id": "node/1294616762"
    },
    {
      "type": "Feature",
      "properties": {
        "@id": "node/1296431770",
        "highway": "motorway_junction",
        "name": "Asenray"
      },
      "geometry": {
        "type": "Point",
        "coordinates": [
          6.0651922,
          51.199755
        ]
      },
      "id": "node/1296431770"
    },
    {
      "type": "Feature",
      "properties": {
        "@id": "node/1297819424",
        "highway": "motorway_junction",
        "name": "Veghel",
        "ref": "11",
        "wikidata": "Q96640685"
      },
      "geometry": {
        "type": "Point",
        "coordinates": [
          5.5031741,
          51.6231422
        ]
      },
      "id": "node/1297819424"
    },
    {
      "type": "Feature",
      "properties": {
        "@id": "node/1298610144",
        "highway": "motorway_junction",
        "name": "Knooppunt Holsloot"
      },
      "geometry": {
        "type": "Point",
        "coordinates": [
          6.7832224,
          52.7244731
        ]
      },
      "id": "node/1298610144"
    },
    {
      "type": "Feature",
      "properties": {
        "@id": "node/1302749201",
        "highway": "motorway_junction",
        "name": "Knooppunt Julianaplein",
        "wikidata": "Q2650314",
        "wikipedia": "nl:Knooppunt Julianaplein"
      },
      "geometry": {
        "type": "Point",
        "coordinates": [
          6.5642042,
          53.199145
        ]
      },
      "id": "node/1302749201"
    },
    {
      "type": "Feature",
      "properties": {
        "@id": "node/1311152413",
        "highway": "motorway_junction",
        "name": "Rotterdam-Crooswijk",
        "ref": "15"
      },
      "geometry": {
        "type": "Point",
        "coordinates": [
          4.4808261,
          51.9416409
        ]
      },
      "id": "node/1311152413"
    },
    {
      "type": "Feature",
      "properties": {
        "@id": "node/1325406353",
        "highway": "motorway_junction",
        "name": "Knooppunt Euvelgunne"
      },
      "geometry": {
        "type": "Point",
        "coordinates": [
          6.6167468,
          53.2191077
        ]
      },
      "id": "node/1325406353"
    },
    {
      "type": "Feature",
      "properties": {
        "@id": "node/1326478577",
        "highway": "motorway_junction",
        "name": "Harderwijk",
        "ref": "13",
        "source": "AND"
      },
      "geometry": {
        "type": "Point",
        "coordinates": [
          5.6500925,
          52.339628
        ]
      },
      "id": "node/1326478577"
    },
    {
      "type": "Feature",
      "properties": {
        "@id": "node/1329621405",
        "highway": "motorway_junction",
        "name": "Zuidwolde"
      },
      "geometry": {
        "type": "Point",
        "coordinates": [
          6.443049,
          52.6688065
        ]
      },
      "id": "node/1329621405"
    },
    {
      "type": "Feature",
      "properties": {
        "@id": "node/1340974897",
        "highway": "motorway_junction",
        "name": "Knooppunt Coenplein"
      },
      "geometry": {
        "type": "Point",
        "coordinates": [
          4.8713666,
          52.4204419
        ]
      },
      "id": "node/1340974897"
    },
    {
      "type": "Feature",
      "properties": {
        "@id": "node/1352714332",
        "highway": "motorway_junction",
        "name": "Rotterdam-Schiebroek",
        "ref": "14",
        "source": "AND",
        "wikidata": "Q97012386"
      },
      "geometry": {
        "type": "Point",
        "coordinates": [
          4.4654105,
          51.9398275
        ]
      },
      "id": "node/1352714332"
    },
    {
      "type": "Feature",
      "properties": {
        "@id": "node/1366985658",
        "highway": "motorway_junction",
        "name": "Schiedam-Noord",
        "ref": "10"
      },
      "geometry": {
        "type": "Point",
        "coordinates": [
          4.3711504,
          51.9252218
        ]
      },
      "id": "node/1366985658"
    },
    {
      "type": "Feature",
      "properties": {
        "@id": "node/1367173739",
        "highway": "motorway_junction",
        "name": "Knooppunt Benelux"
      },
      "geometry": {
        "type": "Point",
        "coordinates": [
          4.361838,
          51.8759363
        ]
      },
      "id": "node/1367173739"
    },
    {
      "type": "Feature",
      "properties": {
        "@id": "node/1367180091",
        "highway": "motorway_junction",
        "name": "Hoogvliet",
        "ref": "17",
        "source": "AND"
      },
      "geometry": {
        "type": "Point",
        "coordinates": [
          4.3808478,
          51.8748043
        ]
      },
      "id": "node/1367180091"
    },
    {
      "type": "Feature",
      "properties": {
        "@id": "node/1367194774",
        "highway": "motorway_junction",
        "name": "Knooppunt Benelux"
      },
      "geometry": {
        "type": "Point",
        "coordinates": [
          4.3993118,
          51.8741454
        ]
      },
      "id": "node/1367194774"
    },
    {
      "type": "Feature",
      "properties": {
        "@id": "node/1367852998",
        "highway": "motorway_junction",
        "name": "Rotterdam-Charlois",
        "ref": "19"
      },
      "geometry": {
        "type": "Point",
        "coordinates": [
          4.454342,
          51.8648099
        ]
      },
      "id": "node/1367852998"
    },
    {
      "type": "Feature",
      "properties": {
        "@id": "node/1374471444",
        "highway": "motorway_junction",
        "name": "Warmenhuizen"
      },
      "geometry": {
        "type": "Point",
        "coordinates": [
          4.7133396,
          52.7087063
        ]
      },
      "id": "node/1374471444"
    },
    {
      "type": "Feature",
      "properties": {
        "@id": "node/1379848238",
        "highway": "motorway_junction",
        "name": "Schagerbrug"
      },
      "geometry": {
        "type": "Point",
        "coordinates": [
          4.7354517,
          52.8122723
        ]
      },
      "id": "node/1379848238"
    },
    {
      "type": "Feature",
      "properties": {
        "@id": "node/1380975564",
        "highway": "motorway_junction",
        "name": "Steenbergen",
        "ref": "25",
        "wikidata": "Q96278392"
      },
      "geometry": {
        "type": "Point",
        "coordinates": [
          4.2907576,
          51.5857926
        ]
      },
      "id": "node/1380975564"
    },
    {
      "type": "Feature",
      "properties": {
        "@id": "node/1380975571",
        "highway": "motorway_junction",
        "name": "Steenbergen",
        "ref": "25",
        "wikidata": "Q96278392"
      },
      "geometry": {
        "type": "Point",
        "coordinates": [
          4.2980433,
          51.5930325
        ]
      },
      "id": "node/1380975571"
    },
    {
      "type": "Feature",
      "properties": {
        "@id": "node/1380989313",
        "highway": "motorway_junction",
        "name": "Dinteloord",
        "ref": "24",
        "wikidata": "Q96277219"
      },
      "geometry": {
        "type": "Point",
        "coordinates": [
          4.3810104,
          51.6232008
        ]
      },
      "id": "node/1380989313"
    },
    {
      "type": "Feature",
      "properties": {
        "@id": "node/1394051002",
        "highway": "motorway_junction",
        "name": "Alphen aan den Rijn-Oost",
        "ref": "10"
      },
      "geometry": {
        "type": "Point",
        "coordinates": [
          4.682343,
          52.1116636
        ]
      },
      "id": "node/1394051002"
    },
    {
      "type": "Feature",
      "properties": {
        "@id": "node/1402598684",
        "highway": "motorway_junction",
        "name": "Delft",
        "ref": "9",
        "source": "AND"
      },
      "geometry": {
        "type": "Point",
        "coordinates": [
          4.3738265,
          52.0147446
        ]
      },
      "id": "node/1402598684"
    },
    {
      "type": "Feature",
      "properties": {
        "@id": "node/1402598685",
        "highway": "motorway_junction",
        "name": "Delft-Noord",
        "ref": "8",
        "source": "AND"
      },
      "geometry": {
        "type": "Point",
        "coordinates": [
          4.3638942,
          52.0235564
        ]
      },
      "id": "node/1402598685"
    },
    {
      "type": "Feature",
      "properties": {
        "@id": "node/1402598687",
        "highway": "motorway_junction",
        "name": "Delft-Noord",
        "ref": "8",
        "source": "AND"
      },
      "geometry": {
        "type": "Point",
        "coordinates": [
          4.3568186,
          52.0293461
        ]
      },
      "id": "node/1402598687"
    },
    {
      "type": "Feature",
      "properties": {
        "@id": "node/1402667953",
        "highway": "motorway_junction",
        "name": "Delft-Zuid",
        "ref": "10",
        "source": "AND"
      },
      "geometry": {
        "type": "Point",
        "coordinates": [
          4.3911776,
          51.9916356
        ]
      },
      "id": "node/1402667953"
    },
    {
      "type": "Feature",
      "properties": {
        "@id": "node/1402668036",
        "highway": "motorway_junction",
        "name": "TU Delft"
      },
      "geometry": {
        "type": "Point",
        "coordinates": [
          4.3867009,
          51.9963156
        ]
      },
      "id": "node/1402668036"
    },
    {
      "type": "Feature",
      "properties": {
        "@id": "node/1402734927",
        "highway": "motorway_junction",
        "name": "Schieweg"
      },
      "geometry": {
        "type": "Point",
        "coordinates": [
          4.3646557,
          51.990418
        ]
      },
      "id": "node/1402734927"
    },
    {
      "type": "Feature",
      "properties": {
        "@id": "node/1402734973",
        "highway": "motorway_junction",
        "name": "Schieweg"
      },
      "geometry": {
        "type": "Point",
        "coordinates": [
          4.3709181,
          51.9920359
        ]
      },
      "id": "node/1402734973"
    },
    {
      "type": "Feature",
      "properties": {
        "@id": "node/1402734990",
        "highway": "motorway_junction",
        "name": "TU Delft"
      },
      "geometry": {
        "type": "Point",
        "coordinates": [
          4.3793318,
          51.9939813
        ]
      },
      "id": "node/1402734990"
    },
    {
      "type": "Feature",
      "properties": {
        "@id": "node/1403932100",
        "highway": "motorway_junction",
        "name": "Knooppunt Terbregseplein",
        "wikidata": "Q5817040",
        "wikipedia": "nl:Knooppunt Terbregseplein"
      },
      "geometry": {
        "type": "Point",
        "coordinates": [
          4.5408751,
          51.952405
        ]
      },
      "id": "node/1403932100"
    },
    {
      "type": "Feature",
      "properties": {
        "@id": "node/1404792422",
        "highway": "motorway_junction",
        "name": "Knooppunt Het Vonderen"
      },
      "geometry": {
        "type": "Point",
        "coordinates": [
          5.8831135,
          51.1225768
        ]
      },
      "id": "node/1404792422"
    },
    {
      "type": "Feature",
      "properties": {
        "@id": "node/1406908522",
        "highway": "motorway_junction",
        "name": "Venlo-Zuid",
        "name:de": "Venlo-Süd",
        "ref": "16",
        "source": "AND"
      },
      "geometry": {
        "type": "Point",
        "coordinates": [
          6.1469237,
          51.355222
        ]
      },
      "id": "node/1406908522"
    },
    {
      "type": "Feature",
      "properties": {
        "@id": "node/1408909606",
        "highway": "motorway_junction",
        "name": "Beesel",
        "ref": "18"
      },
      "geometry": {
        "type": "Point",
        "coordinates": [
          6.0609467,
          51.2586702
        ]
      },
      "id": "node/1408909606"
    },
    {
      "type": "Feature",
      "properties": {
        "@id": "node/1408909611",
        "highway": "motorway_junction",
        "name": "Beesel",
        "ref": "18"
      },
      "geometry": {
        "type": "Point",
        "coordinates": [
          6.0767229,
          51.2663441
        ]
      },
      "id": "node/1408909611"
    },
    {
      "type": "Feature",
      "properties": {
        "@id": "node/1408909618",
        "highway": "motorway_junction",
        "name": "Belfeld",
        "ref": "17"
      },
      "geometry": {
        "type": "Point",
        "coordinates": [
          6.1307297,
          51.3121896
        ]
      },
      "id": "node/1408909618"
    },
    {
      "type": "Feature",
      "properties": {
        "@id": "node/1408909629",
        "highway": "motorway_junction",
        "name": "Belfeld",
        "ref": "17"
      },
      "geometry": {
        "type": "Point",
        "coordinates": [
          6.1361223,
          51.318178
        ]
      },
      "id": "node/1408909629"
    },
    {
      "type": "Feature",
      "properties": {
        "@id": "node/1408909633",
        "highway": "motorway_junction",
        "name": "Roermond",
        "ref": "19"
      },
      "geometry": {
        "type": "Point",
        "coordinates": [
          6.0280111,
          51.202717
        ]
      },
      "id": "node/1408909633"
    },
    {
      "type": "Feature",
      "properties": {
        "@id": "node/1408909637",
        "highway": "motorway_junction",
        "name": "Roermond",
        "ref": "19"
      },
      "geometry": {
        "type": "Point",
        "coordinates": [
          6.020075,
          51.2125494
        ]
      },
      "id": "node/1408909637"
    },
    {
      "type": "Feature",
      "properties": {
        "@id": "node/1408909640",
        "highway": "motorway_junction",
        "name": "Roermond-Oost",
        "ref": "20"
      },
      "geometry": {
        "type": "Point",
        "coordinates": [
          6.0192514,
          51.1818766
        ]
      },
      "id": "node/1408909640"
    },
    {
      "type": "Feature",
      "properties": {
        "@id": "node/1408909654",
        "highway": "motorway_junction",
        "name": "Roermond-Oost",
        "ref": "20"
      },
      "geometry": {
        "type": "Point",
        "coordinates": [
          6.0247606,
          51.1847186
        ]
      },
      "id": "node/1408909654"
    },
    {
      "type": "Feature",
      "properties": {
        "@id": "node/1408937579",
        "highway": "motorway_junction",
        "name": "Knooppunt Empel",
        "wikidata": "Q2172092",
        "wikipedia": "nl:Knooppunt Empel"
      },
      "geometry": {
        "type": "Point",
        "coordinates": [
          5.3178809,
          51.7211611
        ]
      },
      "id": "node/1408937579"
    },
    {
      "type": "Feature",
      "properties": {
        "@id": "node/1409103188",
        "highway": "motorway_junction",
        "name": "Kruisstraat",
        "ref": "50",
        "wikidata": "Q96951744"
      },
      "geometry": {
        "type": "Point",
        "coordinates": [
          5.3994273,
          51.7119632
        ]
      },
      "id": "node/1409103188"
    },
    {
      "type": "Feature",
      "properties": {
        "@id": "node/1409103190",
        "highway": "motorway_junction",
        "name": "Kruisstraat",
        "ref": "50",
        "wikidata": "Q96951744"
      },
      "geometry": {
        "type": "Point",
        "coordinates": [
          5.4103564,
          51.7137073
        ]
      },
      "id": "node/1409103190"
    },
    {
      "type": "Feature",
      "properties": {
        "@id": "node/1409103195",
        "highway": "motorway_junction",
        "name": "Nuland",
        "ref": "51",
        "wikidata": "Q96952303"
      },
      "geometry": {
        "type": "Point",
        "coordinates": [
          5.440295,
          51.7189641
        ]
      },
      "id": "node/1409103195"
    },
    {
      "type": "Feature",
      "properties": {
        "@id": "node/1409103197",
        "highway": "motorway_junction",
        "name": "Nuland",
        "ref": "51",
        "wikidata": "Q96952303"
      },
      "geometry": {
        "type": "Point",
        "coordinates": [
          5.4396126,
          51.7190945
        ]
      },
      "id": "node/1409103197"
    },
    {
      "type": "Feature",
      "properties": {
        "@id": "node/1409103201",
        "highway": "motorway_junction",
        "name": "Oss",
        "ref": "52",
        "wikidata": "Q97446223"
      },
      "geometry": {
        "type": "Point",
        "coordinates": [
          5.5104725,
          51.7372237
        ]
      },
      "id": "node/1409103201"
    },
    {
      "type": "Feature",
      "properties": {
        "@id": "node/1409103202",
        "highway": "motorway_junction",
        "name": "Oss",
        "ref": "52",
        "wikidata": "Q97446223"
      },
      "geometry": {
        "type": "Point",
        "coordinates": [
          5.5155156,
          51.738235
        ]
      },
      "id": "node/1409103202"
    },
    {
      "type": "Feature",
      "properties": {
        "@id": "node/1409103204",
        "highway": "motorway_junction",
        "name": "Oss-Oost",
        "ref": "53",
        "wikidata": "Q97446234"
      },
      "geometry": {
        "type": "Point",
        "coordinates": [
          5.5663693,
          51.7323871
        ]
      },
      "id": "node/1409103204"
    },
    {
      "type": "Feature",
      "properties": {
        "@id": "node/1409103206",
        "highway": "motorway_junction",
        "name": "Oss-Oost",
        "ref": "53",
        "wikidata": "Q97446234"
      },
      "geometry": {
        "type": "Point",
        "coordinates": [
          5.5785049,
          51.7378091
        ]
      },
      "id": "node/1409103206"
    },
    {
      "type": "Feature",
      "properties": {
        "@id": "node/1409103207",
        "highway": "motorway_junction",
        "name": "Rosmalen",
        "ref": "48",
        "wikidata": "Q96639459"
      },
      "geometry": {
        "type": "Point",
        "coordinates": [
          5.3626051,
          51.7023836
        ]
      },
      "id": "node/1409103207"
    },
    {
      "type": "Feature",
      "properties": {
        "@id": "node/1409103209",
        "highway": "motorway_junction",
        "name": "Rosmalen",
        "ref": "48",
        "wikidata": "Q96639459"
      },
      "geometry": {
        "type": "Point",
        "coordinates": [
          5.3670574,
          51.7047521
        ]
      },
      "id": "node/1409103209"
    },
    {
      "type": "Feature",
      "properties": {
        "@id": "node/1409103210",
        "highway": "motorway_junction",
        "name": "Rosmalen-Oost",
        "ref": "49",
        "wikidata": "Q96639918"
      },
      "geometry": {
        "type": "Point",
        "coordinates": [
          5.3745476,
          51.7067147
        ]
      },
      "id": "node/1409103210"
    },
    {
      "type": "Feature",
      "properties": {
        "@id": "node/1409103803",
        "highway": "motorway_junction",
        "name": "Knooppunt Paalgraven",
        "wikidata": "Q2638061",
        "wikipedia": "nl:Knooppunt Paalgraven"
      },
      "geometry": {
        "type": "Point",
        "coordinates": [
          5.5848041,
          51.7412054
        ]
      },
      "id": "node/1409103803"
    },
    {
      "type": "Feature",
      "properties": {
        "@id": "node/1409768233",
        "highway": "motorway_junction",
        "name": "Gieten",
        "ref": "34"
      },
      "geometry": {
        "type": "Point",
        "coordinates": [
          6.7540833,
          53.0114332
        ]
      },
      "id": "node/1409768233"
    },
    {
      "type": "Feature",
      "properties": {
        "@id": "node/1410566258",
        "highway": "motorway_junction",
        "name": "Knooppunt Gouwe"
      },
      "geometry": {
        "type": "Point",
        "coordinates": [
          4.6654956,
          52.0251747
        ]
      },
      "id": "node/1410566258"
    },
    {
      "type": "Feature",
      "properties": {
        "@id": "node/1411544538",
        "highway": "motorway_junction",
        "name": "Nootdorp",
        "ref": "5",
        "source": "AND"
      },
      "geometry": {
        "type": "Point",
        "coordinates": [
          4.3795515,
          52.0605762
        ]
      },
      "id": "node/1411544538"
    },
    {
      "type": "Feature",
      "properties": {
        "@id": "node/1411682496",
        "highway": "motorway_junction",
        "name": "Abcoude",
        "ref": "3",
        "wikidata": "Q96974220"
      },
      "geometry": {
        "type": "Point",
        "coordinates": [
          4.9647875,
          52.2615589
        ]
      },
      "id": "node/1411682496"
    },
    {
      "type": "Feature",
      "properties": {
        "@id": "node/1411682568",
        "highway": "motorway_junction",
        "name": "Knooppunt Holendrecht",
        "wikidata": "Q2041437",
        "wikipedia": "nl:Knooppunt Holendrecht"
      },
      "geometry": {
        "type": "Point",
        "coordinates": [
          4.9459347,
          52.2864365
        ]
      },
      "id": "node/1411682568"
    },
    {
      "type": "Feature",
      "properties": {
        "@id": "node/1413954935",
        "highway": "motorway_junction",
        "name": "Duindigt"
      },
      "geometry": {
        "type": "Point",
        "coordinates": [
          4.3431813,
          52.1128441
        ]
      },
      "id": "node/1413954935"
    },
    {
      "type": "Feature",
      "properties": {
        "@id": "node/1413955201",
        "highway": "motorway_junction",
        "name": "Sportcomplex de Roggewoning"
      },
      "geometry": {
        "type": "Point",
        "coordinates": [
          4.3472023,
          52.1121613
        ]
      },
      "id": "node/1413955201"
    },
    {
      "type": "Feature",
      "properties": {
        "@id": "node/1424430068",
        "highway": "motorway_junction",
        "name": "Hapert",
        "ref": "29",
        "wikidata": "Q96942440"
      },
      "geometry": {
        "type": "Point",
        "coordinates": [
          5.2794702,
          51.3536517
        ]
      },
      "id": "node/1424430068"
    },
    {
      "type": "Feature",
      "properties": {
        "@id": "node/1439779370",
        "highway": "motorway_junction",
        "name": "Haren",
        "ref": "38",
        "source": "AND"
      },
      "geometry": {
        "type": "Point",
        "coordinates": [
          6.5934445,
          53.1629508
        ]
      },
      "id": "node/1439779370"
    },
    {
      "type": "Feature",
      "properties": {
        "@id": "node/1439779388",
        "highway": "motorway_junction",
        "name": "Haren",
        "ref": "38",
        "source": "AND"
      },
      "geometry": {
        "type": "Point",
        "coordinates": [
          6.5905233,
          53.1701553
        ]
      },
      "id": "node/1439779388"
    },
    {
      "type": "Feature",
      "properties": {
        "@id": "node/1445084260",
        "highway": "motorway_junction",
        "name": "Knooppunt Princeville",
        "wikidata": "Q2701434",
        "wikipedia": "nl:Knooppunt Princeville"
      },
      "geometry": {
        "type": "Point",
        "coordinates": [
          4.7233375,
          51.5876272
        ]
      },
      "id": "node/1445084260"
    },
    {
      "type": "Feature",
      "properties": {
        "@id": "node/1461252442",
        "highway": "motorway_junction",
        "name": "Groningen-Corpus",
        "ref": "36a"
      },
      "geometry": {
        "type": "Point",
        "coordinates": [
          6.5425543,
          53.197077
        ]
      },
      "id": "node/1461252442"
    },
    {
      "type": "Feature",
      "properties": {
        "@id": "node/1467518171",
        "highway": "motorway_junction",
        "name": "Almelo-Zuid",
        "ref": "30"
      },
      "geometry": {
        "type": "Point",
        "coordinates": [
          6.6461712,
          52.3239891
        ]
      },
      "id": "node/1467518171"
    },
    {
      "type": "Feature",
      "properties": {
        "@id": "node/1480173721",
        "highway": "motorway_junction",
        "name": "Badhoevedorp",
        "ref": "7"
      },
      "geometry": {
        "type": "Point",
        "coordinates": [
          4.7573774,
          52.3381787
        ]
      },
      "id": "node/1480173721"
    },
    {
      "type": "Feature",
      "properties": {
        "@id": "node/1480173734",
        "highway": "motorway_junction",
        "name": "Badhoevedorp",
        "ref": "7"
      },
      "geometry": {
        "type": "Point",
        "coordinates": [
          4.7560261,
          52.3418918
        ]
      },
      "id": "node/1480173734"
    },
    {
      "type": "Feature",
      "properties": {
        "@id": "node/1501423145",
        "highway": "motorway_junction",
        "name": "Knooppunt Rozenburg",
        "wikidata": "Q125464586",
        "wikipedia": "nl:Knooppunt Rozenburg"
      },
      "geometry": {
        "type": "Point",
        "coordinates": [
          4.2644954,
          51.8986168
        ]
      },
      "id": "node/1501423145"
    },
    {
      "type": "Feature",
      "properties": {
        "@id": "node/1501881328",
        "highway": "motorway_junction",
        "name": "Swifterbant"
      },
      "geometry": {
        "type": "Point",
        "coordinates": [
          5.6355786,
          52.5498127
        ]
      },
      "id": "node/1501881328"
    },
    {
      "type": "Feature",
      "properties": {
        "@id": "node/1501881340",
        "highway": "motorway_junction",
        "name": "Swifterbant"
      },
      "geometry": {
        "type": "Point",
        "coordinates": [
          5.6242229,
          52.5499146
        ]
      },
      "id": "node/1501881340"
    },
    {
      "type": "Feature",
      "properties": {
        "@id": "node/1505104976",
        "highway": "motorway_junction",
        "name": "Haarlem-Centrum"
      },
      "geometry": {
        "type": "Point",
        "coordinates": [
          4.6801428,
          52.3831571
        ]
      },
      "id": "node/1505104976"
    },
    {
      "type": "Feature",
      "properties": {
        "@id": "node/1514606955",
        "highway": "motorway_junction",
        "name": "Flevoweg"
      },
      "geometry": {
        "type": "Point",
        "coordinates": [
          5.6299567,
          52.3548623
        ]
      },
      "id": "node/1514606955"
    },
    {
      "type": "Feature",
      "properties": {
        "@id": "node/1518315011",
        "highway": "motorway_junction",
        "name": "Utrecht-Langerak",
        "ref": "8",
        "wikidata": "Q96976825"
      },
      "geometry": {
        "type": "Point",
        "coordinates": [
          5.0753935,
          52.0830363
        ]
      },
      "id": "node/1518315011"
    },
    {
      "type": "Feature",
      "properties": {
        "@id": "node/1519640017",
        "highway": "motorway_junction",
        "name": "Knooppunt Badhoevedorp"
      },
      "geometry": {
        "type": "Point",
        "coordinates": [
          4.8037073,
          52.3238399
        ]
      },
      "id": "node/1519640017"
    },
    {
      "type": "Feature",
      "properties": {
        "@id": "node/1519818840",
        "highway": "motorway_junction",
        "name": "Heerenveen",
        "ref": "11"
      },
      "geometry": {
        "type": "Point",
        "coordinates": [
          5.9398647,
          52.9566546
        ]
      },
      "id": "node/1519818840"
    },
    {
      "type": "Feature",
      "properties": {
        "@id": "node/1519818847",
        "highway": "motorway_junction",
        "name": "Heerenveen-Centrum",
        "ref": "12"
      },
      "geometry": {
        "type": "Point",
        "coordinates": [
          5.9367273,
          52.9618708
        ]
      },
      "id": "node/1519818847"
    },
    {
      "type": "Feature",
      "properties": {
        "@id": "node/1519953599",
        "highway": "motorway_junction",
        "name": "Ens",
        "ref": "33"
      },
      "geometry": {
        "type": "Point",
        "coordinates": [
          5.813641,
          52.6416419
        ]
      },
      "id": "node/1519953599"
    },
    {
      "type": "Feature",
      "properties": {
        "@id": "node/1524911491",
        "highway": "motorway_junction",
        "name": "Nieuwstadt",
        "noref": "yes"
      },
      "geometry": {
        "type": "Point",
        "coordinates": [
          5.8478861,
          51.0304155
        ]
      },
      "id": "node/1524911491"
    },
    {
      "type": "Feature",
      "properties": {
        "@id": "node/1524911658",
        "highway": "motorway_junction",
        "name": "Sittard",
        "noref": "yes"
      },
      "geometry": {
        "type": "Point",
        "coordinates": [
          5.8566259,
          51.0281488
        ]
      },
      "id": "node/1524911658"
    },
    {
      "type": "Feature",
      "properties": {
        "@id": "node/1525015190",
        "highway": "motorway_junction",
        "name": "Amsterdam-Centrum",
        "ref": "12"
      },
      "geometry": {
        "type": "Point",
        "coordinates": [
          4.9377136,
          52.3353857
        ]
      },
      "id": "node/1525015190"
    },
    {
      "type": "Feature",
      "properties": {
        "@id": "node/1527525102",
        "highway": "motorway_junction",
        "name": "Duivendrecht-Oost"
      },
      "geometry": {
        "type": "Point",
        "coordinates": [
          4.9512663,
          52.3303704
        ]
      },
      "id": "node/1527525102"
    },
    {
      "type": "Feature",
      "properties": {
        "@id": "node/1527525106",
        "highway": "motorway_junction",
        "name": "Duivendrecht-Oost"
      },
      "geometry": {
        "type": "Point",
        "coordinates": [
          4.9502382,
          52.3312595
        ]
      },
      "id": "node/1527525106"
    },
    {
      "type": "Feature",
      "properties": {
        "@id": "node/1527525127",
        "highway": "motorway_junction",
        "name": "Bijlmermeer-H-buurt"
      },
      "geometry": {
        "type": "Point",
        "coordinates": [
          4.9659686,
          52.3138867
        ]
      },
      "id": "node/1527525127"
    },
    {
      "type": "Feature",
      "properties": {
        "@id": "node/1527525131",
        "highway": "motorway_junction",
        "name": "Venserpolder",
        "source": "AND"
      },
      "geometry": {
        "type": "Point",
        "coordinates": [
          4.9565963,
          52.3242868
        ]
      },
      "id": "node/1527525131"
    },
    {
      "type": "Feature",
      "properties": {
        "@id": "node/1527945463",
        "highway": "motorway_junction",
        "name": "Amstel Business Park",
        "source": "AND"
      },
      "geometry": {
        "type": "Point",
        "coordinates": [
          4.912455,
          52.3342769
        ]
      },
      "id": "node/1527945463"
    },
    {
      "type": "Feature",
      "properties": {
        "@id": "node/1527945464",
        "highway": "motorway_junction",
        "name": "Amstel Business Park",
        "source": "AND"
      },
      "geometry": {
        "type": "Point",
        "coordinates": [
          4.9109411,
          52.3373247
        ]
      },
      "id": "node/1527945464"
    },
    {
      "type": "Feature",
      "properties": {
        "@id": "node/1527945465",
        "highway": "motorway_junction",
        "name": "Knooppunt Amstel",
        "noref": "yes"
      },
      "geometry": {
        "type": "Point",
        "coordinates": [
          4.9161357,
          52.3197415
        ]
      },
      "id": "node/1527945465"
    },
    {
      "type": "Feature",
      "properties": {
        "@id": "node/1530182251",
        "highway": "motorway_junction",
        "name": "Nootdorp",
        "ref": "5",
        "source": "AND"
      },
      "geometry": {
        "type": "Point",
        "coordinates": [
          4.4074628,
          52.053104
        ]
      },
      "id": "node/1530182251"
    },
    {
      "type": "Feature",
      "properties": {
        "@id": "node/1530411927",
        "highway": "motorway_junction",
        "name": "Helmond",
        "old_name": "Knooppunt Ekkersrijt",
        "ref": "7",
        "wikidata": "Q4293577",
        "wikimedia_commons": "Category:Aansluiting Helmond",
        "wikipedia": "nl:Knooppunt Ekkersrijt"
      },
      "geometry": {
        "type": "Point",
        "coordinates": [
          5.466973,
          51.4959879
        ]
      },
      "id": "node/1530411927"
    },
    {
      "type": "Feature",
      "properties": {
        "@id": "node/1530411938",
        "highway": "motorway_junction",
        "name": "Ekkersrijt",
        "ref": "6+7",
        "wikidata": "Q96942517"
      },
      "geometry": {
        "type": "Point",
        "coordinates": [
          5.4618408,
          51.4956146
        ]
      },
      "id": "node/1530411938"
    },
    {
      "type": "Feature",
      "properties": {
        "@id": "node/1530411939",
        "highway": "motorway_junction",
        "name": "Helmond",
        "ref": "6+7",
        "wikidata": "Q4293577",
        "wikimedia_commons": "Category:Aansluiting Helmond",
        "wikipedia": "nl:Knooppunt Ekkersrijt"
      },
      "geometry": {
        "type": "Point",
        "coordinates": [
          5.4573327,
          51.4956671
        ]
      },
      "id": "node/1530411939"
    },
    {
      "type": "Feature",
      "properties": {
        "@id": "node/1530412134",
        "highway": "motorway_junction",
        "name": "Ekkersrijt",
        "ref": "6"
      },
      "geometry": {
        "type": "Point",
        "coordinates": [
          5.4740986,
          51.499691
        ]
      },
      "id": "node/1530412134"
    },
    {
      "type": "Feature",
      "properties": {
        "@id": "node/1530414855",
        "highway": "motorway_junction",
        "name": "Strijp",
        "note": "Afritnummer 30 staat ook bij deze afrit op de bewegwijzering. Het is dus niet alleen het afritnummer van Eindhoven-Centrum op de N2.",
        "ref": "30"
      },
      "geometry": {
        "type": "Point",
        "coordinates": [
          5.4391541,
          51.4454082
        ]
      },
      "id": "node/1530414855"
    },
    {
      "type": "Feature",
      "properties": {
        "@id": "node/1531921751",
        "highway": "motorway_junction",
        "name": "Knooppunt De Nieuwe Meer",
        "wikidata": "Q2179633",
        "wikimedia_commons": "Category:Knooppunt De Nieuwe Meer",
        "wikipedia": "nl:Knooppunt De Nieuwe Meer"
      },
      "geometry": {
        "type": "Point",
        "coordinates": [
          4.8323859,
          52.3382085
        ]
      },
      "id": "node/1531921751"
    },
    {
      "type": "Feature",
      "properties": {
        "@id": "node/1540774215",
        "highway": "motorway_junction",
        "name": "Tilburg-Noord",
        "source": "AND"
      },
      "geometry": {
        "type": "Point",
        "coordinates": [
          5.0712418,
          51.5948179
        ]
      },
      "id": "node/1540774215"
    },
    {
      "type": "Feature",
      "properties": {
        "@id": "node/1540774217",
        "highway": "motorway_junction",
        "name": "Tilburg-Noord",
        "source": "AND"
      },
      "geometry": {
        "type": "Point",
        "coordinates": [
          5.0716145,
          51.6013842
        ]
      },
      "id": "node/1540774217"
    },
    {
      "type": "Feature",
      "properties": {
        "@id": "node/1540813515",
        "highway": "motorway_junction",
        "name": "Bergen op Zoom-Noord",
        "ref": "27",
        "wikidata": "Q97355514"
      },
      "geometry": {
        "type": "Point",
        "coordinates": [
          4.309153,
          51.513044
        ]
      },
      "id": "node/1540813515"
    },
    {
      "type": "Feature",
      "properties": {
        "@id": "node/1540813533",
        "highway": "motorway_junction",
        "name": "Bergen op Zoom",
        "ref": "28",
        "wikidata": "Q97354741"
      },
      "geometry": {
        "type": "Point",
        "coordinates": [
          4.3166917,
          51.4875578
        ]
      },
      "id": "node/1540813533"
    },
    {
      "type": "Feature",
      "properties": {
        "@id": "node/1540813563",
        "highway": "motorway_junction",
        "name": "Bergen op Zoom",
        "ref": "28",
        "wikidata": "Q97354741"
      },
      "geometry": {
        "type": "Point",
        "coordinates": [
          4.3166479,
          51.4900363
        ]
      },
      "id": "node/1540813563"
    },
    {
      "type": "Feature",
      "properties": {
        "@id": "node/1542050719",
        "highway": "motorway_junction",
        "name": "Amsterdam-Westpoort",
        "ref": "3"
      },
      "geometry": {
        "type": "Point",
        "coordinates": [
          4.8020827,
          52.3934209
        ]
      },
      "id": "node/1542050719"
    },
    {
      "type": "Feature",
      "properties": {
        "@id": "node/1548113429",
        "highway": "motorway_junction",
        "name": "De Meern",
        "ref": "15",
        "source": "AND"
      },
      "geometry": {
        "type": "Point",
        "coordinates": [
          5.0228816,
          52.0737879
        ]
      },
      "id": "node/1548113429"
    },
    {
      "type": "Feature",
      "properties": {
        "@id": "node/1550979134",
        "highway": "motorway_junction",
        "name": "Emmen-Oost",
        "ref": "6"
      },
      "geometry": {
        "type": "Point",
        "coordinates": [
          6.9670398,
          52.7349293
        ]
      },
      "id": "node/1550979134"
    },
    {
      "type": "Feature",
      "properties": {
        "@id": "node/1550979142",
        "highway": "motorway_junction",
        "name": "Emmen-Oost",
        "ref": "6"
      },
      "geometry": {
        "type": "Point",
        "coordinates": [
          6.9826289,
          52.7351005
        ]
      },
      "id": "node/1550979142"
    },
    {
      "type": "Feature",
      "properties": {
        "@id": "node/1550979145",
        "highway": "motorway_junction",
        "name": "Emmen-Zuid",
        "ref": "5"
      },
      "geometry": {
        "type": "Point",
        "coordinates": [
          6.8839661,
          52.7225544
        ]
      },
      "id": "node/1550979145"
    },
    {
      "type": "Feature",
      "properties": {
        "@id": "node/1550979147",
        "highway": "motorway_junction",
        "name": "Veenoord",
        "ref": "4"
      },
      "geometry": {
        "type": "Point",
        "coordinates": [
          6.8413317,
          52.7259449
        ]
      },
      "id": "node/1550979147"
    },
    {
      "type": "Feature",
      "properties": {
        "@id": "node/1550979156",
        "highway": "motorway_junction",
        "name": "Westerbroek",
        "ref": "39"
      },
      "geometry": {
        "type": "Point",
        "coordinates": [
          6.6345044,
          53.2029811
        ]
      },
      "id": "node/1550979156"
    },
    {
      "type": "Feature",
      "properties": {
        "@id": "node/1550979249",
        "highway": "motorway_junction",
        "name": "Knooppunt Holsloot"
      },
      "geometry": {
        "type": "Point",
        "coordinates": [
          6.7992952,
          52.7256052
        ]
      },
      "id": "node/1550979249"
    },
    {
      "type": "Feature",
      "properties": {
        "@id": "node/1551035641",
        "TMC:cid_58:tabcd_1:Class": "Point",
        "TMC:cid_58:tabcd_1:Direction": "negative",
        "TMC:cid_58:tabcd_1:LCLversion": "9.00",
        "TMC:cid_58:tabcd_1:LocationCode": "55926",
        "TMC:cid_58:tabcd_1:NextLocationCode": "55927",
        "description": "Bundesgrenze (Niederlande)",
        "highway": "motorway_junction",
        "name": "Grenzübergang Elmpt",
        "ref": "1"
      },
      "geometry": {
        "type": "Point",
        "coordinates": [
          6.0709708,
          51.2005922
        ]
      },
      "id": "node/1551035641"
    },
    {
      "type": "Feature",
      "properties": {
        "@id": "node/1551043739",
        "highway": "motorway_junction",
        "name": "Beverwijk",
        "ref": "2"
      },
      "geometry": {
        "type": "Point",
        "coordinates": [
          4.6561152,
          52.4765014
        ]
      },
      "id": "node/1551043739"
    },
    {
      "type": "Feature",
      "properties": {
        "@id": "node/1551043751",
        "highway": "motorway_junction",
        "name": "Beverwijk-Oost",
        "ref": "2b"
      },
      "geometry": {
        "type": "Point",
        "coordinates": [
          4.6520487,
          52.4713312
        ]
      },
      "id": "node/1551043751"
    },
    {
      "type": "Feature",
      "properties": {
        "@id": "node/1551104547",
        "highway": "motorway_junction",
        "name": "Westerbroek",
        "ref": "39"
      },
      "geometry": {
        "type": "Point",
        "coordinates": [
          6.6306295,
          53.2053949
        ]
      },
      "id": "node/1551104547"
    },
    {
      "type": "Feature",
      "properties": {
        "@id": "node/1551855394",
        "highway": "motorway_junction",
        "name": "Breezanddijk",
        "name:fy": "Breesândyk",
        "name:nl": "Breezanddijk"
      },
      "geometry": {
        "type": "Point",
        "coordinates": [
          5.212375,
          53.0232649
        ]
      },
      "id": "node/1551855394"
    },
    {
      "type": "Feature",
      "properties": {
        "@id": "node/1551855402",
        "highway": "motorway_junction",
        "name": "Kornwerderzand",
        "ref": "14a",
        "source": "AND"
      },
      "geometry": {
        "type": "Point",
        "coordinates": [
          5.3381142,
          53.0741905
        ]
      },
      "id": "node/1551855402"
    },
    {
      "type": "Feature",
      "properties": {
        "@id": "node/1552690454",
        "highway": "motorway_junction",
        "name": "Nieuwegein",
        "ref": "28"
      },
      "geometry": {
        "type": "Point",
        "coordinates": [
          5.1261109,
          52.0203533
        ]
      },
      "id": "node/1552690454"
    },
    {
      "type": "Feature",
      "properties": {
        "@id": "node/1552707965",
        "highway": "motorway_junction",
        "name": "Leusden-Zuid",
        "ref": "6"
      },
      "geometry": {
        "type": "Point",
        "coordinates": [
          5.3812876,
          52.1316024
        ]
      },
      "id": "node/1552707965"
    },
    {
      "type": "Feature",
      "properties": {
        "@id": "node/1552707966",
        "highway": "motorway_junction",
        "name": "Maarn",
        "ref": "5",
        "source": "AND"
      },
      "geometry": {
        "type": "Point",
        "coordinates": [
          5.3781383,
          52.1323597
        ]
      },
      "id": "node/1552707966"
    },
    {
      "type": "Feature",
      "properties": {
        "@id": "node/1552707968",
        "highway": "motorway_junction",
        "name": "Maarn",
        "ref": "5"
      },
      "geometry": {
        "type": "Point",
        "coordinates": [
          5.3665575,
          52.1350995
        ]
      },
      "id": "node/1552707968"
    },
    {
      "type": "Feature",
      "properties": {
        "@id": "node/1552876957",
        "highway": "motorway_junction",
        "name": "Apeldoorn-Zuid",
        "ref": "20"
      },
      "geometry": {
        "type": "Point",
        "coordinates": [
          5.9737968,
          52.1735331
        ]
      },
      "id": "node/1552876957"
    },
    {
      "type": "Feature",
      "properties": {
        "@id": "node/1552902926",
        "highway": "motorway_junction",
        "name": "Hengelo-Noord",
        "ref": "31"
      },
      "geometry": {
        "type": "Point",
        "coordinates": [
          6.8336668,
          52.2765531
        ]
      },
      "id": "node/1552902926"
    },
    {
      "type": "Feature",
      "properties": {
        "@id": "node/1553956571",
        "highway": "motorway_junction",
        "wikidata": "Q1948924"
      },
      "geometry": {
        "type": "Point",
        "coordinates": [
          7.0343798,
          52.3119331
        ]
      },
      "id": "node/1553956571"
    },
    {
      "type": "Feature",
      "properties": {
        "@id": "node/1554083220",
        "highway": "motorway_junction",
        "name": "Enschede",
        "ref": "25"
      },
      "geometry": {
        "type": "Point",
        "coordinates": [
          6.8888527,
          52.2004112
        ]
      },
      "id": "node/1554083220"
    },
    {
      "type": "Feature",
      "properties": {
        "@id": "node/1554083246",
        "highway": "motorway_junction",
        "name": "Enschede",
        "ref": "25"
      },
      "geometry": {
        "type": "Point",
        "coordinates": [
          6.8826067,
          52.2007959
        ]
      },
      "id": "node/1554083246"
    },
    {
      "type": "Feature",
      "properties": {
        "@id": "node/1554083597",
        "highway": "motorway_junction",
        "name": "Usselo"
      },
      "geometry": {
        "type": "Point",
        "coordinates": [
          6.8324353,
          52.21349
        ]
      },
      "id": "node/1554083597"
    },
    {
      "type": "Feature",
      "properties": {
        "@id": "node/1554170962",
        "highway": "motorway_junction",
        "name": "Enschede-West",
        "ref": "26"
      },
      "geometry": {
        "type": "Point",
        "coordinates": [
          6.8301954,
          52.2055691
        ]
      },
      "id": "node/1554170962"
    },
    {
      "type": "Feature",
      "properties": {
        "@id": "node/1554717506",
        "highway": "motorway_junction",
        "name": "Grootebroek"
      },
      "geometry": {
        "type": "Point",
        "coordinates": [
          5.2003324,
          52.6823518
        ]
      },
      "id": "node/1554717506"
    },
    {
      "type": "Feature",
      "properties": {
        "@id": "node/1554717572",
        "highway": "motorway_junction",
        "name": "De Wijzend"
      },
      "geometry": {
        "type": "Point",
        "coordinates": [
          5.1632256,
          52.6838215
        ]
      },
      "id": "node/1554717572"
    },
    {
      "type": "Feature",
      "properties": {
        "@id": "node/1554780099",
        "highway": "motorway_junction",
        "name": "Bolsward",
        "ref": "17"
      },
      "geometry": {
        "type": "Point",
        "coordinates": [
          5.5099845,
          53.0592774
        ]
      },
      "id": "node/1554780099"
    },
    {
      "type": "Feature",
      "properties": {
        "@id": "node/1557127282",
        "highway": "motorway_junction",
        "name": "Lucasgat"
      },
      "geometry": {
        "type": "Point",
        "coordinates": [
          5.83214,
          52.1977898
        ]
      },
      "id": "node/1557127282"
    },
    {
      "type": "Feature",
      "properties": {
        "@id": "node/1557160661",
        "highway": "motorway_junction",
        "name": "Oldenzaal-Zuid",
        "ref": "33"
      },
      "geometry": {
        "type": "Point",
        "coordinates": [
          6.9289475,
          52.2880472
        ]
      },
      "id": "node/1557160661"
    },
    {
      "type": "Feature",
      "properties": {
        "@id": "node/1557160665",
        "highway": "motorway_junction",
        "name": "Oldenzaal-Zuid",
        "ref": "33"
      },
      "geometry": {
        "type": "Point",
        "coordinates": [
          6.921862,
          52.2885273
        ]
      },
      "id": "node/1557160665"
    },
    {
      "type": "Feature",
      "properties": {
        "@id": "node/1557169543",
        "highway": "motorway_junction",
        "name": "Budel",
        "ref": "37",
        "wikidata": "Q96901985"
      },
      "geometry": {
        "type": "Point",
        "coordinates": [
          5.6246168,
          51.2991031
        ]
      },
      "id": "node/1557169543"
    },
    {
      "type": "Feature",
      "properties": {
        "@id": "node/1557208778",
        "highway": "motorway_junction",
        "name": "Urmond"
      },
      "geometry": {
        "type": "Point",
        "coordinates": [
          5.838272,
          50.9920527
        ]
      },
      "id": "node/1557208778"
    },
    {
      "type": "Feature",
      "properties": {
        "@id": "node/1557654845",
        "highway": "motorway_junction",
        "name": "Tilburg-Noord",
        "ref": "3",
        "wikidata": "Q20898155"
      },
      "geometry": {
        "type": "Point",
        "coordinates": [
          5.1360091,
          51.561687
        ]
      },
      "id": "node/1557654845"
    },
    {
      "type": "Feature",
      "properties": {
        "@id": "node/1557654852",
        "highway": "motorway_junction",
        "name": "Tilburg-Noord",
        "ref": "3",
        "wikidata": "Q20898155"
      },
      "geometry": {
        "type": "Point",
        "coordinates": [
          5.1385169,
          51.5647953
        ]
      },
      "id": "node/1557654852"
    },
    {
      "type": "Feature",
      "properties": {
        "@id": "node/1559406516",
        "highway": "motorway_junction",
        "name": "Groningen-West",
        "ref": "36"
      },
      "geometry": {
        "type": "Point",
        "coordinates": [
          6.5394712,
          53.196322
        ]
      },
      "id": "node/1559406516"
    },
    {
      "type": "Feature",
      "properties": {
        "@id": "node/1559406517",
        "highway": "motorway_junction",
        "layer": "2",
        "name": "Groningen-West",
        "ref": "36"
      },
      "geometry": {
        "type": "Point",
        "coordinates": [
          6.5568622,
          53.2017132
        ]
      },
      "id": "node/1559406517"
    },
    {
      "type": "Feature",
      "properties": {
        "@id": "node/1559406560",
        "highway": "motorway_junction",
        "layer": "2",
        "name": "Groningen-Corpus",
        "ref": "36a"
      },
      "geometry": {
        "type": "Point",
        "coordinates": [
          6.5467902,
          53.1987152
        ]
      },
      "id": "node/1559406560"
    },
    {
      "type": "Feature",
      "properties": {
        "@id": "node/1559407057",
        "highway": "motorway_junction",
        "name": "Zeeheldenbuurt",
        "ref": "18"
      },
      "geometry": {
        "type": "Point",
        "coordinates": [
          6.5491592,
          53.2080422
        ]
      },
      "id": "node/1559407057"
    },
    {
      "type": "Feature",
      "properties": {
        "@id": "node/1559407845",
        "highway": "motorway_junction"
      },
      "geometry": {
        "type": "Point",
        "coordinates": [
          6.5231098,
          53.2350114
        ]
      },
      "id": "node/1559407845"
    },
    {
      "type": "Feature",
      "properties": {
        "@id": "node/1559513943",
        "highway": "motorway_junction",
        "name": "Alkmaar"
      },
      "geometry": {
        "type": "Point",
        "coordinates": [
          4.7783153,
          52.6237725
        ]
      },
      "id": "node/1559513943"
    },
    {
      "type": "Feature",
      "properties": {
        "@id": "node/1560654775",
        "highway": "motorway_junction",
        "name": "Kats"
      },
      "geometry": {
        "type": "Point",
        "coordinates": [
          3.850685,
          51.5715302
        ]
      },
      "id": "node/1560654775"
    },
    {
      "type": "Feature",
      "properties": {
        "@id": "node/1560677458",
        "highway": "motorway_junction",
        "name": "Utrecht-Centrum-West",
        "source": "AND"
      },
      "geometry": {
        "type": "Point",
        "coordinates": [
          5.1404728,
          52.0759735
        ]
      },
      "id": "node/1560677458"
    },
    {
      "type": "Feature",
      "properties": {
        "@id": "node/1560677463",
        "highway": "motorway_junction",
        "name": "Utrecht-Centrum-West",
        "source": "AND"
      },
      "geometry": {
        "type": "Point",
        "coordinates": [
          5.1458103,
          52.0833023
        ]
      },
      "id": "node/1560677463"
    },
    {
      "type": "Feature",
      "properties": {
        "@id": "node/1560813510",
        "highway": "motorway_junction",
        "name": "Asenray"
      },
      "geometry": {
        "type": "Point",
        "coordinates": [
          6.0638652,
          51.1996162
        ]
      },
      "id": "node/1560813510"
    },
    {
      "type": "Feature",
      "properties": {
        "@id": "node/1561060680",
        "highway": "motorway_junction",
        "name": "Borger"
      },
      "geometry": {
        "type": "Point",
        "coordinates": [
          6.783881,
          52.9262742
        ]
      },
      "id": "node/1561060680"
    },
    {
      "type": "Feature",
      "properties": {
        "@id": "node/1561458277",
        "highway": "motorway_junction",
        "name": "Sneek-West",
        "ref": "20",
        "wikidata": "Q97442994"
      },
      "geometry": {
        "type": "Point",
        "coordinates": [
          5.6240977,
          53.0308504
        ]
      },
      "id": "node/1561458277"
    },
    {
      "type": "Feature",
      "properties": {
        "@id": "node/1561458305",
        "highway": "motorway_junction",
        "name": "Sneek-West",
        "ref": "20",
        "wikidata": "Q97442994"
      },
      "geometry": {
        "type": "Point",
        "coordinates": [
          5.6201303,
          53.0358701
        ]
      },
      "id": "node/1561458305"
    },
    {
      "type": "Feature",
      "properties": {
        "@id": "node/1564903272",
        "highway": "motorway_junction",
        "name": "Wijchen",
        "ref": "1a"
      },
      "geometry": {
        "type": "Point",
        "coordinates": [
          5.7758312,
          51.8201867
        ]
      },
      "id": "node/1564903272"
    },
    {
      "type": "Feature",
      "properties": {
        "@id": "node/1605859774",
        "highway": "motorway_junction",
        "name": "Hatenboer"
      },
      "geometry": {
        "type": "Point",
        "coordinates": [
          5.9745858,
          51.1996659
        ]
      },
      "id": "node/1605859774"
    },
    {
      "type": "Feature",
      "properties": {
        "@id": "node/1609533956",
        "highway": "motorway_junction",
        "name": "Bad Nieuweschans",
        "name:de": "Bad Neuschanz",
        "name:nl": "Bad Nieuweschans",
        "ref": "49",
        "source": "AND"
      },
      "geometry": {
        "type": "Point",
        "coordinates": [
          7.1982498,
          53.1777172
        ]
      },
      "id": "node/1609533956"
    },
    {
      "type": "Feature",
      "properties": {
        "@id": "node/1618103067",
        "highway": "motorway_junction",
        "name": "Kapelle",
        "ref": "35"
      },
      "geometry": {
        "type": "Point",
        "coordinates": [
          3.9426178,
          51.474796
        ]
      },
      "id": "node/1618103067"
    },
    {
      "type": "Feature",
      "properties": {
        "@id": "node/1621772666",
        "highway": "motorway_junction",
        "name": "Beijum-Zuid",
        "ref": "5"
      },
      "geometry": {
        "type": "Point",
        "coordinates": [
          6.5869372,
          53.2407204
        ]
      },
      "id": "node/1621772666"
    },
    {
      "type": "Feature",
      "properties": {
        "@id": "node/1623832922",
        "highway": "motorway_junction",
        "name": "Knooppunt Rottepolderplein"
      },
      "geometry": {
        "type": "Point",
        "coordinates": [
          4.7020791,
          52.3696775
        ]
      },
      "id": "node/1623832922"
    },
    {
      "type": "Feature",
      "properties": {
        "@id": "node/1628956504",
        "highway": "motorway_junction",
        "name": "Schiedam-Noord",
        "ref": "10"
      },
      "geometry": {
        "type": "Point",
        "coordinates": [
          4.3664076,
          51.9238119
        ]
      },
      "id": "node/1628956504"
    },
    {
      "type": "Feature",
      "properties": {
        "@id": "node/1646272327",
        "highway": "motorway_junction",
        "name": "Weerdinge"
      },
      "geometry": {
        "type": "Point",
        "coordinates": [
          6.9494205,
          52.7992022
        ]
      },
      "id": "node/1646272327"
    },
    {
      "type": "Feature",
      "properties": {
        "@id": "node/1655770308",
        "highway": "motorway_junction"
      },
      "geometry": {
        "type": "Point",
        "coordinates": [
          4.8186386,
          52.3576204
        ]
      },
      "id": "node/1655770308"
    },
    {
      "type": "Feature",
      "properties": {
        "@id": "node/1657355380",
        "highway": "motorway_junction",
        "name": "Leiden",
        "old_name": "Zoeterwoude-Dorp",
        "ref": "7",
        "wikidata": "Q97324766"
      },
      "geometry": {
        "type": "Point",
        "coordinates": [
          4.4928116,
          52.1308404
        ]
      },
      "id": "node/1657355380"
    },
    {
      "type": "Feature",
      "properties": {
        "@id": "node/1657355422",
        "highway": "motorway_junction",
        "name": "Leiden-Oost",
        "old_name": "Zoeterwoude-Rijndijk",
        "ref": "6a",
        "wikidata": "Q19816347"
      },
      "geometry": {
        "type": "Point",
        "coordinates": [
          4.5085385,
          52.1400645
        ]
      },
      "id": "node/1657355422"
    },
    {
      "type": "Feature",
      "properties": {
        "@id": "node/1657366088",
        "highway": "motorway_junction",
        "name": "Nieuwegein",
        "ref": "9"
      },
      "geometry": {
        "type": "Point",
        "coordinates": [
          5.0638387,
          52.0353406
        ]
      },
      "id": "node/1657366088"
    },
    {
      "type": "Feature",
      "properties": {
        "@id": "node/1657927086",
        "highway": "motorway_junction",
        "name": "Ommen"
      },
      "geometry": {
        "type": "Point",
        "coordinates": [
          6.4065104,
          52.5337021
        ]
      },
      "id": "node/1657927086"
    },
    {
      "type": "Feature",
      "properties": {
        "@id": "node/1704414304",
        "highway": "motorway_junction",
        "name": "Hoogmade",
        "ref": "6"
      },
      "geometry": {
        "type": "Point",
        "coordinates": [
          4.5456975,
          52.1562954
        ]
      },
      "id": "node/1704414304"
    },
    {
      "type": "Feature",
      "properties": {
        "@id": "node/1706058841",
        "highway": "motorway_junction",
        "name": "Tholen",
        "ref": "26",
        "wikidata": "Q96278410"
      },
      "geometry": {
        "type": "Point",
        "coordinates": [
          4.2938716,
          51.5442024
        ]
      },
      "id": "node/1706058841"
    },
    {
      "type": "Feature",
      "properties": {
        "@id": "node/1731930452",
        "highway": "motorway_junction",
        "name": "Almere-Stad",
        "note": "De afrit heet Almere-Stad (met streepje, spelling Rijkswaterstaat) in afwijking met het stadsdeel, dat Almere Stad heet (zonder streepje, spelling gemeente)",
        "ref": "5"
      },
      "geometry": {
        "type": "Point",
        "coordinates": [
          5.2567468,
          52.3554394
        ]
      },
      "id": "node/1731930452"
    },
    {
      "type": "Feature",
      "properties": {
        "@id": "node/1747993319",
        "highway": "motorway_junction",
        "name": "Helmond",
        "wikidata": "Q1863217",
        "wikipedia": "nl:Kruispunt tussen de N270 en de N279"
      },
      "geometry": {
        "type": "Point",
        "coordinates": [
          5.7165747,
          51.4712512
        ]
      },
      "id": "node/1747993319"
    },
    {
      "type": "Feature",
      "properties": {
        "@id": "node/1747993380",
        "highway": "motorway_junction",
        "name": "Helmond",
        "wikidata": "Q1863217",
        "wikipedia": "nl:Kruispunt tussen de N270 en de N279"
      },
      "geometry": {
        "type": "Point",
        "coordinates": [
          5.7158177,
          51.4762657
        ]
      },
      "id": "node/1747993380"
    },
    {
      "type": "Feature",
      "properties": {
        "@id": "node/1759523185",
        "highway": "motorway_junction",
        "name": "Hoofddorp",
        "ref": "3"
      },
      "geometry": {
        "type": "Point",
        "coordinates": [
          4.7151071,
          52.2795736
        ]
      },
      "id": "node/1759523185"
    },
    {
      "type": "Feature",
      "properties": {
        "@id": "node/1785989475",
        "highway": "motorway_junction",
        "name": "Wijnjewoude"
      },
      "geometry": {
        "type": "Point",
        "coordinates": [
          6.1823246,
          53.0491375
        ]
      },
      "id": "node/1785989475"
    },
    {
      "type": "Feature",
      "properties": {
        "@id": "node/1785989513",
        "highway": "motorway_junction",
        "name": "Donkerbroek"
      },
      "geometry": {
        "type": "Point",
        "coordinates": [
          6.225957,
          53.019401
        ]
      },
      "id": "node/1785989513"
    },
    {
      "type": "Feature",
      "properties": {
        "@id": "node/1786072315",
        "highway": "motorway_junction",
        "name": "Oosterwolde-Noord"
      },
      "geometry": {
        "type": "Point",
        "coordinates": [
          6.2667547,
          52.9897812
        ]
      },
      "id": "node/1786072315"
    },
    {
      "type": "Feature",
      "properties": {
        "@id": "node/1787128310",
        "highway": "motorway_junction",
        "name": "Burgum"
      },
      "geometry": {
        "type": "Point",
        "coordinates": [
          5.9897757,
          53.1777623
        ]
      },
      "id": "node/1787128310"
    },
    {
      "type": "Feature",
      "properties": {
        "@id": "node/1787128417",
        "highway": "motorway_junction",
        "name": "Burgum"
      },
      "geometry": {
        "type": "Point",
        "coordinates": [
          5.9854588,
          53.1806343
        ]
      },
      "id": "node/1787128417"
    },
    {
      "type": "Feature",
      "properties": {
        "@id": "node/1787129217",
        "highway": "motorway_junction",
        "name": "Hurdegaryp"
      },
      "geometry": {
        "type": "Point",
        "coordinates": [
          5.9701102,
          53.2182722
        ]
      },
      "id": "node/1787129217"
    },
    {
      "type": "Feature",
      "properties": {
        "@id": "node/1787129257",
        "highway": "motorway_junction",
        "name": "Hurdegaryp"
      },
      "geometry": {
        "type": "Point",
        "coordinates": [
          5.9769962,
          53.2241167
        ]
      },
      "id": "node/1787129257"
    },
    {
      "type": "Feature",
      "properties": {
        "@id": "node/1789236489",
        "highway": "motorway_junction",
        "name": "Dinteloord",
        "ref": "24",
        "wikidata": "Q96277219"
      },
      "geometry": {
        "type": "Point",
        "coordinates": [
          4.3844361,
          51.6287087
        ]
      },
      "id": "node/1789236489"
    },
    {
      "type": "Feature",
      "properties": {
        "@id": "node/1793415755",
        "highway": "motorway_junction",
        "name": "Utrecht-Papendorp",
        "ref": "8a",
        "wikidata": "Q96976323"
      },
      "geometry": {
        "type": "Point",
        "coordinates": [
          5.0728951,
          52.0705394
        ]
      },
      "id": "node/1793415755"
    },
    {
      "type": "Feature",
      "properties": {
        "@id": "node/1794228819",
        "highway": "motorway_junction",
        "name": "Knooppunt Terbregseplein",
        "wikidata": "Q5817040",
        "wikipedia": "nl:Knooppunt Terbregseplein"
      },
      "geometry": {
        "type": "Point",
        "coordinates": [
          4.5259151,
          51.9572503
        ]
      },
      "id": "node/1794228819"
    },
    {
      "type": "Feature",
      "properties": {
        "@id": "node/1794229030",
        "highway": "motorway_junction",
        "name": "Bergschenhoek",
        "ref": "28",
        "wikidata": "Q125465145"
      },
      "geometry": {
        "type": "Point",
        "coordinates": [
          4.4905686,
          51.9729279
        ]
      },
      "id": "node/1794229030"
    },
    {
      "type": "Feature",
      "properties": {
        "@id": "node/1795153787",
        "highway": "motorway_junction",
        "name": "De Westereen"
      },
      "geometry": {
        "type": "Point",
        "coordinates": [
          6.0122537,
          53.2441994
        ]
      },
      "id": "node/1795153787"
    },
    {
      "type": "Feature",
      "properties": {
        "@id": "node/1795153970",
        "highway": "motorway_junction",
        "name": "De Westereen"
      },
      "geometry": {
        "type": "Point",
        "coordinates": [
          6.0110242,
          53.2513334
        ]
      },
      "id": "node/1795153970"
    },
    {
      "type": "Feature",
      "properties": {
        "@id": "node/1796347248",
        "highway": "motorway_junction",
        "name": "Damwâld"
      },
      "geometry": {
        "type": "Point",
        "coordinates": [
          6.0185374,
          53.2744837
        ]
      },
      "id": "node/1796347248"
    },
    {
      "type": "Feature",
      "properties": {
        "@id": "node/1796347268",
        "highway": "motorway_junction",
        "name": "Damwâld"
      },
      "geometry": {
        "type": "Point",
        "coordinates": [
          6.0187307,
          53.2792248
        ]
      },
      "id": "node/1796347268"
    },
    {
      "type": "Feature",
      "properties": {
        "@id": "node/1805083690",
        "highway": "motorway_junction",
        "name": "Ees"
      },
      "geometry": {
        "type": "Point",
        "coordinates": [
          6.8253358,
          52.883012
        ]
      },
      "id": "node/1805083690"
    },
    {
      "type": "Feature",
      "properties": {
        "@id": "node/1806595541",
        "highway": "motorway_junction",
        "name": "Vinkeveen"
      },
      "geometry": {
        "type": "Point",
        "coordinates": [
          4.9312266,
          52.216762
        ]
      },
      "id": "node/1806595541"
    },
    {
      "type": "Feature",
      "properties": {
        "@id": "node/1806595547",
        "highway": "motorway_junction",
        "name": "Vinkeveen"
      },
      "geometry": {
        "type": "Point",
        "coordinates": [
          4.937289,
          52.2184836
        ]
      },
      "id": "node/1806595547"
    },
    {
      "type": "Feature",
      "properties": {
        "@id": "node/1806713128",
        "highway": "motorway_junction",
        "name": "Knooppunt Badhoevedorp"
      },
      "geometry": {
        "type": "Point",
        "coordinates": [
          4.7682146,
          52.3303449
        ]
      },
      "id": "node/1806713128"
    },
    {
      "type": "Feature",
      "properties": {
        "@id": "node/1815131447",
        "highway": "motorway_junction",
        "note": "This could be seen as highway=motorway_junction, but is not really signed as such, therefore name is not tagged"
      },
      "geometry": {
        "type": "Point",
        "coordinates": [
          4.7347877,
          52.2942077
        ]
      },
      "id": "node/1815131447"
    },
    {
      "type": "Feature",
      "properties": {
        "@id": "node/1824067575",
        "highway": "motorway_junction",
        "name": "Veenendaal-West",
        "ref": "23"
      },
      "geometry": {
        "type": "Point",
        "coordinates": [
          5.5547376,
          52.0425519
        ]
      },
      "id": "node/1824067575"
    },
    {
      "type": "Feature",
      "properties": {
        "@id": "node/1827406387",
        "highway": "motorway_junction",
        "noname": "yes"
      },
      "geometry": {
        "type": "Point",
        "coordinates": [
          6.8488919,
          52.2177382
        ]
      },
      "id": "node/1827406387"
    },
    {
      "type": "Feature",
      "properties": {
        "@id": "node/1837098459",
        "highway": "motorway_junction",
        "name": "Knooppunt Joure",
        "wikidata": "Q6791198"
      },
      "geometry": {
        "type": "Point",
        "coordinates": [
          5.8068937,
          52.9492677
        ]
      },
      "id": "node/1837098459"
    },
    {
      "type": "Feature",
      "properties": {
        "@id": "node/1840289355",
        "highway": "motorway_junction",
        "name": "Knooppunt Boterdiep"
      },
      "geometry": {
        "type": "Point",
        "coordinates": [
          6.5750691,
          53.2494326
        ]
      },
      "id": "node/1840289355"
    },
    {
      "type": "Feature",
      "properties": {
        "@id": "node/1863605264",
        "highway": "motorway_junction",
        "name": "Driebergen",
        "note": "Zomer 2012: afrit verder verlengd / zeer lange uitvoegstrook met doorgetrokken streep",
        "ref": "20"
      },
      "geometry": {
        "type": "Point",
        "coordinates": [
          5.245932,
          52.0581423
        ]
      },
      "id": "node/1863605264"
    },
    {
      "type": "Feature",
      "properties": {
        "@id": "node/1863605267",
        "highway": "motorway_junction",
        "name": "Driebergen",
        "note": "Zomer 2012: afrit verder verlengd / zeer lange uitvoegstrook met doorgetrokken streep",
        "ref": "20"
      },
      "geometry": {
        "type": "Point",
        "coordinates": [
          5.2897704,
          52.0651958
        ]
      },
      "id": "node/1863605267"
    },
    {
      "type": "Feature",
      "properties": {
        "@id": "node/1912827603",
        "highway": "motorway_junction",
        "name": "Bunde",
        "ref": "1"
      },
      "geometry": {
        "type": "Point",
        "coordinates": [
          5.7329471,
          50.8714405
        ]
      },
      "id": "node/1912827603"
    },
    {
      "type": "Feature",
      "properties": {
        "@id": "node/1914342433",
        "highway": "motorway_junction",
        "name": "Knooppunt Velperbroek"
      },
      "geometry": {
        "type": "Point",
        "coordinates": [
          5.9766954,
          51.9803655
        ]
      },
      "id": "node/1914342433"
    },
    {
      "type": "Feature",
      "properties": {
        "@id": "node/1919644261",
        "highway": "motorway_junction",
        "name": "Winschoten",
        "ref": "47",
        "source": "AND"
      },
      "geometry": {
        "type": "Point",
        "coordinates": [
          7.0472634,
          53.1577157
        ]
      },
      "id": "node/1919644261"
    },
    {
      "type": "Feature",
      "properties": {
        "@id": "node/1945850115",
        "highway": "motorway_junction",
        "name": "Nieuwstadt",
        "noref": "yes"
      },
      "geometry": {
        "type": "Point",
        "coordinates": [
          5.8651627,
          51.0290004
        ]
      },
      "id": "node/1945850115"
    },
    {
      "type": "Feature",
      "properties": {
        "@id": "node/1963180876",
        "highway": "motorway_junction",
        "name": "De Steeg",
        "ref": "3",
        "source": "AND"
      },
      "geometry": {
        "type": "Point",
        "coordinates": [
          6.0709653,
          52.0162423
        ]
      },
      "id": "node/1963180876"
    },
    {
      "type": "Feature",
      "properties": {
        "@id": "node/1975260862",
        "highway": "motorway_junction",
        "name": "Sint-Michielsgestel",
        "ref": "22",
        "wikidata": "Q96634029"
      },
      "geometry": {
        "type": "Point",
        "coordinates": [
          5.3289643,
          51.6740271
        ]
      },
      "id": "node/1975260862"
    },
    {
      "type": "Feature",
      "properties": {
        "@id": "node/1977052030",
        "highway": "motorway_junction",
        "name": "Havens 8210-8800",
        "ref": "6"
      },
      "geometry": {
        "type": "Point",
        "coordinates": [
          4.0257248,
          51.9308888
        ]
      },
      "id": "node/1977052030"
    },
    {
      "type": "Feature",
      "properties": {
        "@id": "node/1977052045",
        "highway": "motorway_junction",
        "name": "Havens 7200-8800",
        "ref": "6"
      },
      "geometry": {
        "type": "Point",
        "coordinates": [
          4.0134584,
          51.9337158
        ]
      },
      "id": "node/1977052045"
    },
    {
      "type": "Feature",
      "properties": {
        "@id": "node/1979889054",
        "highway": "motorway_junction",
        "name": "Dordrecht-Willemsdorp",
        "ref": "19"
      },
      "geometry": {
        "type": "Point",
        "coordinates": [
          4.6325525,
          51.731418
        ]
      },
      "id": "node/1979889054"
    },
    {
      "type": "Feature",
      "properties": {
        "@id": "node/1988085057",
        "highway": "motorway_junction",
        "name": "Nuenen",
        "wikidata": "Q109404726"
      },
      "geometry": {
        "type": "Point",
        "coordinates": [
          5.5646726,
          51.4617407
        ]
      },
      "id": "node/1988085057"
    },
    {
      "type": "Feature",
      "properties": {
        "@id": "node/1988085072",
        "highway": "motorway_junction",
        "name": "Vaarle",
        "wikidata": "Q3118740",
        "wikipedia": "nl:Verzorgingsplaats Vaarle"
      },
      "geometry": {
        "type": "Point",
        "coordinates": [
          5.5719457,
          51.4630934
        ]
      },
      "id": "node/1988085072"
    },
    {
      "type": "Feature",
      "properties": {
        "@id": "node/1994406586",
        "highway": "motorway_junction",
        "name": "Knooppunt Lunetten",
        "source": "AND"
      },
      "geometry": {
        "type": "Point",
        "coordinates": [
          5.1424828,
          52.0478587
        ]
      },
      "id": "node/1994406586"
    },
    {
      "type": "Feature",
      "properties": {
        "@id": "node/2001272930",
        "highway": "motorway_junction",
        "name": "Knooppunt Westerlee",
        "source:name": "NBA",
        "wikidata": "Q2682908",
        "wikipedia": "nl:Knooppunt Westerlee"
      },
      "geometry": {
        "type": "Point",
        "coordinates": [
          4.2172064,
          51.9711097
        ]
      },
      "id": "node/2001272930"
    },
    {
      "type": "Feature",
      "properties": {
        "@id": "node/2012952452",
        "highway": "motorway_junction",
        "name": "Nieuwegein-Zuid",
        "ref": "10",
        "source": "AND"
      },
      "geometry": {
        "type": "Point",
        "coordinates": [
          5.0756812,
          52.0020046
        ]
      },
      "id": "node/2012952452"
    },
    {
      "type": "Feature",
      "properties": {
        "@id": "node/2069463555",
        "highway": "motorway_junction",
        "name": "Kerkdriel",
        "ref": "19"
      },
      "geometry": {
        "type": "Point",
        "coordinates": [
          5.2840951,
          51.7572881
        ]
      },
      "id": "node/2069463555"
    },
    {
      "type": "Feature",
      "properties": {
        "@id": "node/2070616819",
        "highway": "motorway_junction",
        "name": "Assen",
        "ref": "32"
      },
      "geometry": {
        "type": "Point",
        "coordinates": [
          6.5523656,
          52.9707754
        ]
      },
      "id": "node/2070616819"
    },
    {
      "type": "Feature",
      "properties": {
        "@id": "node/2070616843",
        "highway": "motorway_junction",
        "name": "Assen",
        "ref": "32"
      },
      "geometry": {
        "type": "Point",
        "coordinates": [
          6.5473524,
          52.966858
        ]
      },
      "id": "node/2070616843"
    },
    {
      "type": "Feature",
      "properties": {
        "@id": "node/2071948480",
        "highway": "motorway_junction",
        "name": "Rolde",
        "ref": "33"
      },
      "geometry": {
        "type": "Point",
        "coordinates": [
          6.6580105,
          52.9773968
        ]
      },
      "id": "node/2071948480"
    },
    {
      "type": "Feature",
      "properties": {
        "@id": "node/2139350572",
        "highway": "motorway_junction",
        "name": "Nootdorp",
        "ref": "5"
      },
      "geometry": {
        "type": "Point",
        "coordinates": [
          4.3888111,
          52.0568644
        ]
      },
      "id": "node/2139350572"
    },
    {
      "type": "Feature",
      "properties": {
        "@id": "node/2152742991",
        "highway": "motorway_junction",
        "name": "9130-9400"
      },
      "geometry": {
        "type": "Point",
        "coordinates": [
          4.807931,
          51.6006954
        ]
      },
      "id": "node/2152742991"
    },
    {
      "type": "Feature",
      "properties": {
        "@id": "node/2189469030",
        "highway": "motorway_junction",
        "name": "Herten"
      },
      "geometry": {
        "type": "Point",
        "coordinates": [
          5.984773,
          51.1976295
        ]
      },
      "id": "node/2189469030"
    },
    {
      "type": "Feature",
      "properties": {
        "@id": "node/2211812756",
        "highway": "motorway_junction",
        "name": "Havens 8800-9000",
        "ref": "5"
      },
      "geometry": {
        "type": "Point",
        "coordinates": [
          3.993844,
          51.9361195
        ]
      },
      "id": "node/2211812756"
    },
    {
      "type": "Feature",
      "properties": {
        "@id": "node/2260064877",
        "highway": "motorway_junction",
        "name": "Assen-Zuid",
        "ref": "31a"
      },
      "geometry": {
        "type": "Point",
        "coordinates": [
          6.5428565,
          52.9524585
        ]
      },
      "id": "node/2260064877"
    },
    {
      "type": "Feature",
      "properties": {
        "@id": "node/2260065373",
        "highway": "motorway_junction",
        "name": "Assen-Zuid",
        "ref": "31a"
      },
      "geometry": {
        "type": "Point",
        "coordinates": [
          6.5436153,
          52.9550701
        ]
      },
      "id": "node/2260065373"
    },
    {
      "type": "Feature",
      "properties": {
        "@id": "node/2264589171",
        "highway": "motorway_junction",
        "name": "Amsterdam-Westerpark",
        "ref": "3"
      },
      "geometry": {
        "type": "Point",
        "coordinates": [
          4.8448481,
          52.3799881
        ]
      },
      "id": "node/2264589171"
    },
    {
      "type": "Feature",
      "properties": {
        "@id": "node/2280518675",
        "highway": "motorway_junction",
        "name": "Uithoorn"
      },
      "geometry": {
        "type": "Point",
        "coordinates": [
          4.8275932,
          52.2543557
        ]
      },
      "id": "node/2280518675"
    },
    {
      "type": "Feature",
      "properties": {
        "@id": "node/2280518691",
        "highway": "motorway_junction",
        "name": "Uithoorn"
      },
      "geometry": {
        "type": "Point",
        "coordinates": [
          4.8328816,
          52.2527931
        ]
      },
      "id": "node/2280518691"
    },
    {
      "type": "Feature",
      "properties": {
        "@id": "node/2282311213",
        "highway": "motorway_junction",
        "name": "Sluiskil"
      },
      "geometry": {
        "type": "Point",
        "coordinates": [
          3.8049692,
          51.2995847
        ]
      },
      "id": "node/2282311213"
    },
    {
      "type": "Feature",
      "properties": {
        "@id": "node/2282324628",
        "highway": "motorway_junction",
        "name": "Terneuzen"
      },
      "geometry": {
        "type": "Point",
        "coordinates": [
          3.8569215,
          51.2948557
        ]
      },
      "id": "node/2282324628"
    },
    {
      "type": "Feature",
      "properties": {
        "@id": "node/2285934371",
        "highway": "motorway_junction",
        "name": "Terneuzen"
      },
      "geometry": {
        "type": "Point",
        "coordinates": [
          3.8669982,
          51.2917413
        ]
      },
      "id": "node/2285934371"
    },
    {
      "type": "Feature",
      "properties": {
        "@id": "node/2286585792",
        "highway": "motorway_junction",
        "name": "Knooppunt Kunderberg"
      },
      "geometry": {
        "type": "Point",
        "coordinates": [
          5.9505912,
          50.8806773
        ]
      },
      "id": "node/2286585792"
    },
    {
      "type": "Feature",
      "properties": {
        "@id": "node/2295438449",
        "highway": "motorway_junction",
        "name": "Ruinen",
        "ref": "28",
        "source": "AND"
      },
      "geometry": {
        "type": "Point",
        "coordinates": [
          6.4469382,
          52.7783407
        ]
      },
      "id": "node/2295438449"
    },
    {
      "type": "Feature",
      "properties": {
        "@id": "node/2300010118",
        "highway": "motorway_junction",
        "name": "Dwingeloo",
        "ref": "29"
      },
      "geometry": {
        "type": "Point",
        "coordinates": [
          6.4602444,
          52.8104977
        ]
      },
      "id": "node/2300010118"
    },
    {
      "type": "Feature",
      "properties": {
        "@id": "node/2300293460",
        "highway": "motorway_junction",
        "name": "Den Dungen"
      },
      "geometry": {
        "type": "Point",
        "coordinates": [
          5.3635473,
          51.6817793
        ]
      },
      "id": "node/2300293460"
    },
    {
      "type": "Feature",
      "properties": {
        "@id": "node/2300293467",
        "highway": "motorway_junction",
        "name": "Den Dungen"
      },
      "geometry": {
        "type": "Point",
        "coordinates": [
          5.3711221,
          51.6818685
        ]
      },
      "id": "node/2300293467"
    },
    {
      "type": "Feature",
      "properties": {
        "@id": "node/2300550885",
        "highway": "motorway_junction",
        "name": "Dwingeloo",
        "ref": "29",
        "source": "AND"
      },
      "geometry": {
        "type": "Point",
        "coordinates": [
          6.4622856,
          52.815975
        ]
      },
      "id": "node/2300550885"
    },
    {
      "type": "Feature",
      "properties": {
        "@id": "node/2302136118",
        "highway": "motorway_junction",
        "name": "Beilen",
        "ref": "30"
      },
      "geometry": {
        "type": "Point",
        "coordinates": [
          6.4955604,
          52.8575155
        ]
      },
      "id": "node/2302136118"
    },
    {
      "type": "Feature",
      "properties": {
        "@id": "node/2341080214",
        "highway": "motorway_junction",
        "name": "Utrecht-Papendorp",
        "ref": "8a",
        "wikidata": "Q96976323"
      },
      "geometry": {
        "type": "Point",
        "coordinates": [
          5.0746698,
          52.0756631
        ]
      },
      "id": "node/2341080214"
    },
    {
      "type": "Feature",
      "properties": {
        "@id": "node/2357447647",
        "highway": "motorway_junction",
        "name": "Musselkanaal"
      },
      "geometry": {
        "type": "Point",
        "coordinates": [
          7.0288608,
          52.9410999
        ]
      },
      "id": "node/2357447647"
    },
    {
      "type": "Feature",
      "properties": {
        "@id": "node/2357447673",
        "highway": "motorway_junction",
        "name": "Musselkanaal-Noord"
      },
      "geometry": {
        "type": "Point",
        "coordinates": [
          7.013543,
          52.9609
        ]
      },
      "id": "node/2357447673"
    },
    {
      "type": "Feature",
      "properties": {
        "@id": "node/2362166488",
        "highway": "motorway_junction",
        "name": "Knooppunt Muiderberg"
      },
      "geometry": {
        "type": "Point",
        "coordinates": [
          5.1012922,
          52.3158949
        ]
      },
      "id": "node/2362166488"
    },
    {
      "type": "Feature",
      "properties": {
        "@id": "node/2390437815",
        "highway": "motorway_junction",
        "name": "Westerbork",
        "ref": "31",
        "source": "AND"
      },
      "geometry": {
        "type": "Point",
        "coordinates": [
          6.5123041,
          52.8772157
        ]
      },
      "id": "node/2390437815"
    },
    {
      "type": "Feature",
      "properties": {
        "@id": "node/2391625388",
        "highway": "motorway_junction",
        "name": "Musselkanaal"
      },
      "geometry": {
        "type": "Point",
        "coordinates": [
          7.0267301,
          52.9430992
        ]
      },
      "id": "node/2391625388"
    },
    {
      "type": "Feature",
      "properties": {
        "@id": "node/2391625410",
        "highway": "motorway_junction",
        "name": "Musselkanaal-Noord"
      },
      "geometry": {
        "type": "Point",
        "coordinates": [
          7.0115394,
          52.9631429
        ]
      },
      "id": "node/2391625410"
    },
    {
      "type": "Feature",
      "properties": {
        "@id": "node/2402810596",
        "highway": "motorway_junction",
        "name": "Den Haag-Noord",
        "ref": "8",
        "wikidata": "Q19816541"
      },
      "geometry": {
        "type": "Point",
        "coordinates": [
          4.395252,
          52.0738202
        ]
      },
      "id": "node/2402810596"
    },
    {
      "type": "Feature",
      "properties": {
        "@id": "node/2402860067",
        "highway": "motorway_junction",
        "name": "Knooppunt Vaanplein"
      },
      "geometry": {
        "type": "Point",
        "coordinates": [
          4.508448,
          51.8651676
        ]
      },
      "id": "node/2402860067"
    },
    {
      "type": "Feature",
      "properties": {
        "@id": "node/2417859904",
        "highway": "motorway_junction",
        "name": "Hoofddorp",
        "ref": "3"
      },
      "geometry": {
        "type": "Point",
        "coordinates": [
          4.7246741,
          52.2873288
        ]
      },
      "id": "node/2417859904"
    },
    {
      "type": "Feature",
      "properties": {
        "@id": "node/2417859910",
        "highway": "motorway_junction",
        "name": "Knooppunt De Hoek"
      },
      "geometry": {
        "type": "Point",
        "coordinates": [
          4.7271904,
          52.2879639
        ]
      },
      "id": "node/2417859910"
    },
    {
      "type": "Feature",
      "properties": {
        "@id": "node/2488045398",
        "highway": "motorway_junction",
        "name": "Roosendaal-Zuid"
      },
      "geometry": {
        "type": "Point",
        "coordinates": [
          4.4669488,
          51.510481
        ]
      },
      "id": "node/2488045398"
    },
    {
      "type": "Feature",
      "properties": {
        "@id": "node/2490276415",
        "highway": "motorway_junction",
        "name": "Knooppunt Ommedijk",
        "wikidata": "Q27768260",
        "wikipedia": "nl:Knooppunt Ommedijk"
      },
      "geometry": {
        "type": "Point",
        "coordinates": [
          4.4397806,
          52.1504638
        ]
      },
      "id": "node/2490276415"
    },
    {
      "type": "Feature",
      "properties": {
        "@id": "node/2490355809",
        "highway": "motorway_junction",
        "name": "Knooppunt Hofvliet",
        "wikidata": "Q27768259",
        "wikipedia": "nl:Knooppunt Hofvliet"
      },
      "geometry": {
        "type": "Point",
        "coordinates": [
          4.4732252,
          52.1247457
        ]
      },
      "id": "node/2490355809"
    },
    {
      "type": "Feature",
      "properties": {
        "@id": "node/2491311984",
        "highway": "motorway_junction",
        "name": "Alphen aan den Rijn-Centrum",
        "ref": "9"
      },
      "geometry": {
        "type": "Point",
        "coordinates": [
          4.6517267,
          52.1098595
        ]
      },
      "id": "node/2491311984"
    },
    {
      "type": "Feature",
      "properties": {
        "@id": "node/2505223423",
        "highway": "motorway_junction",
        "name": "Haaksbergen",
        "ref": "14"
      },
      "geometry": {
        "type": "Point",
        "coordinates": [
          6.7580709,
          52.1816841
        ]
      },
      "id": "node/2505223423"
    },
    {
      "type": "Feature",
      "properties": {
        "@id": "node/2506009737",
        "highway": "motorway_junction",
        "name": "Neede",
        "ref": "13"
      },
      "geometry": {
        "type": "Point",
        "coordinates": [
          6.6719909,
          52.134484
        ]
      },
      "id": "node/2506009737"
    },
    {
      "type": "Feature",
      "properties": {
        "@id": "node/2506026683",
        "highway": "motorway_junction",
        "name": "Eibergen",
        "ref": "12"
      },
      "geometry": {
        "type": "Point",
        "coordinates": [
          6.6322985,
          52.086299
        ]
      },
      "id": "node/2506026683"
    },
    {
      "type": "Feature",
      "properties": {
        "@id": "node/2509348975",
        "highway": "motorway_junction",
        "name": "Veldhoven",
        "ref": "31",
        "wikidata": "Q96943021"
      },
      "geometry": {
        "type": "Point",
        "coordinates": [
          5.428271,
          51.4272981
        ]
      },
      "id": "node/2509348975"
    },
    {
      "type": "Feature",
      "properties": {
        "@id": "node/2509348983",
        "highway": "motorway_junction",
        "name": "Veldhoven",
        "ref": "31",
        "wikidata": "Q96943021"
      },
      "geometry": {
        "type": "Point",
        "coordinates": [
          5.4261384,
          51.433254
        ]
      },
      "id": "node/2509348983"
    },
    {
      "type": "Feature",
      "properties": {
        "@id": "node/2509482339",
        "highway": "motorway_junction",
        "name": "Knooppunt Diemen"
      },
      "geometry": {
        "type": "Point",
        "coordinates": [
          5.0331687,
          52.3311727
        ]
      },
      "id": "node/2509482339"
    },
    {
      "type": "Feature",
      "properties": {
        "@id": "node/2509482347",
        "highway": "motorway_junction",
        "name": "Knooppunt Diemen"
      },
      "geometry": {
        "type": "Point",
        "coordinates": [
          5.0307039,
          52.3313277
        ]
      },
      "id": "node/2509482347"
    },
    {
      "type": "Feature",
      "properties": {
        "@id": "node/2509489020",
        "highway": "motorway_junction",
        "name": "Knooppunt Diemen"
      },
      "geometry": {
        "type": "Point",
        "coordinates": [
          5.0351516,
          52.3310429
        ]
      },
      "id": "node/2509489020"
    },
    {
      "type": "Feature",
      "properties": {
        "@id": "node/2517661985",
        "highway": "motorway_junction",
        "name": "Tholen-Centrum"
      },
      "geometry": {
        "type": "Point",
        "coordinates": [
          4.2233014,
          51.5402125
        ]
      },
      "id": "node/2517661985"
    },
    {
      "type": "Feature",
      "properties": {
        "@id": "node/2524213014",
        "highway": "motorway_junction",
        "noname": "yes",
        "noref": "yes"
      },
      "geometry": {
        "type": "Point",
        "coordinates": [
          4.7318992,
          52.2765696
        ]
      },
      "id": "node/2524213014"
    },
    {
      "type": "Feature",
      "properties": {
        "@id": "node/2525390082",
        "highway": "motorway_junction",
        "name": "Amsterdam-Watergraafsmeer",
        "ref": "13"
      },
      "geometry": {
        "type": "Point",
        "coordinates": [
          4.9646949,
          52.3542633
        ]
      },
      "id": "node/2525390082"
    },
    {
      "type": "Feature",
      "properties": {
        "@id": "node/2572277109",
        "highway": "motorway_junction",
        "name": "Hardenberg-Oost"
      },
      "geometry": {
        "type": "Point",
        "coordinates": [
          6.6175014,
          52.5815896
        ]
      },
      "id": "node/2572277109"
    },
    {
      "type": "Feature",
      "properties": {
        "@id": "node/2572279634",
        "highway": "motorway_junction",
        "name": "Hardenberg"
      },
      "geometry": {
        "type": "Point",
        "coordinates": [
          6.6270102,
          52.585976
        ]
      },
      "id": "node/2572279634"
    },
    {
      "type": "Feature",
      "properties": {
        "@id": "node/2580664354",
        "highway": "motorway_junction",
        "name": "Leeuwarden-Zuid",
        "ref": "17"
      },
      "geometry": {
        "type": "Point",
        "coordinates": [
          5.792292,
          53.1528657
        ]
      },
      "id": "node/2580664354"
    },
    {
      "type": "Feature",
      "properties": {
        "@id": "node/2590245369",
        "highway": "motorway_junction",
        "name": "Muiden",
        "ref": "3"
      },
      "geometry": {
        "type": "Point",
        "coordinates": [
          5.0396852,
          52.3293796
        ]
      },
      "id": "node/2590245369"
    },
    {
      "type": "Feature",
      "properties": {
        "@id": "node/2590254101",
        "highway": "motorway_junction",
        "name": "Muiden",
        "ref": "3"
      },
      "geometry": {
        "type": "Point",
        "coordinates": [
          5.0528072,
          52.3272657
        ]
      },
      "id": "node/2590254101"
    },
    {
      "type": "Feature",
      "properties": {
        "@id": "node/2600712462",
        "highway": "motorway_junction",
        "name": "Zaanstad-Zuid",
        "ref": "1"
      },
      "geometry": {
        "type": "Point",
        "coordinates": [
          4.8696411,
          52.430705
        ]
      },
      "id": "node/2600712462"
    },
    {
      "type": "Feature",
      "properties": {
        "@id": "node/2600712464",
        "highway": "motorway_junction",
        "name": "Amsterdam-Rivierenbuurt",
        "ref": "10"
      },
      "geometry": {
        "type": "Point",
        "coordinates": [
          4.9186234,
          52.3292199
        ]
      },
      "id": "node/2600712464"
    },
    {
      "type": "Feature",
      "properties": {
        "@id": "node/2600712507",
        "highway": "motorway_junction",
        "name": "IJmuiden",
        "ref": "2"
      },
      "geometry": {
        "type": "Point",
        "coordinates": [
          4.7785991,
          52.3930016
        ]
      },
      "id": "node/2600712507"
    },
    {
      "type": "Feature",
      "properties": {
        "@id": "node/2600712512",
        "highway": "motorway_junction",
        "name": "Amsterdam-Westpoort",
        "ref": "3"
      },
      "geometry": {
        "type": "Point",
        "coordinates": [
          4.794733,
          52.3933601
        ]
      },
      "id": "node/2600712512"
    },
    {
      "type": "Feature",
      "properties": {
        "@id": "node/2603401325",
        "highway": "motorway_junction",
        "name": "Rotterdam-Heijplaat",
        "ref": "18"
      },
      "geometry": {
        "type": "Point",
        "coordinates": [
          4.4391963,
          51.8686937
        ]
      },
      "id": "node/2603401325"
    },
    {
      "type": "Feature",
      "properties": {
        "@id": "node/2609158216",
        "highway": "motorway_junction",
        "name": "Knooppunt Gooimeer"
      },
      "geometry": {
        "type": "Point",
        "coordinates": [
          5.1738365,
          52.3457399
        ]
      },
      "id": "node/2609158216"
    },
    {
      "type": "Feature",
      "properties": {
        "@id": "node/2610194616",
        "destination": "Muziekwijk-Oost 12;Kuidenwijk-West 13;Noorderplassen-West 19;Begraafplaats;Crematorium",
        "highway": "motorway_junction",
        "name": "Muziekwijk-Oost"
      },
      "geometry": {
        "type": "Point",
        "coordinates": [
          5.1816321,
          52.3808522
        ]
      },
      "id": "node/2610194616"
    },
    {
      "type": "Feature",
      "properties": {
        "@id": "node/2611625937",
        "highway": "motorway_junction",
        "name": "Zwolle-Zuid",
        "ref": "18"
      },
      "geometry": {
        "type": "Point",
        "coordinates": [
          6.0732102,
          52.510805
        ]
      },
      "id": "node/2611625937"
    },
    {
      "type": "Feature",
      "properties": {
        "@id": "node/2638837497",
        "highway": "motorway_junction",
        "name": "Dommelen"
      },
      "geometry": {
        "type": "Point",
        "coordinates": [
          5.4190067,
          51.3463311
        ]
      },
      "id": "node/2638837497"
    },
    {
      "type": "Feature",
      "properties": {
        "@id": "node/2642486443",
        "highway": "motorway_junction",
        "name": "Meerhoven-Zuid",
        "ref": "30a",
        "wikidata": "Q96942986"
      },
      "geometry": {
        "type": "Point",
        "coordinates": [
          5.4264619,
          51.4369933
        ]
      },
      "id": "node/2642486443"
    },
    {
      "type": "Feature",
      "properties": {
        "@id": "node/2643446270",
        "highway": "motorway_junction",
        "name": "Klijndijk"
      },
      "geometry": {
        "type": "Point",
        "coordinates": [
          6.8449531,
          52.8257131
        ]
      },
      "id": "node/2643446270"
    },
    {
      "type": "Feature",
      "properties": {
        "@id": "node/2643446296",
        "highway": "motorway_junction",
        "name": "Klijndijk"
      },
      "geometry": {
        "type": "Point",
        "coordinates": [
          6.8507877,
          52.8216022
        ]
      },
      "id": "node/2643446296"
    },
    {
      "type": "Feature",
      "properties": {
        "@id": "node/2643618826",
        "highway": "motorway_junction",
        "name": "Leeuwerikenveld"
      },
      "geometry": {
        "type": "Point",
        "coordinates": [
          6.7115655,
          52.6541526
        ]
      },
      "id": "node/2643618826"
    },
    {
      "type": "Feature",
      "properties": {
        "@id": "node/2645696819",
        "highway": "motorway_junction",
        "name": "Houten-Oost",
        "ref": "18a",
        "wikidata": "Q96394915"
      },
      "geometry": {
        "type": "Point",
        "coordinates": [
          5.1906248,
          52.0619671
        ]
      },
      "id": "node/2645696819"
    },
    {
      "type": "Feature",
      "properties": {
        "@id": "node/2660390566",
        "highway": "motorway_junction",
        "name": "Valkenswaard"
      },
      "geometry": {
        "type": "Point",
        "coordinates": [
          5.4359787,
          51.3355306
        ]
      },
      "id": "node/2660390566"
    },
    {
      "type": "Feature",
      "properties": {
        "@id": "node/2678953545",
        "highway": "motorway_junction",
        "name": "Veendam",
        "ref": "38"
      },
      "geometry": {
        "type": "Point",
        "coordinates": [
          6.8934175,
          53.0952593
        ]
      },
      "id": "node/2678953545"
    },
    {
      "type": "Feature",
      "properties": {
        "@id": "node/2680165464",
        "highway": "motorway_junction",
        "name": "Bareveld",
        "ref": "36"
      },
      "geometry": {
        "type": "Point",
        "coordinates": [
          6.8550388,
          53.051592
        ]
      },
      "id": "node/2680165464"
    },
    {
      "type": "Feature",
      "properties": {
        "@id": "node/2717664793",
        "highway": "motorway_junction",
        "name": "Knooppunt Zuidbroek"
      },
      "geometry": {
        "type": "Point",
        "coordinates": [
          6.8772008,
          53.1692237
        ]
      },
      "id": "node/2717664793"
    },
    {
      "type": "Feature",
      "properties": {
        "@id": "node/2717664867",
        "highway": "motorway_junction",
        "name": "Knooppunt Zuidbroek"
      },
      "geometry": {
        "type": "Point",
        "coordinates": [
          6.8947452,
          53.1658645
        ]
      },
      "id": "node/2717664867"
    },
    {
      "type": "Feature",
      "properties": {
        "@id": "node/2717664875",
        "highway": "motorway_junction",
        "name": "Knooppunt Zuidbroek"
      },
      "geometry": {
        "type": "Point",
        "coordinates": [
          6.8935491,
          53.1752618
        ]
      },
      "id": "node/2717664875"
    },
    {
      "type": "Feature",
      "properties": {
        "@id": "node/2719901181",
        "highway": "motorway_junction",
        "name": "Knooppunt Coenplein"
      },
      "geometry": {
        "type": "Point",
        "coordinates": [
          4.8683752,
          52.4312483
        ]
      },
      "id": "node/2719901181"
    },
    {
      "type": "Feature",
      "properties": {
        "@id": "node/2731926103",
        "highway": "motorway_junction",
        "name": "Knooppunt Werpsterhoek",
        "name:fy": "Knooppunt Werpsterhoeke",
        "name:nl": "Knooppunt Werpsterhoek"
      },
      "geometry": {
        "type": "Point",
        "coordinates": [
          5.7916628,
          53.1565893
        ]
      },
      "id": "node/2731926103"
    },
    {
      "type": "Feature",
      "properties": {
        "@id": "node/2739052404",
        "highway": "motorway_junction",
        "name": "Ommelanderwijk"
      },
      "geometry": {
        "type": "Point",
        "coordinates": [
          6.9083869,
          53.0933937
        ]
      },
      "id": "node/2739052404"
    },
    {
      "type": "Feature",
      "properties": {
        "@id": "node/2773305561",
        "highway": "motorway_junction",
        "name": "Knooppunt Muiderberg"
      },
      "geometry": {
        "type": "Point",
        "coordinates": [
          5.119401,
          52.3109544
        ]
      },
      "id": "node/2773305561"
    },
    {
      "type": "Feature",
      "properties": {
        "@id": "node/2777267905",
        "highway": "motorway_junction",
        "name": "Loon op Zand"
      },
      "geometry": {
        "type": "Point",
        "coordinates": [
          5.0682564,
          51.6179308
        ]
      },
      "id": "node/2777267905"
    },
    {
      "type": "Feature",
      "properties": {
        "@id": "node/2777268051",
        "highway": "motorway_junction",
        "name": "Loon op Zand"
      },
      "geometry": {
        "type": "Point",
        "coordinates": [
          5.0637338,
          51.6244282
        ]
      },
      "id": "node/2777268051"
    },
    {
      "type": "Feature",
      "properties": {
        "@id": "node/2777291300",
        "highway": "motorway_junction",
        "name": "Kaatsheuvel-Zuid"
      },
      "geometry": {
        "type": "Point",
        "coordinates": [
          5.0571608,
          51.6502393
        ]
      },
      "id": "node/2777291300"
    },
    {
      "type": "Feature",
      "properties": {
        "@id": "node/2777508460",
        "highway": "motorway_junction",
        "name": "Waalwijk"
      },
      "geometry": {
        "type": "Point",
        "coordinates": [
          5.0548947,
          51.6728256
        ]
      },
      "id": "node/2777508460"
    },
    {
      "type": "Feature",
      "properties": {
        "@id": "node/2777508539",
        "highway": "motorway_junction",
        "name": "Waalwijk"
      },
      "geometry": {
        "type": "Point",
        "coordinates": [
          5.048611,
          51.6782447
        ]
      },
      "id": "node/2777508539"
    },
    {
      "type": "Feature",
      "properties": {
        "@id": "node/2781925409",
        "highway": "motorway_junction",
        "name": "Knooppunt Rozenburg",
        "wikidata": "Q125464586",
        "wikipedia": "nl:Knooppunt Rozenburg"
      },
      "geometry": {
        "type": "Point",
        "coordinates": [
          4.2530689,
          51.8964892
        ]
      },
      "id": "node/2781925409"
    },
    {
      "type": "Feature",
      "properties": {
        "@id": "node/2791236365",
        "highway": "motorway_junction",
        "name": "Amsterdam-Watergraafsmeer",
        "ref": "13"
      },
      "geometry": {
        "type": "Point",
        "coordinates": [
          4.9557349,
          52.3442309
        ]
      },
      "id": "node/2791236365"
    },
    {
      "type": "Feature",
      "properties": {
        "@id": "node/2813092531",
        "highway": "motorway_junction",
        "name": "Knooppunt Badhoevedorp"
      },
      "geometry": {
        "type": "Point",
        "coordinates": [
          4.7776828,
          52.3250546
        ]
      },
      "id": "node/2813092531"
    },
    {
      "type": "Feature",
      "properties": {
        "@id": "node/2821928974",
        "highway": "motorway_junction",
        "name": "Doetinchem-Oost",
        "ref": "4"
      },
      "geometry": {
        "type": "Point",
        "coordinates": [
          6.3086905,
          51.9454059
        ]
      },
      "id": "node/2821928974"
    },
    {
      "type": "Feature",
      "properties": {
        "@id": "node/2835465719",
        "highway": "motorway_junction",
        "name": "Almere-Poort",
        "note": "De afrit heet Almere-Poort (met streepje, spelling Rijkswaterstaat) in afwijking met het stadsdeel, dat Almere Poort heet (zonder streepje, spelling gemeente)",
        "ref": "2"
      },
      "geometry": {
        "type": "Point",
        "coordinates": [
          5.1522407,
          52.3318044
        ]
      },
      "id": "node/2835465719"
    },
    {
      "type": "Feature",
      "properties": {
        "@id": "node/2835507831",
        "highway": "motorway_junction",
        "name": "Knooppunt Gooimeer"
      },
      "geometry": {
        "type": "Point",
        "coordinates": [
          5.1640586,
          52.3376995
        ]
      },
      "id": "node/2835507831"
    },
    {
      "type": "Feature",
      "properties": {
        "@id": "node/2835535984",
        "highway": "motorway_junction",
        "name": "Knooppunt Gooimeer"
      },
      "geometry": {
        "type": "Point",
        "coordinates": [
          5.1688099,
          52.3390638
        ]
      },
      "id": "node/2835535984"
    },
    {
      "type": "Feature",
      "properties": {
        "@id": "node/2877430331",
        "highway": "motorway_junction",
        "name": "Leiden",
        "old_name": "Zoeterwoude-Dorp",
        "ref": "7",
        "wikidata": "Q97324766"
      },
      "geometry": {
        "type": "Point",
        "coordinates": [
          4.4873698,
          52.1277826
        ]
      },
      "id": "node/2877430331"
    },
    {
      "type": "Feature",
      "properties": {
        "@id": "node/2877430332",
        "highway": "motorway_junction",
        "name": "Leiden-Oost",
        "old_name": "Zoeterwoude-Rijndijk",
        "ref": "6a",
        "wikidata": "Q19816347"
      },
      "geometry": {
        "type": "Point",
        "coordinates": [
          4.5063197,
          52.1371945
        ]
      },
      "id": "node/2877430332"
    },
    {
      "type": "Feature",
      "properties": {
        "@id": "node/2892490536",
        "highway": "motorway_junction",
        "name": "Sellingen"
      },
      "geometry": {
        "type": "Point",
        "coordinates": [
          7.0388259,
          52.8894371
        ]
      },
      "id": "node/2892490536"
    },
    {
      "type": "Feature",
      "properties": {
        "@id": "node/2892490584",
        "highway": "motorway_junction",
        "name": "Sellingen"
      },
      "geometry": {
        "type": "Point",
        "coordinates": [
          7.0386686,
          52.8908601
        ]
      },
      "id": "node/2892490584"
    },
    {
      "type": "Feature",
      "properties": {
        "@id": "node/2892611768",
        "highway": "motorway_junction",
        "name": "Ens",
        "ref": "33"
      },
      "geometry": {
        "type": "Point",
        "coordinates": [
          5.8162296,
          52.6375477
        ]
      },
      "id": "node/2892611768"
    },
    {
      "type": "Feature",
      "properties": {
        "@id": "node/2892641830",
        "highway": "motorway_junction",
        "name": "Kampen-Noord",
        "ref": "32a"
      },
      "geometry": {
        "type": "Point",
        "coordinates": [
          5.8634362,
          52.5718918
        ]
      },
      "id": "node/2892641830"
    },
    {
      "type": "Feature",
      "properties": {
        "@id": "node/2913147842",
        "highway": "motorway_junction",
        "name": "Alphen aan den Rijn-Centrum",
        "ref": "9"
      },
      "geometry": {
        "type": "Point",
        "coordinates": [
          4.6586094,
          52.1103268
        ]
      },
      "id": "node/2913147842"
    },
    {
      "type": "Feature",
      "properties": {
        "@id": "node/2914311268",
        "highway": "motorway_junction",
        "name": "Veendam-Noord",
        "ref": "39"
      },
      "geometry": {
        "type": "Point",
        "coordinates": [
          6.8993919,
          53.1307394
        ]
      },
      "id": "node/2914311268"
    },
    {
      "type": "Feature",
      "properties": {
        "@id": "node/2927638783",
        "highway": "motorway_junction",
        "name": "Knooppunt Hooipolder",
        "wikidata": "Q2465938",
        "wikipedia": "nl:Knooppunt Hooipolder"
      },
      "geometry": {
        "type": "Point",
        "coordinates": [
          4.884941,
          51.6911205
        ]
      },
      "id": "node/2927638783"
    },
    {
      "type": "Feature",
      "properties": {
        "@id": "node/2929280763",
        "highway": "motorway_junction",
        "name": "Hatenboer"
      },
      "geometry": {
        "type": "Point",
        "coordinates": [
          5.9738334,
          51.1996302
        ]
      },
      "id": "node/2929280763"
    },
    {
      "type": "Feature",
      "properties": {
        "@id": "node/2975526436",
        "highway": "motorway_junction",
        "name": "Heerhugowaard"
      },
      "geometry": {
        "type": "Point",
        "coordinates": [
          4.8011305,
          52.6555475
        ]
      },
      "id": "node/2975526436"
    },
    {
      "type": "Feature",
      "properties": {
        "@id": "node/2975526463",
        "highway": "motorway_junction",
        "name": "Heerhugowaard"
      },
      "geometry": {
        "type": "Point",
        "coordinates": [
          4.8016955,
          52.6588873
        ]
      },
      "id": "node/2975526463"
    },
    {
      "type": "Feature",
      "properties": {
        "@id": "node/3009567333",
        "highway": "motorway_junction",
        "name": "Kats"
      },
      "geometry": {
        "type": "Point",
        "coordinates": [
          3.8559951,
          51.5620037
        ]
      },
      "id": "node/3009567333"
    },
    {
      "type": "Feature",
      "properties": {
        "@id": "node/3086212732",
        "highway": "motorway_junction",
        "name": "Knooppunt Markiezaat",
        "wikidata": "Q2964343",
        "wikipedia": "nl:Knooppunt Markiezaat"
      },
      "geometry": {
        "type": "Point",
        "coordinates": [
          4.2703845,
          51.4305142
        ]
      },
      "id": "node/3086212732"
    },
    {
      "type": "Feature",
      "properties": {
        "@id": "node/3114342410",
        "highway": "motorway_junction",
        "name": "Emmen-Stadion"
      },
      "geometry": {
        "type": "Point",
        "coordinates": [
          6.9382449,
          52.7751619
        ]
      },
      "id": "node/3114342410"
    },
    {
      "type": "Feature",
      "properties": {
        "@id": "node/3114342417",
        "highway": "motorway_junction",
        "name": "Emmen-Stadion"
      },
      "geometry": {
        "type": "Point",
        "coordinates": [
          6.9436045,
          52.7796201
        ]
      },
      "id": "node/3114342417"
    },
    {
      "type": "Feature",
      "properties": {
        "@id": "node/3146589487",
        "highway": "motorway_junction",
        "name": "Zevenhuizen",
        "ref": "9"
      },
      "geometry": {
        "type": "Point",
        "coordinates": [
          4.6035425,
          52.020495
        ]
      },
      "id": "node/3146589487"
    },
    {
      "type": "Feature",
      "properties": {
        "@id": "node/3170744786",
        "highway": "motorway_junction",
        "name": "Axel"
      },
      "geometry": {
        "type": "Point",
        "coordinates": [
          3.8758703,
          51.2651801
        ]
      },
      "id": "node/3170744786"
    },
    {
      "type": "Feature",
      "properties": {
        "@id": "node/3192234456",
        "highway": "motorway_junction",
        "name": "Marsum",
        "ref": "22"
      },
      "geometry": {
        "type": "Point",
        "coordinates": [
          5.7265641,
          53.2070035
        ]
      },
      "id": "node/3192234456"
    },
    {
      "type": "Feature",
      "properties": {
        "@id": "node/3203415813",
        "highway": "motorway_junction",
        "name": "Moordrecht",
        "ref": "18"
      },
      "geometry": {
        "type": "Point",
        "coordinates": [
          4.6503107,
          51.9994604
        ]
      },
      "id": "node/3203415813"
    },
    {
      "type": "Feature",
      "properties": {
        "@id": "node/3203476543",
        "highway": "motorway_junction",
        "name": "Moordrecht",
        "ref": "18"
      },
      "geometry": {
        "type": "Point",
        "coordinates": [
          4.654755,
          52.0069527
        ]
      },
      "id": "node/3203476543"
    },
    {
      "type": "Feature",
      "properties": {
        "@id": "node/3209794350",
        "highway": "motorway_junction",
        "name": "Rotterdam-Zuidplein",
        "ref": "19a",
        "source": "AND"
      },
      "geometry": {
        "type": "Point",
        "coordinates": [
          4.513144,
          51.8642596
        ]
      },
      "id": "node/3209794350"
    },
    {
      "type": "Feature",
      "properties": {
        "@id": "node/3220455280",
        "highway": "motorway_junction",
        "name": "Almere-Stedenwijk",
        "ref": "3"
      },
      "geometry": {
        "type": "Point",
        "coordinates": [
          5.1902682,
          52.34767
        ]
      },
      "id": "node/3220455280"
    },
    {
      "type": "Feature",
      "properties": {
        "@id": "node/3220455294",
        "highway": "motorway_junction",
        "name": "Almere-Stedenwijk",
        "ref": "3"
      },
      "geometry": {
        "type": "Point",
        "coordinates": [
          5.1976828,
          52.3507609
        ]
      },
      "id": "node/3220455294"
    },
    {
      "type": "Feature",
      "properties": {
        "@id": "node/3221798081",
        "highway": "motorway_junction",
        "name": "Knooppunt Stelleplas"
      },
      "geometry": {
        "type": "Point",
        "coordinates": [
          3.7911884,
          51.4906058
        ]
      },
      "id": "node/3221798081"
    },
    {
      "type": "Feature",
      "properties": {
        "@id": "node/3221818104",
        "highway": "motorway_junction",
        "name": "'s-Heerenhoek"
      },
      "geometry": {
        "type": "Point",
        "coordinates": [
          3.7687472,
          51.4692821
        ]
      },
      "id": "node/3221818104"
    },
    {
      "type": "Feature",
      "properties": {
        "@id": "node/3223071104",
        "highway": "motorway_junction",
        "name": "Knooppunt Drie Klauwen"
      },
      "geometry": {
        "type": "Point",
        "coordinates": [
          3.747589,
          51.4595172
        ]
      },
      "id": "node/3223071104"
    },
    {
      "type": "Feature",
      "properties": {
        "@id": "node/3223098222",
        "highway": "motorway_junction",
        "name": "Knooppunt Drie Klauwen"
      },
      "geometry": {
        "type": "Point",
        "coordinates": [
          3.7378822,
          51.4596935
        ]
      },
      "id": "node/3223098222"
    },
    {
      "type": "Feature",
      "properties": {
        "@id": "node/3223098514",
        "highway": "motorway_junction",
        "name": "Knooppunt Drie Klauwen"
      },
      "geometry": {
        "type": "Point",
        "coordinates": [
          3.7451621,
          51.4538115
        ]
      },
      "id": "node/3223098514"
    },
    {
      "type": "Feature",
      "properties": {
        "@id": "node/3223116919",
        "highway": "motorway_junction",
        "name": "Nieuwdorp"
      },
      "geometry": {
        "type": "Point",
        "coordinates": [
          3.7364305,
          51.4619012
        ]
      },
      "id": "node/3223116919"
    },
    {
      "type": "Feature",
      "properties": {
        "@id": "node/3223158992",
        "highway": "motorway_junction",
        "name": "Heinkenszand",
        "ref": "36"
      },
      "geometry": {
        "type": "Point",
        "coordinates": [
          3.8262735,
          51.4845231
        ]
      },
      "id": "node/3223158992"
    },
    {
      "type": "Feature",
      "properties": {
        "@id": "node/3228002030",
        "highway": "motorway_junction",
        "name": "Kerkrade"
      },
      "geometry": {
        "type": "Point",
        "coordinates": [
          6.0454423,
          50.858531
        ]
      },
      "id": "node/3228002030"
    },
    {
      "type": "Feature",
      "properties": {
        "@id": "node/3234569583",
        "highway": "motorway_junction",
        "name": "Harlingen",
        "ref": "18"
      },
      "geometry": {
        "type": "Point",
        "coordinates": [
          5.4314829,
          53.1706569
        ]
      },
      "id": "node/3234569583"
    },
    {
      "type": "Feature",
      "properties": {
        "@id": "node/3234603333",
        "highway": "motorway_junction",
        "name": "Harlingen",
        "ref": "18"
      },
      "geometry": {
        "type": "Point",
        "coordinates": [
          5.437139,
          53.1735199
        ]
      },
      "id": "node/3234603333"
    },
    {
      "type": "Feature",
      "properties": {
        "@id": "node/3265942714",
        "highway": "motorway_junction",
        "name": "Groningen-Zuid",
        "ref": "39"
      },
      "geometry": {
        "type": "Point",
        "coordinates": [
          6.5659971,
          53.1898696
        ]
      },
      "id": "node/3265942714"
    },
    {
      "type": "Feature",
      "properties": {
        "@id": "node/3265942715",
        "highway": "motorway_junction",
        "name": "Westerbork",
        "ref": "31",
        "source": "AND"
      },
      "geometry": {
        "type": "Point",
        "coordinates": [
          6.5139295,
          52.87829
        ]
      },
      "id": "node/3265942715"
    },
    {
      "type": "Feature",
      "properties": {
        "@id": "node/3268536691",
        "highway": "motorway_junction",
        "name": "Winschoten",
        "ref": "47"
      },
      "geometry": {
        "type": "Point",
        "coordinates": [
          7.0626631,
          53.1522637
        ]
      },
      "id": "node/3268536691"
    },
    {
      "type": "Feature",
      "properties": {
        "@id": "node/3269112567",
        "highway": "motorway_junction",
        "layer": "1",
        "name": "Diemen",
        "ref": "2",
        "source": "AND"
      },
      "geometry": {
        "type": "Point",
        "coordinates": [
          4.9858619,
          52.339487
        ]
      },
      "id": "node/3269112567"
    },
    {
      "type": "Feature",
      "properties": {
        "@id": "node/3277458098",
        "highway": "motorway_junction",
        "name": "Dordrecht-Krispijn",
        "ref": "4"
      },
      "geometry": {
        "type": "Point",
        "coordinates": [
          4.6857571,
          51.7977315
        ]
      },
      "id": "node/3277458098"
    },
    {
      "type": "Feature",
      "properties": {
        "@id": "node/3277458110",
        "highway": "motorway_junction",
        "name": "Dordrecht-Stadspolders",
        "ref": "3"
      },
      "geometry": {
        "type": "Point",
        "coordinates": [
          4.6967063,
          51.8027647
        ]
      },
      "id": "node/3277458110"
    },
    {
      "type": "Feature",
      "properties": {
        "@id": "node/3295581203",
        "highway": "motorway_junction",
        "name": "Diemen",
        "ref": "2"
      },
      "geometry": {
        "type": "Point",
        "coordinates": [
          5.0040933,
          52.3329416
        ]
      },
      "id": "node/3295581203"
    },
    {
      "type": "Feature",
      "properties": {
        "@id": "node/3295581204",
        "highway": "motorway_junction",
        "name": "Diemen",
        "ref": "2"
      },
      "geometry": {
        "type": "Point",
        "coordinates": [
          4.9933627,
          52.3359023
        ]
      },
      "id": "node/3295581204"
    },
    {
      "type": "Feature",
      "properties": {
        "@id": "node/3296858438",
        "highway": "motorway_junction",
        "name": "Amsterdam-IJburg",
        "ref": "14",
        "wikidata": "Q96602796"
      },
      "geometry": {
        "type": "Point",
        "coordinates": [
          4.9720124,
          52.3673257
        ]
      },
      "id": "node/3296858438"
    },
    {
      "type": "Feature",
      "properties": {
        "@id": "node/3311602364",
        "highway": "motorway_junction",
        "name": "Amstenrade"
      },
      "geometry": {
        "type": "Point",
        "coordinates": [
          5.9241471,
          50.934709
        ]
      },
      "id": "node/3311602364"
    },
    {
      "type": "Feature",
      "properties": {
        "@id": "node/3327415002",
        "highway": "motorway_junction",
        "name": "Wijthmen"
      },
      "geometry": {
        "type": "Point",
        "coordinates": [
          6.1727169,
          52.4849028
        ]
      },
      "id": "node/3327415002"
    },
    {
      "type": "Feature",
      "properties": {
        "@id": "node/3327415018",
        "highway": "motorway_junction",
        "name": "Wijthmen"
      },
      "geometry": {
        "type": "Point",
        "coordinates": [
          6.1831857,
          52.4812969
        ]
      },
      "id": "node/3327415018"
    },
    {
      "type": "Feature",
      "properties": {
        "@id": "node/3327519291",
        "highway": "motorway_junction",
        "name": "Hessenpoort",
        "noref": "yes"
      },
      "geometry": {
        "type": "Point",
        "coordinates": [
          6.15887,
          52.5297499
        ]
      },
      "id": "node/3327519291"
    },
    {
      "type": "Feature",
      "properties": {
        "@id": "node/3327521436",
        "highway": "motorway_junction",
        "name": "Hessenpoort",
        "noref": "yes"
      },
      "geometry": {
        "type": "Point",
        "coordinates": [
          6.1644469,
          52.5279144
        ]
      },
      "id": "node/3327521436"
    },
    {
      "type": "Feature",
      "properties": {
        "@id": "node/3359185016",
        "highway": "motorway_junction",
        "name": "Maastricht-Centrum Zuid",
        "old_name": "Knooppunt Europaplein",
        "ref": "54"
      },
      "geometry": {
        "type": "Point",
        "coordinates": [
          5.7167128,
          50.8420925
        ]
      },
      "id": "node/3359185016"
    },
    {
      "type": "Feature",
      "properties": {
        "@id": "node/3359185057",
        "highway": "motorway_junction",
        "name": "Maastricht-Centrum Zuid",
        "old_name": "Knooppunt Europaplein",
        "ref": "54"
      },
      "geometry": {
        "type": "Point",
        "coordinates": [
          5.7182752,
          50.8389692
        ]
      },
      "id": "node/3359185057"
    },
    {
      "type": "Feature",
      "properties": {
        "@id": "node/3368674936",
        "highway": "motorway_junction",
        "name": "Lisse"
      },
      "geometry": {
        "type": "Point",
        "coordinates": [
          4.5223244,
          52.2888059
        ]
      },
      "id": "node/3368674936"
    },
    {
      "type": "Feature",
      "properties": {
        "@id": "node/3368823490",
        "highway": "motorway_junction",
        "name": "Noordwijk"
      },
      "geometry": {
        "type": "Point",
        "coordinates": [
          4.4667593,
          52.2349002
        ]
      },
      "id": "node/3368823490"
    },
    {
      "type": "Feature",
      "properties": {
        "@id": "node/3389800594",
        "highway": "motorway_junction"
      },
      "geometry": {
        "type": "Point",
        "coordinates": [
          5.6891025,
          50.8595914
        ]
      },
      "id": "node/3389800594"
    },
    {
      "type": "Feature",
      "properties": {
        "@id": "node/3396445140",
        "highway": "motorway_junction",
        "name": "Landgraaf-Zuid"
      },
      "geometry": {
        "type": "Point",
        "coordinates": [
          6.0427473,
          50.8913459
        ]
      },
      "id": "node/3396445140"
    },
    {
      "type": "Feature",
      "properties": {
        "@id": "node/3412327362",
        "highway": "motorway_junction",
        "loc_name": "Knooppunt Ter Apel",
        "noname": "yes",
        "note": "Naamloos knooppunt, splitspunt aangegeven met chevronbord (naam \"knooppunt Ter Apel\" is informeel gebruikt in enkele overheidsrapporten)",
        "source:loc_name": "https://ro.emmen.nl/imro2008/NL.IMRO.0114.2015026-B701/t_NL.IMRO.0114.2015026-B701.html"
      },
      "geometry": {
        "type": "Point",
        "coordinates": [
          7.0493303,
          52.861969
        ]
      },
      "id": "node/3412327362"
    },
    {
      "type": "Feature",
      "properties": {
        "@id": "node/3412327375",
        "highway": "motorway_junction",
        "loc_name": "Knooppunt Ter Apel",
        "noname": "yes",
        "note": "Naamloos knooppunt, splitspunt aangegeven met chevronbord (naam \"knooppunt Ter Apel\" is informeel gebruikt in enkele overheidsrapporten)",
        "source:loc_name": "https://ro.emmen.nl/imro2008/NL.IMRO.0114.2015026-B701/t_NL.IMRO.0114.2015026-B701.html"
      },
      "geometry": {
        "type": "Point",
        "coordinates": [
          7.0540142,
          52.8603115
        ]
      },
      "id": "node/3412327375"
    },
    {
      "type": "Feature",
      "properties": {
        "@id": "node/3424650531",
        "highway": "motorway_junction",
        "name": "Roosendaal-Kroeven"
      },
      "geometry": {
        "type": "Point",
        "coordinates": [
          4.4654881,
          51.5231525
        ]
      },
      "id": "node/3424650531"
    },
    {
      "type": "Feature",
      "properties": {
        "@id": "node/3473130572",
        "highway": "motorway_junction",
        "name": "Kaatsheuvel"
      },
      "geometry": {
        "type": "Point",
        "coordinates": [
          5.0580279,
          51.6658372
        ]
      },
      "id": "node/3473130572"
    },
    {
      "type": "Feature",
      "properties": {
        "@id": "node/3480703206",
        "highway": "motorway_junction",
        "name": "Knooppunt Kethelplein"
      },
      "geometry": {
        "type": "Point",
        "coordinates": [
          4.3545075,
          51.9482806
        ]
      },
      "id": "node/3480703206"
    },
    {
      "type": "Feature",
      "properties": {
        "@id": "node/3529314240",
        "highway": "motorway_junction",
        "name": "Leeuwarden-Zuid",
        "ref": "25"
      },
      "geometry": {
        "type": "Point",
        "coordinates": [
          5.7912644,
          53.1584669
        ]
      },
      "id": "node/3529314240"
    },
    {
      "type": "Feature",
      "properties": {
        "@id": "node/3531450224",
        "highway": "motorway_junction",
        "name": "Brunssum"
      },
      "geometry": {
        "type": "Point",
        "coordinates": [
          5.9684392,
          50.959244
        ]
      },
      "id": "node/3531450224"
    },
    {
      "type": "Feature",
      "properties": {
        "@id": "node/3542212148",
        "highway": "motorway_junction",
        "name": "Sluiskil"
      },
      "geometry": {
        "type": "Point",
        "coordinates": [
          3.8089816,
          51.2963154
        ]
      },
      "id": "node/3542212148"
    },
    {
      "type": "Feature",
      "properties": {
        "@id": "node/3613498849",
        "highway": "motorway_junction",
        "name": "Musselkanaal-Zuid"
      },
      "geometry": {
        "type": "Point",
        "coordinates": [
          7.0359899,
          52.9209221
        ]
      },
      "id": "node/3613498849"
    },
    {
      "type": "Feature",
      "properties": {
        "@id": "node/3613498873",
        "highway": "motorway_junction",
        "name": "Musselkanaal-Zuid"
      },
      "geometry": {
        "type": "Point",
        "coordinates": [
          7.0345249,
          52.9262974
        ]
      },
      "id": "node/3613498873"
    },
    {
      "type": "Feature",
      "properties": {
        "@id": "node/3645043546",
        "highway": "motorway_junction",
        "name": "Heinkenszand",
        "ref": "36"
      },
      "geometry": {
        "type": "Point",
        "coordinates": [
          3.8185349,
          51.4833318
        ]
      },
      "id": "node/3645043546"
    },
    {
      "type": "Feature",
      "properties": {
        "@id": "node/3667010810",
        "highway": "motorway_junction",
        "name": "Lelystad",
        "ref": "10"
      },
      "geometry": {
        "type": "Point",
        "coordinates": [
          5.491581,
          52.4749698
        ]
      },
      "id": "node/3667010810"
    },
    {
      "type": "Feature",
      "properties": {
        "@id": "node/3667420937",
        "highway": "motorway_junction",
        "name": "Knooppunt Gooimeer"
      },
      "geometry": {
        "type": "Point",
        "coordinates": [
          5.1818263,
          52.3450861
        ]
      },
      "id": "node/3667420937"
    },
    {
      "type": "Feature",
      "properties": {
        "@id": "node/3699137125",
        "highway": "motorway_junction",
        "name": "Bedrijventerrein Marsdijk"
      },
      "geometry": {
        "type": "Point",
        "coordinates": [
          5.5745615,
          51.9471895
        ]
      },
      "id": "node/3699137125"
    },
    {
      "type": "Feature",
      "properties": {
        "@id": "node/3699210482",
        "highway": "motorway_junction",
        "name": "Culemborg"
      },
      "geometry": {
        "type": "Point",
        "coordinates": [
          5.5634769,
          51.9375045
        ]
      },
      "id": "node/3699210482"
    },
    {
      "type": "Feature",
      "properties": {
        "@id": "node/3725697953",
        "highway": "motorway_junction",
        "name": "Literatuurwijk",
        "note": "Deze afrit dient ook genomen te worden indien men richting Literatuurwijk wilt, men dient onderaan de afrit rechtdoor te rijden."
      },
      "geometry": {
        "type": "Point",
        "coordinates": [
          5.1734653,
          52.3474482
        ]
      },
      "id": "node/3725697953"
    },
    {
      "type": "Feature",
      "properties": {
        "@id": "node/3756833673",
        "highway": "motorway_junction",
        "name": "Amstenrade"
      },
      "geometry": {
        "type": "Point",
        "coordinates": [
          5.9326348,
          50.9375904
        ]
      },
      "id": "node/3756833673"
    },
    {
      "type": "Feature",
      "properties": {
        "@id": "node/3756833710",
        "highway": "motorway_junction",
        "name": "Brunssum-Oost"
      },
      "geometry": {
        "type": "Point",
        "coordinates": [
          5.9987464,
          50.9392024
        ]
      },
      "id": "node/3756833710"
    },
    {
      "type": "Feature",
      "properties": {
        "@id": "node/3756834697",
        "highway": "motorway_junction",
        "name": "Kerkrade"
      },
      "geometry": {
        "type": "Point",
        "coordinates": [
          6.0404068,
          50.8528456
        ]
      },
      "id": "node/3756834697"
    },
    {
      "type": "Feature",
      "properties": {
        "@id": "node/3772191329",
        "highway": "motorway_junction",
        "name": "Dedemsvaart"
      },
      "geometry": {
        "type": "Point",
        "coordinates": [
          6.4081984,
          52.5983543
        ]
      },
      "id": "node/3772191329"
    },
    {
      "type": "Feature",
      "properties": {
        "@id": "node/3778503414",
        "highway": "motorway_junction",
        "name": "Centrum"
      },
      "geometry": {
        "type": "Point",
        "coordinates": [
          4.3052228,
          52.0964901
        ]
      },
      "id": "node/3778503414"
    },
    {
      "type": "Feature",
      "properties": {
        "@id": "node/3781904085",
        "highway": "motorway_junction",
        "name": "Knooppunt Holendrecht",
        "wikidata": "Q2041437",
        "wikimedia_commons": "Category:Knooppunt Holendrecht",
        "wikipedia": "nl:Knooppunt Holendrecht"
      },
      "geometry": {
        "type": "Point",
        "coordinates": [
          4.9444556,
          52.2991261
        ]
      },
      "id": "node/3781904085"
    },
    {
      "type": "Feature",
      "properties": {
        "@id": "node/3781904086",
        "highway": "motorway_junction",
        "name": "Knooppunt Holendrecht",
        "wikidata": "Q2041437",
        "wikimedia_commons": "Category:Knooppunt Holendrecht",
        "wikipedia": "nl:Knooppunt Holendrecht"
      },
      "geometry": {
        "type": "Point",
        "coordinates": [
          4.94142,
          52.2989171
        ]
      },
      "id": "node/3781904086"
    },
    {
      "type": "Feature",
      "properties": {
        "@id": "node/3801482575",
        "alt_name": "Langstraatplein",
        "highway": "motorway_junction",
        "name": "Waalwijk",
        "ref": "37",
        "wikidata": "Q20898172",
        "wikipedia": "nl:Langstraatplein"
      },
      "geometry": {
        "type": "Point",
        "coordinates": [
          5.0303089,
          51.6923703
        ]
      },
      "id": "node/3801482575"
    },
    {
      "type": "Feature",
      "properties": {
        "@id": "node/3820718434",
        "highway": "motorway_junction",
        "name": "Wijnjewoude"
      },
      "geometry": {
        "type": "Point",
        "coordinates": [
          6.188268,
          53.0448908
        ]
      },
      "id": "node/3820718434"
    },
    {
      "type": "Feature",
      "properties": {
        "@id": "node/3821295351",
        "highway": "motorway_junction",
        "name": "Appelscha"
      },
      "geometry": {
        "type": "Point",
        "coordinates": [
          6.3352806,
          52.9346052
        ]
      },
      "id": "node/3821295351"
    },
    {
      "type": "Feature",
      "properties": {
        "@id": "node/3834056298",
        "highway": "motorway_junction",
        "name": "Hilversum",
        "ref": "33"
      },
      "geometry": {
        "type": "Point",
        "coordinates": [
          5.1933414,
          52.2014869
        ]
      },
      "id": "node/3834056298"
    },
    {
      "type": "Feature",
      "properties": {
        "@id": "node/3840706837",
        "highway": "motorway_junction",
        "name": "Appelscha"
      },
      "geometry": {
        "type": "Point",
        "coordinates": [
          6.344711,
          52.9332435
        ]
      },
      "id": "node/3840706837"
    },
    {
      "type": "Feature",
      "properties": {
        "@id": "node/3861506713",
        "highway": "motorway_junction",
        "name": "Amersfoort",
        "ref": "8"
      },
      "geometry": {
        "type": "Point",
        "coordinates": [
          5.4178033,
          52.155747
        ]
      },
      "id": "node/3861506713"
    },
    {
      "type": "Feature",
      "properties": {
        "@id": "node/3870562200",
        "highway": "motorway_junction",
        "name": "Brunssum"
      },
      "geometry": {
        "type": "Point",
        "coordinates": [
          5.9791373,
          50.9600326
        ]
      },
      "id": "node/3870562200"
    },
    {
      "type": "Feature",
      "properties": {
        "@id": "node/3889460558",
        "highway": "motorway_junction",
        "name": "Muiderberg",
        "ref": "1",
        "source": "AND"
      },
      "geometry": {
        "type": "Point",
        "coordinates": [
          5.1263338,
          52.319599
        ]
      },
      "id": "node/3889460558"
    },
    {
      "type": "Feature",
      "properties": {
        "@id": "node/3924222560",
        "highway": "motorway_junction",
        "name": "Knooppunt Rottepolderplein",
        "source": "AND"
      },
      "geometry": {
        "type": "Point",
        "coordinates": [
          4.7065451,
          52.3895008
        ]
      },
      "id": "node/3924222560"
    },
    {
      "type": "Feature",
      "properties": {
        "@id": "node/3946339890",
        "highway": "motorway_junction",
        "name": "Knooppunt Vlaardingen",
        "wikidata": "Q125464587",
        "wikipedia": "nl:Knooppunt Vlaardingen"
      },
      "geometry": {
        "type": "Point",
        "coordinates": [
          4.29734,
          51.9164992
        ]
      },
      "id": "node/3946339890"
    },
    {
      "type": "Feature",
      "properties": {
        "@id": "node/3976150544",
        "highway": "motorway_junction",
        "name": "Brunssum-West"
      },
      "geometry": {
        "type": "Point",
        "coordinates": [
          5.9453457,
          50.9436229
        ]
      },
      "id": "node/3976150544"
    },
    {
      "type": "Feature",
      "properties": {
        "@id": "node/3976150545",
        "highway": "motorway_junction",
        "name": "Brunssum-West"
      },
      "geometry": {
        "type": "Point",
        "coordinates": [
          5.9545498,
          50.9485417
        ]
      },
      "id": "node/3976150545"
    },
    {
      "type": "Feature",
      "properties": {
        "@id": "node/4060259741",
        "highway": "motorway_junction"
      },
      "geometry": {
        "type": "Point",
        "coordinates": [
          4.4593156,
          51.8010977
        ]
      },
      "id": "node/4060259741"
    },
    {
      "type": "Feature",
      "properties": {
        "@id": "node/4071487882",
        "highway": "motorway_junction",
        "name": "Knooppunt Velsen"
      },
      "geometry": {
        "type": "Point",
        "coordinates": [
          4.6668821,
          52.4454682
        ]
      },
      "id": "node/4071487882"
    },
    {
      "type": "Feature",
      "properties": {
        "@id": "node/4111845124",
        "highway": "motorway_junction",
        "name": "Amsterdam-Bijlmermeer",
        "ref": "1"
      },
      "geometry": {
        "type": "Point",
        "coordinates": [
          4.9903322,
          52.3149036
        ]
      },
      "id": "node/4111845124"
    },
    {
      "type": "Feature",
      "properties": {
        "@id": "node/4114237765",
        "highway": "motorway_junction",
        "name": "Knooppunt Diemen"
      },
      "geometry": {
        "type": "Point",
        "coordinates": [
          5.0037191,
          52.3222305
        ]
      },
      "id": "node/4114237765"
    },
    {
      "type": "Feature",
      "properties": {
        "@id": "node/4146807006",
        "highway": "motorway_junction",
        "name": "Kampen-Zuid",
        "ref": "31"
      },
      "geometry": {
        "type": "Point",
        "coordinates": [
          5.919244,
          52.5271046
        ]
      },
      "id": "node/4146807006"
    },
    {
      "type": "Feature",
      "properties": {
        "@id": "node/4159573757",
        "highway": "motorway_junction",
        "name": "Veenendaal-West",
        "ref": "23"
      },
      "geometry": {
        "type": "Point",
        "coordinates": [
          5.5496947,
          52.0425031
        ]
      },
      "id": "node/4159573757"
    },
    {
      "type": "Feature",
      "properties": {
        "@id": "node/4170171321",
        "highway": "motorway_junction",
        "name": "Akkrum",
        "ref": "13",
        "source": "AND"
      },
      "geometry": {
        "type": "Point",
        "coordinates": [
          5.843955,
          53.0514233
        ]
      },
      "id": "node/4170171321"
    },
    {
      "type": "Feature",
      "properties": {
        "@id": "node/4174436595",
        "highway": "motorway_junction",
        "name": "Venlo-West",
        "ref": "13",
        "wikidata": "Q96757023"
      },
      "geometry": {
        "type": "Point",
        "coordinates": [
          6.1236794,
          51.3850916
        ]
      },
      "id": "node/4174436595"
    },
    {
      "type": "Feature",
      "properties": {
        "@id": "node/4181992324",
        "highway": "motorway_junction",
        "name": "Bodegraven-Centrum",
        "ref": "11"
      },
      "geometry": {
        "type": "Point",
        "coordinates": [
          4.7372641,
          52.0846505
        ]
      },
      "id": "node/4181992324"
    },
    {
      "type": "Feature",
      "properties": {
        "@id": "node/4194986207",
        "highway": "motorway_junction",
        "name": "Brunssum-Oost"
      },
      "geometry": {
        "type": "Point",
        "coordinates": [
          5.995756,
          50.9469671
        ]
      },
      "id": "node/4194986207"
    },
    {
      "type": "Feature",
      "properties": {
        "@id": "node/4195002089",
        "highway": "motorway_junction",
        "name": "Naanhofsweg"
      },
      "geometry": {
        "type": "Point",
        "coordinates": [
          5.9081059,
          50.9258679
        ]
      },
      "id": "node/4195002089"
    },
    {
      "type": "Feature",
      "properties": {
        "@id": "node/4200805902",
        "highway": "motorway_junction",
        "name": "Landgraaf-Noord"
      },
      "geometry": {
        "type": "Point",
        "coordinates": [
          6.0251255,
          50.9164902
        ]
      },
      "id": "node/4200805902"
    },
    {
      "type": "Feature",
      "properties": {
        "@id": "node/4297090699",
        "highway": "motorway_junction",
        "name": "Winsum"
      },
      "geometry": {
        "type": "Point",
        "coordinates": [
          5.6477166,
          53.1513357
        ]
      },
      "id": "node/4297090699"
    },
    {
      "type": "Feature",
      "properties": {
        "@id": "node/4307650628",
        "highway": "motorway_junction",
        "name": "Bedrijventerrein Retsel"
      },
      "geometry": {
        "type": "Point",
        "coordinates": [
          5.4930136,
          51.6303445
        ]
      },
      "id": "node/4307650628"
    },
    {
      "type": "Feature",
      "properties": {
        "@id": "node/4307682421",
        "highway": "motorway_junction",
        "name": "Heeswijk-Dinther"
      },
      "geometry": {
        "type": "Point",
        "coordinates": [
          5.4619375,
          51.6446794
        ]
      },
      "id": "node/4307682421"
    },
    {
      "type": "Feature",
      "properties": {
        "@id": "node/4309111524",
        "highway": "motorway_junction",
        "name": "Bedrijventerrein Retsel"
      },
      "geometry": {
        "type": "Point",
        "coordinates": [
          5.4866056,
          51.6334915
        ]
      },
      "id": "node/4309111524"
    },
    {
      "type": "Feature",
      "properties": {
        "@id": "node/4334661884",
        "highway": "motorway_junction",
        "name": "Knooppunt Kunderberg"
      },
      "geometry": {
        "type": "Point",
        "coordinates": [
          5.9459307,
          50.873702
        ]
      },
      "id": "node/4334661884"
    },
    {
      "type": "Feature",
      "properties": {
        "@id": "node/4343161072",
        "highway": "motorway_junction",
        "name": "Ulestraten",
        "ref": "50"
      },
      "geometry": {
        "type": "Point",
        "coordinates": [
          5.7758049,
          50.9258731
        ]
      },
      "id": "node/4343161072"
    },
    {
      "type": "Feature",
      "properties": {
        "@id": "node/4350089238",
        "highway": "motorway_junction",
        "name": "Middelrode"
      },
      "geometry": {
        "type": "Point",
        "coordinates": [
          5.4158992,
          51.6562857
        ]
      },
      "id": "node/4350089238"
    },
    {
      "type": "Feature",
      "properties": {
        "@id": "node/4360128297",
        "highway": "motorway_junction",
        "name": "Knooppunt Ommedijk",
        "wikidata": "Q27768260",
        "wikipedia": "nl:Knooppunt Ommedijk"
      },
      "geometry": {
        "type": "Point",
        "coordinates": [
          4.4337511,
          52.1501791
        ]
      },
      "id": "node/4360128297"
    },
    {
      "type": "Feature",
      "properties": {
        "@id": "node/4360496582",
        "highway": "motorway_junction",
        "name": "Winsum"
      },
      "geometry": {
        "type": "Point",
        "coordinates": [
          5.6437524,
          53.1496053
        ]
      },
      "id": "node/4360496582"
    },
    {
      "type": "Feature",
      "properties": {
        "@id": "node/4363681045",
        "highway": "motorway_junction",
        "name": "Elsloo",
        "ref": "49",
        "source": "AND"
      },
      "geometry": {
        "type": "Point",
        "coordinates": [
          5.7866314,
          50.9548066
        ]
      },
      "id": "node/4363681045"
    },
    {
      "type": "Feature",
      "properties": {
        "@id": "node/4364212802",
        "highway": "motorway_junction",
        "name": "Naarden-West",
        "ref": "5"
      },
      "geometry": {
        "type": "Point",
        "coordinates": [
          5.118787,
          52.3109795
        ]
      },
      "id": "node/4364212802"
    },
    {
      "type": "Feature",
      "properties": {
        "@id": "node/4372805347",
        "highway": "motorway_junction",
        "name": "Knooppunt Kethelplein"
      },
      "geometry": {
        "type": "Point",
        "coordinates": [
          4.3815125,
          51.9262517
        ]
      },
      "id": "node/4372805347"
    },
    {
      "type": "Feature",
      "properties": {
        "@id": "node/4373898668",
        "highway": "motorway_junction",
        "name": "Berlicum"
      },
      "geometry": {
        "type": "Point",
        "coordinates": [
          5.3926745,
          51.6693917
        ]
      },
      "id": "node/4373898668"
    },
    {
      "type": "Feature",
      "properties": {
        "@id": "node/4373898684",
        "highway": "motorway_junction",
        "name": "Heeswijk-Dinther"
      },
      "geometry": {
        "type": "Point",
        "coordinates": [
          5.4528847,
          51.6468626
        ]
      },
      "id": "node/4373898684"
    },
    {
      "type": "Feature",
      "properties": {
        "@id": "node/4379805102",
        "highway": "motorway_junction",
        "name": "'s-Heerenhoek"
      },
      "geometry": {
        "type": "Point",
        "coordinates": [
          3.7569915,
          51.4615228
        ]
      },
      "id": "node/4379805102"
    },
    {
      "type": "Feature",
      "properties": {
        "@id": "node/4409569054",
        "highway": "motorway_junction",
        "name": "Dordrecht-Willemsdorp",
        "ref": "19"
      },
      "geometry": {
        "type": "Point",
        "coordinates": [
          4.6423974,
          51.7540103
        ]
      },
      "id": "node/4409569054"
    },
    {
      "type": "Feature",
      "properties": {
        "@id": "node/4425214010",
        "highway": "motorway_junction",
        "name": "Almere-Haven",
        "note": "De afrit heet Almere-Haven (met streepje, spelling Rijkswaterstaat) in afwijking met het stadsdeel, dat Almere Haven heet (zonder streepje, spelling gemeente)",
        "ref": "4"
      },
      "geometry": {
        "type": "Point",
        "coordinates": [
          5.2063822,
          52.3529313
        ]
      },
      "id": "node/4425214010"
    },
    {
      "type": "Feature",
      "properties": {
        "@id": "node/4432816245",
        "highway": "motorway_junction",
        "name": "Kerkrade-West"
      },
      "geometry": {
        "type": "Point",
        "coordinates": [
          6.0441132,
          50.867451
        ]
      },
      "id": "node/4432816245"
    },
    {
      "type": "Feature",
      "properties": {
        "@id": "node/4432816319",
        "highway": "motorway_junction",
        "name": "Kerkrade-West"
      },
      "geometry": {
        "type": "Point",
        "coordinates": [
          6.0429413,
          50.8711333
        ]
      },
      "id": "node/4432816319"
    },
    {
      "type": "Feature",
      "properties": {
        "@id": "node/4487365939",
        "highway": "motorway_junction",
        "name": "Literatuurwijk-Zuid"
      },
      "geometry": {
        "type": "Point",
        "coordinates": [
          5.1732869,
          52.3514673
        ]
      },
      "id": "node/4487365939"
    },
    {
      "type": "Feature",
      "properties": {
        "@id": "node/4501234469",
        "highway": "motorway_junction",
        "name": "Sittard-Noord"
      },
      "geometry": {
        "type": "Point",
        "coordinates": [
          5.85284,
          51.0166397
        ]
      },
      "id": "node/4501234469"
    },
    {
      "type": "Feature",
      "properties": {
        "@id": "node/4501234522",
        "highway": "motorway_junction",
        "name": "Sittard-Noord"
      },
      "geometry": {
        "type": "Point",
        "coordinates": [
          5.8550456,
          51.0203904
        ]
      },
      "id": "node/4501234522"
    },
    {
      "type": "Feature",
      "properties": {
        "@id": "node/4504959027",
        "destination": "Almere Haven (A6);Amsterdam (A6);Lelystad (A6);Utrecht (A6)(A27)",
        "destination:ref": "S104",
        "highway": "motorway_junction",
        "name": "Tussen de Vaarten"
      },
      "geometry": {
        "type": "Point",
        "coordinates": [
          5.2393743,
          52.3963229
        ]
      },
      "id": "node/4504959027"
    },
    {
      "type": "Feature",
      "properties": {
        "@id": "node/4523673961",
        "highway": "motorway_junction",
        "name": "Exloo"
      },
      "geometry": {
        "type": "Point",
        "coordinates": [
          6.8206193,
          52.8895485
        ]
      },
      "id": "node/4523673961"
    },
    {
      "type": "Feature",
      "properties": {
        "@id": "node/4529879570",
        "highway": "motorway_junction",
        "name": "Landgraaf-Oost"
      },
      "geometry": {
        "type": "Point",
        "coordinates": [
          6.0378545,
          50.9105069
        ]
      },
      "id": "node/4529879570"
    },
    {
      "type": "Feature",
      "properties": {
        "@id": "node/4529879689",
        "highway": "motorway_junction",
        "name": "Landgraaf-Oost"
      },
      "geometry": {
        "type": "Point",
        "coordinates": [
          6.031507,
          50.9138991
        ]
      },
      "id": "node/4529879689"
    },
    {
      "type": "Feature",
      "properties": {
        "@id": "node/4565370657",
        "highway": "motorway_junction",
        "name": "Maastricht-Centrum Noord",
        "ref": "53"
      },
      "geometry": {
        "type": "Point",
        "coordinates": [
          5.7114887,
          50.8563629
        ]
      },
      "id": "node/4565370657"
    },
    {
      "type": "Feature",
      "properties": {
        "@id": "node/4577204543",
        "highway": "motorway_junction",
        "name": "Maastricht-Centrum Noord",
        "ref": "53"
      },
      "geometry": {
        "type": "Point",
        "coordinates": [
          5.7175884,
          50.8624678
        ]
      },
      "id": "node/4577204543"
    },
    {
      "type": "Feature",
      "properties": {
        "@id": "node/4578399493",
        "highway": "motorway_junction",
        "name": "Knooppunt Westerlee",
        "source:name": "NBA",
        "wikidata": "Q2682908",
        "wikipedia": "nl:Knooppunt Westerlee"
      },
      "geometry": {
        "type": "Point",
        "coordinates": [
          4.2148824,
          51.9715579
        ]
      },
      "id": "node/4578399493"
    },
    {
      "type": "Feature",
      "properties": {
        "@id": "node/4578399494",
        "highway": "motorway_junction",
        "name": "Knooppunt Westerlee",
        "source:name": "NBA",
        "wikidata": "Q2682908",
        "wikipedia": "nl:Knooppunt Westerlee"
      },
      "geometry": {
        "type": "Point",
        "coordinates": [
          4.2159748,
          51.9729257
        ]
      },
      "id": "node/4578399494"
    },
    {
      "type": "Feature",
      "properties": {
        "@id": "node/4578399495",
        "highway": "motorway_junction",
        "name": "Knooppunt Westerlee",
        "source:name": "NBA",
        "wikidata": "Q2682908",
        "wikipedia": "nl:Knooppunt Westerlee"
      },
      "geometry": {
        "type": "Point",
        "coordinates": [
          4.2179028,
          51.972504
        ]
      },
      "id": "node/4578399495"
    },
    {
      "type": "Feature",
      "properties": {
        "@id": "node/4591305856",
        "highway": "motorway_junction",
        "name": "Landgraaf-Noord"
      },
      "geometry": {
        "type": "Point",
        "coordinates": [
          6.0189102,
          50.9216367
        ]
      },
      "id": "node/4591305856"
    },
    {
      "type": "Feature",
      "properties": {
        "@id": "node/4593416919",
        "highway": "motorway_junction",
        "name": "Rotterdam-Airport",
        "ref": "30",
        "source": "https://www.rijkswaterstaat.nl/apps/geoservices/geodata/regios/civ/bewegwijzering_open/05000/05230/05230023S.png",
        "wikidata": "Q125465147"
      },
      "geometry": {
        "type": "Point",
        "coordinates": [
          4.430204,
          51.9561308
        ]
      },
      "id": "node/4593416919"
    },
    {
      "type": "Feature",
      "properties": {
        "@id": "node/4637822241",
        "highway": "motorway_junction",
        "name": "Houten",
        "ref": "29"
      },
      "geometry": {
        "type": "Point",
        "coordinates": [
          5.1366927,
          52.0332022
        ]
      },
      "id": "node/4637822241"
    },
    {
      "type": "Feature",
      "properties": {
        "@id": "node/4666239203",
        "highway": "motorway_junction",
        "name": "Knooppunt Tiglia"
      },
      "geometry": {
        "type": "Point",
        "coordinates": [
          6.1574715,
          51.3472483
        ]
      },
      "id": "node/4666239203"
    },
    {
      "type": "Feature",
      "properties": {
        "@id": "node/4683680077",
        "highway": "motorway_junction",
        "name": "Knooppunt Stelleplas"
      },
      "geometry": {
        "type": "Point",
        "coordinates": [
          3.8088332,
          51.4838993
        ]
      },
      "id": "node/4683680077"
    },
    {
      "type": "Feature",
      "properties": {
        "@id": "node/4691288511",
        "highway": "motorway_junction",
        "name": "Annen"
      },
      "geometry": {
        "type": "Point",
        "coordinates": [
          6.7158335,
          53.0466884
        ]
      },
      "id": "node/4691288511"
    },
    {
      "type": "Feature",
      "properties": {
        "@id": "node/4747376512",
        "highway": "motorway_junction",
        "name": "Knooppunt Beverwijk"
      },
      "geometry": {
        "type": "Point",
        "coordinates": [
          4.6851954,
          52.4840562
        ]
      },
      "id": "node/4747376512"
    },
    {
      "type": "Feature",
      "properties": {
        "@id": "node/4756658086",
        "highway": "motorway_junction",
        "name": "Knooppunt Everdingen"
      },
      "geometry": {
        "type": "Point",
        "coordinates": [
          5.1081709,
          51.983746
        ]
      },
      "id": "node/4756658086"
    },
    {
      "type": "Feature",
      "properties": {
        "@id": "node/4756658088",
        "highway": "motorway_junction",
        "name": "Knooppunt Everdingen"
      },
      "geometry": {
        "type": "Point",
        "coordinates": [
          5.0956524,
          51.9696129
        ]
      },
      "id": "node/4756658088"
    },
    {
      "type": "Feature",
      "properties": {
        "@id": "node/4788734650",
        "highway": "motorway_junction",
        "name": "Knooppunt Hofvliet",
        "wikidata": "Q27768259",
        "wikipedia": "nl:Knooppunt Hofvliet"
      },
      "geometry": {
        "type": "Point",
        "coordinates": [
          4.4812812,
          52.125321
        ]
      },
      "id": "node/4788734650"
    },
    {
      "type": "Feature",
      "properties": {
        "@id": "node/4802561956",
        "highway": "motorway_junction",
        "name": "Zuidwolde"
      },
      "geometry": {
        "type": "Point",
        "coordinates": [
          6.4446526,
          52.6716268
        ]
      },
      "id": "node/4802561956"
    },
    {
      "type": "Feature",
      "properties": {
        "@id": "node/4806565166",
        "highway": "motorway_junction",
        "name": "Knooppunt Prins Clausplein",
        "wikidata": "Q1955146",
        "wikipedia": "nl:Knooppunt Prins Clausplein"
      },
      "geometry": {
        "type": "Point",
        "coordinates": [
          4.3673303,
          52.0640946
        ]
      },
      "id": "node/4806565166"
    },
    {
      "type": "Feature",
      "properties": {
        "@id": "node/4818915358",
        "highway": "motorway_junction",
        "name": "Knooppunt Ridderkerk"
      },
      "geometry": {
        "type": "Point",
        "coordinates": [
          4.5625707,
          51.8702694
        ]
      },
      "id": "node/4818915358"
    },
    {
      "type": "Feature",
      "properties": {
        "@id": "node/4825948444",
        "highway": "motorway_junction",
        "name": "Knooppunt Muiderberg"
      },
      "geometry": {
        "type": "Point",
        "coordinates": [
          5.1122892,
          52.315518
        ]
      },
      "id": "node/4825948444"
    },
    {
      "type": "Feature",
      "properties": {
        "@id": "node/4836675304",
        "highway": "motorway_junction",
        "name": "Knooppunt De Nieuwe Meer",
        "wikidata": "Q2179633",
        "wikimedia_commons": "Category:Knooppunt De Nieuwe Meer",
        "wikipedia": "nl:Knooppunt De Nieuwe Meer"
      },
      "geometry": {
        "type": "Point",
        "coordinates": [
          4.8405502,
          52.3438372
        ]
      },
      "id": "node/4836675304"
    },
    {
      "type": "Feature",
      "properties": {
        "@id": "node/4857635501",
        "highway": "motorway_junction",
        "name": "Kornwerderzand",
        "ref": "14a"
      },
      "geometry": {
        "type": "Point",
        "coordinates": [
          5.3470785,
          53.0763668
        ]
      },
      "id": "node/4857635501"
    },
    {
      "type": "Feature",
      "properties": {
        "@id": "node/4908230256",
        "highway": "motorway_junction",
        "name": "Amsterdam-Zuidoost",
        "note": "Afrit(nummer) van A9",
        "ref": "3"
      },
      "geometry": {
        "type": "Point",
        "coordinates": [
          4.9420114,
          52.2938854
        ]
      },
      "id": "node/4908230256"
    },
    {
      "type": "Feature",
      "properties": {
        "@id": "node/4930967976",
        "highway": "motorway_junction",
        "name": "De Wijzend"
      },
      "geometry": {
        "type": "Point",
        "coordinates": [
          5.1693612,
          52.6775573
        ]
      },
      "id": "node/4930967976"
    },
    {
      "type": "Feature",
      "properties": {
        "@id": "node/4988038783",
        "highway": "motorway_junction",
        "name": "Waalwijk-Oost",
        "ref": "39",
        "wikidata": "Q97759680"
      },
      "geometry": {
        "type": "Point",
        "coordinates": [
          5.0963353,
          51.6961419
        ]
      },
      "id": "node/4988038783"
    },
    {
      "type": "Feature",
      "properties": {
        "@id": "node/4988162843",
        "highway": "motorway_junction",
        "name": "Tiel",
        "ref": "33"
      },
      "geometry": {
        "type": "Point",
        "coordinates": [
          5.4266051,
          51.9006572
        ]
      },
      "id": "node/4988162843"
    },
    {
      "type": "Feature",
      "properties": {
        "@id": "node/4998725321",
        "highway": "motorway_junction",
        "name": "Abbekerk",
        "ref": "10a"
      },
      "geometry": {
        "type": "Point",
        "coordinates": [
          5.0255111,
          52.7185638
        ]
      },
      "id": "node/4998725321"
    },
    {
      "type": "Feature",
      "properties": {
        "@id": "node/4998725322",
        "highway": "motorway_junction",
        "name": "Abbekerk",
        "ref": "10a"
      },
      "geometry": {
        "type": "Point",
        "coordinates": [
          5.0250726,
          52.722773
        ]
      },
      "id": "node/4998725322"
    },
    {
      "type": "Feature",
      "properties": {
        "@id": "node/4998725429",
        "highway": "motorway_junction",
        "name": "Avenhorn",
        "ref": "7"
      },
      "geometry": {
        "type": "Point",
        "coordinates": [
          5.00482,
          52.6219413
        ]
      },
      "id": "node/4998725429"
    },
    {
      "type": "Feature",
      "properties": {
        "@id": "node/5000793253",
        "highway": "motorway_junction",
        "name": "Beverwijk",
        "ref": "2a"
      },
      "geometry": {
        "type": "Point",
        "coordinates": [
          4.6523925,
          52.4721169
        ]
      },
      "id": "node/5000793253"
    },
    {
      "type": "Feature",
      "properties": {
        "@id": "node/5085073860",
        "highway": "motorway_junction",
        "name": "Landgraaf-Zuid"
      },
      "geometry": {
        "type": "Point",
        "coordinates": [
          6.0432637,
          50.8848694
        ]
      },
      "id": "node/5085073860"
    },
    {
      "type": "Feature",
      "properties": {
        "@id": "node/5094764840",
        "highway": "motorway_junction",
        "name": "Almere-Stad",
        "note": "De afrit heet Almere-Stad (met streepje, spelling Rijkswaterstaat) in afwijking met het stadsdeel, dat Almere Stad heet (zonder streepje, spelling gemeente)",
        "ref": "5"
      },
      "geometry": {
        "type": "Point",
        "coordinates": [
          5.2509671,
          52.3532501
        ]
      },
      "id": "node/5094764840"
    },
    {
      "type": "Feature",
      "properties": {
        "@id": "node/5094956919",
        "highway": "motorway_junction",
        "name": "Almere-Buiten",
        "note": "De afrit heet Almere-Buiten (met streepje, spelling Rijkswaterstaat) in afwijking met het stadsdeel, dat Almere Buiten heet (zonder streepje, spelling gemeente)",
        "ref": "6"
      },
      "geometry": {
        "type": "Point",
        "coordinates": [
          5.2855405,
          52.3698359
        ]
      },
      "id": "node/5094956919"
    },
    {
      "type": "Feature",
      "properties": {
        "@id": "node/5094988037",
        "highway": "motorway_junction",
        "name": "Almere-Buiten",
        "note": "De afrit heet Almere-Buiten (met streepje, spelling Rijkswaterstaat) in afwijking met het stadsdeel, dat Almere Buiten heet (zonder streepje, spelling gemeente)",
        "ref": "6"
      },
      "geometry": {
        "type": "Point",
        "coordinates": [
          5.2882605,
          52.3739707
        ]
      },
      "id": "node/5094988037"
    },
    {
      "type": "Feature",
      "properties": {
        "@id": "node/5095104595",
        "highway": "motorway_junction",
        "name": "Knooppunt Almere"
      },
      "geometry": {
        "type": "Point",
        "coordinates": [
          5.2932216,
          52.3775797
        ]
      },
      "id": "node/5095104595"
    },
    {
      "type": "Feature",
      "properties": {
        "@id": "node/5095104618",
        "highway": "motorway_junction",
        "name": "Knooppunt Almere"
      },
      "geometry": {
        "type": "Point",
        "coordinates": [
          5.3053331,
          52.384283
        ]
      },
      "id": "node/5095104618"
    },
    {
      "type": "Feature",
      "properties": {
        "@id": "node/5108198951",
        "highway": "motorway_junction"
      },
      "geometry": {
        "type": "Point",
        "coordinates": [
          6.5714707,
          53.0197653
        ]
      },
      "id": "node/5108198951"
    },
    {
      "type": "Feature",
      "properties": {
        "@id": "node/5108198955",
        "highway": "motorway_junction"
      },
      "geometry": {
        "type": "Point",
        "coordinates": [
          6.5704981,
          53.0155994
        ]
      },
      "id": "node/5108198955"
    },
    {
      "type": "Feature",
      "properties": {
        "@id": "node/5122859985",
        "highway": "motorway_junction",
        "name": "Valkenburg"
      },
      "geometry": {
        "type": "Point",
        "coordinates": [
          4.4335737,
          52.1757796
        ]
      },
      "id": "node/5122859985"
    },
    {
      "type": "Feature",
      "properties": {
        "@id": "node/5122859990",
        "highway": "motorway_junction",
        "name": "Valkenburg-West"
      },
      "geometry": {
        "type": "Point",
        "coordinates": [
          4.4288669,
          52.1783223
        ]
      },
      "id": "node/5122859990"
    },
    {
      "type": "Feature",
      "properties": {
        "@id": "node/5122859993",
        "highway": "motorway_junction",
        "name": "Valkenburg-West"
      },
      "geometry": {
        "type": "Point",
        "coordinates": [
          4.4231447,
          52.1824055
        ]
      },
      "id": "node/5122859993"
    },
    {
      "type": "Feature",
      "properties": {
        "@id": "node/5161834816",
        "highway": "motorway_junction",
        "name": "Zwaagdijk-West"
      },
      "geometry": {
        "type": "Point",
        "coordinates": [
          5.0474438,
          52.6716903
        ]
      },
      "id": "node/5161834816"
    },
    {
      "type": "Feature",
      "properties": {
        "@id": "node/5166246932",
        "highway": "motorway_junction",
        "name": "Knooppunt Joure",
        "wikidata": "Q6791198"
      },
      "geometry": {
        "type": "Point",
        "coordinates": [
          5.7944265,
          52.9415198
        ]
      },
      "id": "node/5166246932"
    },
    {
      "type": "Feature",
      "properties": {
        "@id": "node/5166288257",
        "highway": "motorway_junction",
        "name": "Joure",
        "ref": "24"
      },
      "geometry": {
        "type": "Point",
        "coordinates": [
          5.814077,
          52.9544176
        ]
      },
      "id": "node/5166288257"
    },
    {
      "type": "Feature",
      "properties": {
        "@id": "node/5167098688",
        "highway": "motorway_junction",
        "name": "Joure",
        "ref": "24"
      },
      "geometry": {
        "type": "Point",
        "coordinates": [
          5.8280983,
          52.9589407
        ]
      },
      "id": "node/5167098688"
    },
    {
      "type": "Feature",
      "properties": {
        "@id": "node/5169160976",
        "highway": "motorway_junction",
        "name": "Zevenhuis"
      },
      "geometry": {
        "type": "Point",
        "coordinates": [
          5.0891789,
          52.6806851
        ]
      },
      "id": "node/5169160976"
    },
    {
      "type": "Feature",
      "properties": {
        "@id": "node/5179038500",
        "highway": "motorway_junction",
        "name": "Ter Apel"
      },
      "geometry": {
        "type": "Point",
        "coordinates": [
          7.0396608,
          52.881144
        ]
      },
      "id": "node/5179038500"
    },
    {
      "type": "Feature",
      "properties": {
        "@id": "node/5179044909",
        "highway": "motorway_junction",
        "name": "Ter Apel"
      },
      "geometry": {
        "type": "Point",
        "coordinates": [
          7.0412292,
          52.8762979
        ]
      },
      "id": "node/5179044909"
    },
    {
      "type": "Feature",
      "properties": {
        "@id": "node/5296209772",
        "highway": "motorway_junction",
        "name": "Havens 8800-9000",
        "ref": "5"
      },
      "geometry": {
        "type": "Point",
        "coordinates": [
          3.9795955,
          51.9362878
        ]
      },
      "id": "node/5296209772"
    },
    {
      "type": "Feature",
      "properties": {
        "@id": "node/5297451398",
        "highway": "motorway_junction",
        "name": "Almelo-West",
        "ref": "1"
      },
      "geometry": {
        "type": "Point",
        "coordinates": [
          6.6134539,
          52.353581
        ]
      },
      "id": "node/5297451398"
    },
    {
      "type": "Feature",
      "properties": {
        "@id": "node/5317274519",
        "highway": "motorway_junction",
        "name": "Westdorpe"
      },
      "geometry": {
        "type": "Point",
        "coordinates": [
          3.8359688,
          51.2229142
        ]
      },
      "id": "node/5317274519"
    },
    {
      "type": "Feature",
      "properties": {
        "@id": "node/5317274835",
        "highway": "motorway_junction",
        "name": "Westdorpe"
      },
      "geometry": {
        "type": "Point",
        "coordinates": [
          3.842213,
          51.2293735
        ]
      },
      "id": "node/5317274835"
    },
    {
      "type": "Feature",
      "properties": {
        "@id": "node/5317314728",
        "highway": "motorway_junction",
        "name": "Zuiddorpe"
      },
      "geometry": {
        "type": "Point",
        "coordinates": [
          3.8578759,
          51.2423271
        ]
      },
      "id": "node/5317314728"
    },
    {
      "type": "Feature",
      "properties": {
        "@id": "node/5317314745",
        "highway": "motorway_junction",
        "name": "Zuiddorpe"
      },
      "geometry": {
        "type": "Point",
        "coordinates": [
          3.8631876,
          51.249906
        ]
      },
      "id": "node/5317314745"
    },
    {
      "type": "Feature",
      "properties": {
        "@id": "node/5319223000",
        "highway": "motorway_junction",
        "name": "Axel"
      },
      "geometry": {
        "type": "Point",
        "coordinates": [
          3.8762646,
          51.2673086
        ]
      },
      "id": "node/5319223000"
    },
    {
      "type": "Feature",
      "properties": {
        "@id": "node/5328320836",
        "highway": "motorway_junction",
        "name": "Oeienbosch",
        "wikidata": "Q2963589",
        "wikipedia": "nl:Verzorgingsplaats Oeienbosch"
      },
      "geometry": {
        "type": "Point",
        "coordinates": [
          5.3846333,
          51.3961425
        ]
      },
      "id": "node/5328320836"
    },
    {
      "type": "Feature",
      "properties": {
        "@id": "node/5343130225",
        "highway": "motorway_junction",
        "name": "Westwoud"
      },
      "geometry": {
        "type": "Point",
        "coordinates": [
          5.1174125,
          52.6904113
        ]
      },
      "id": "node/5343130225"
    },
    {
      "type": "Feature",
      "properties": {
        "@id": "node/5390786236",
        "highway": "motorway_junction",
        "name": "Bergschenhoek",
        "ref": "28",
        "wikidata": "Q125465145"
      },
      "geometry": {
        "type": "Point",
        "coordinates": [
          4.4754333,
          51.9716524
        ]
      },
      "id": "node/5390786236"
    },
    {
      "type": "Feature",
      "properties": {
        "@id": "node/5390786299",
        "highway": "motorway_junction",
        "name": "Rotterdam-Terbregge",
        "ref": "27",
        "wikidata": "Q97013529"
      },
      "geometry": {
        "type": "Point",
        "coordinates": [
          4.527587,
          51.9537626
        ]
      },
      "id": "node/5390786299"
    },
    {
      "type": "Feature",
      "properties": {
        "@id": "node/5412968113",
        "highway": "motorway_junction",
        "name": "Groenlo-Laarberg",
        "ref": "11"
      },
      "geometry": {
        "type": "Point",
        "coordinates": [
          6.6319293,
          52.0633262
        ]
      },
      "id": "node/5412968113"
    },
    {
      "type": "Feature",
      "properties": {
        "@id": "node/5412968223",
        "highway": "motorway_junction",
        "name": "Groenlo-Laarberg",
        "ref": "11"
      },
      "geometry": {
        "type": "Point",
        "coordinates": [
          6.6305317,
          52.0598265
        ]
      },
      "id": "node/5412968223"
    },
    {
      "type": "Feature",
      "properties": {
        "@id": "node/5414574524",
        "highway": "motorway_junction",
        "name": "Nieuwe Pekela-Zuid"
      },
      "geometry": {
        "type": "Point",
        "coordinates": [
          6.9778242,
          53.0722674
        ]
      },
      "id": "node/5414574524"
    },
    {
      "type": "Feature",
      "properties": {
        "@id": "node/5471639585",
        "highway": "motorway_junction",
        "name": "Scheveningen"
      },
      "geometry": {
        "type": "Point",
        "coordinates": [
          4.3284344,
          52.1089361
        ]
      },
      "id": "node/5471639585"
    },
    {
      "type": "Feature",
      "properties": {
        "@id": "node/5528963851",
        "highway": "motorway_junction",
        "name": "Eibergen",
        "ref": "12"
      },
      "geometry": {
        "type": "Point",
        "coordinates": [
          6.6287789,
          52.0890833
        ]
      },
      "id": "node/5528963851"
    },
    {
      "type": "Feature",
      "properties": {
        "@id": "node/5528963893",
        "highway": "motorway_junction",
        "name": "Neede",
        "ref": "13"
      },
      "geometry": {
        "type": "Point",
        "coordinates": [
          6.6686361,
          52.1322953
        ]
      },
      "id": "node/5528963893"
    },
    {
      "type": "Feature",
      "properties": {
        "@id": "node/5547877171",
        "highway": "motorway_junction",
        "name": "Nuth",
        "ref": "5"
      },
      "geometry": {
        "type": "Point",
        "coordinates": [
          5.8868343,
          50.9265143
        ]
      },
      "id": "node/5547877171"
    },
    {
      "type": "Feature",
      "properties": {
        "@id": "node/5560032817",
        "highway": "motorway_junction",
        "name": "Haaksbergen",
        "ref": "14"
      },
      "geometry": {
        "type": "Point",
        "coordinates": [
          6.7517374,
          52.1821377
        ]
      },
      "id": "node/5560032817"
    },
    {
      "type": "Feature",
      "properties": {
        "@id": "node/5562625928",
        "highway": "motorway_junction",
        "name": "Enschede-West",
        "ref": "26"
      },
      "geometry": {
        "type": "Point",
        "coordinates": [
          6.8095628,
          52.2116399
        ]
      },
      "id": "node/5562625928"
    },
    {
      "type": "Feature",
      "properties": {
        "@id": "node/5568345355",
        "highway": "motorway_junction",
        "name": "Enschede-West; Doetinchem",
        "ref": "26a;26b"
      },
      "geometry": {
        "type": "Point",
        "coordinates": [
          6.817227,
          52.2084489
        ]
      },
      "id": "node/5568345355"
    },
    {
      "type": "Feature",
      "properties": {
        "@id": "node/5580903351",
        "highway": "motorway_junction",
        "name": "Westwoud"
      },
      "geometry": {
        "type": "Point",
        "coordinates": [
          5.1277267,
          52.6932313
        ]
      },
      "id": "node/5580903351"
    },
    {
      "type": "Feature",
      "properties": {
        "@id": "node/5619986828",
        "highway": "motorway_junction",
        "name": "Emmen"
      },
      "geometry": {
        "type": "Point",
        "coordinates": [
          6.8464148,
          52.7858922
        ]
      },
      "id": "node/5619986828"
    },
    {
      "type": "Feature",
      "properties": {
        "@id": "node/5619987125",
        "highway": "motorway_junction",
        "name": "Dalen"
      },
      "geometry": {
        "type": "Point",
        "coordinates": [
          6.7545177,
          52.710069
        ]
      },
      "id": "node/5619987125"
    },
    {
      "type": "Feature",
      "properties": {
        "@id": "node/5619987396",
        "highway": "motorway_junction",
        "name": "Coevorden-Noord"
      },
      "geometry": {
        "type": "Point",
        "coordinates": [
          6.7331064,
          52.681211
        ]
      },
      "id": "node/5619987396"
    },
    {
      "type": "Feature",
      "properties": {
        "@id": "node/5620029377",
        "highway": "motorway_junction",
        "name": "Leeuwerikenveld"
      },
      "geometry": {
        "type": "Point",
        "coordinates": [
          6.7055425,
          52.6492661
        ]
      },
      "id": "node/5620029377"
    },
    {
      "type": "Feature",
      "properties": {
        "@id": "node/5644836881",
        "highway": "motorway_junction",
        "name": "Valkenburg"
      },
      "geometry": {
        "type": "Point",
        "coordinates": [
          4.4422711,
          52.1707105
        ]
      },
      "id": "node/5644836881"
    },
    {
      "type": "Feature",
      "properties": {
        "@id": "node/5670079628",
        "highway": "motorway_junction",
        "name": "Sleen"
      },
      "geometry": {
        "type": "Point",
        "coordinates": [
          6.8009437,
          52.7980828
        ]
      },
      "id": "node/5670079628"
    },
    {
      "type": "Feature",
      "properties": {
        "@id": "node/5679563246",
        "highway": "motorway_junction",
        "name": "Homeruskwartier"
      },
      "geometry": {
        "type": "Point",
        "coordinates": [
          5.1706562,
          52.3680398
        ]
      },
      "id": "node/5679563246"
    },
    {
      "type": "Feature",
      "properties": {
        "@id": "node/5679563258",
        "highway": "motorway_junction",
        "name": "Muziekwijk-West"
      },
      "geometry": {
        "type": "Point",
        "coordinates": [
          5.1699671,
          52.363085
        ]
      },
      "id": "node/5679563258"
    },
    {
      "type": "Feature",
      "properties": {
        "@id": "node/5685717464",
        "highway": "motorway_junction",
        "name": "Oosterwolde-Noord"
      },
      "geometry": {
        "type": "Point",
        "coordinates": [
          6.2603366,
          52.9929411
        ]
      },
      "id": "node/5685717464"
    },
    {
      "type": "Feature",
      "properties": {
        "@id": "node/5713532714",
        "highway": "motorway_junction",
        "name": "Hoorn-Noord",
        "ref": "9"
      },
      "geometry": {
        "type": "Point",
        "coordinates": [
          5.0330583,
          52.6696897
        ]
      },
      "id": "node/5713532714"
    },
    {
      "type": "Feature",
      "properties": {
        "@id": "node/5735336150",
        "highway": "motorway_junction",
        "name": "Knooppunt Zestienhoven",
        "wikidata": "Q30130180",
        "wikipedia": "nl:Knooppunt Zestienhoven"
      },
      "geometry": {
        "type": "Point",
        "coordinates": [
          4.4097611,
          51.9582404
        ]
      },
      "id": "node/5735336150"
    },
    {
      "type": "Feature",
      "properties": {
        "@id": "node/5735349098",
        "highway": "motorway_junction",
        "name": "Berkel en Rodenrijs",
        "ref": "29",
        "wikidata": "Q125465146"
      },
      "geometry": {
        "type": "Point",
        "coordinates": [
          4.450509,
          51.9658079
        ]
      },
      "id": "node/5735349098"
    },
    {
      "type": "Feature",
      "properties": {
        "@id": "node/5739331172",
        "highway": "motorway_junction",
        "name": "Valkenswaard"
      },
      "geometry": {
        "type": "Point",
        "coordinates": [
          5.4366998,
          51.3286923
        ]
      },
      "id": "node/5739331172"
    },
    {
      "type": "Feature",
      "properties": {
        "@id": "node/5739838215",
        "highway": "motorway_junction",
        "name": "Zwaagdijk-West"
      },
      "geometry": {
        "type": "Point",
        "coordinates": [
          5.0419028,
          52.6711534
        ]
      },
      "id": "node/5739838215"
    },
    {
      "type": "Feature",
      "properties": {
        "@id": "node/5768131540",
        "highway": "motorway_junction",
        "name": "Knooppunt Vlaardingen",
        "wikidata": "Q125464587",
        "wikipedia": "nl:Knooppunt Vlaardingen"
      },
      "geometry": {
        "type": "Point",
        "coordinates": [
          4.3061344,
          51.9197694
        ]
      },
      "id": "node/5768131540"
    },
    {
      "type": "Feature",
      "properties": {
        "@id": "node/5832766853",
        "highway": "motorway_junction",
        "noname": "yes",
        "noref": "yes"
      },
      "geometry": {
        "type": "Point",
        "coordinates": [
          4.7296853,
          52.2853636
        ]
      },
      "id": "node/5832766853"
    },
    {
      "type": "Feature",
      "properties": {
        "@id": "node/5892413329",
        "highway": "motorway_junction",
        "name": "Rozenburg-Centrum",
        "ref": "14",
        "wikidata": "Q97037910"
      },
      "geometry": {
        "type": "Point",
        "coordinates": [
          4.2595009,
          51.8892436
        ]
      },
      "id": "node/5892413329"
    },
    {
      "type": "Feature",
      "properties": {
        "@id": "node/5892451283",
        "highway": "motorway_junction",
        "name": "Knooppunt Vlaardingen",
        "wikidata": "Q125464587",
        "wikipedia": "nl:Knooppunt Vlaardingen"
      },
      "geometry": {
        "type": "Point",
        "coordinates": [
          4.2928579,
          51.9214083
        ]
      },
      "id": "node/5892451283"
    },
    {
      "type": "Feature",
      "properties": {
        "@id": "node/5906156794",
        "highway": "motorway_junction",
        "name": "Hoorn"
      },
      "geometry": {
        "type": "Point",
        "coordinates": [
          5.0537165,
          52.6720362
        ]
      },
      "id": "node/5906156794"
    },
    {
      "type": "Feature",
      "properties": {
        "@id": "node/5950998549",
        "highway": "motorway_junction",
        "name": "Zwaagdijk-Oost"
      },
      "geometry": {
        "type": "Point",
        "coordinates": [
          5.1428157,
          52.6970563
        ]
      },
      "id": "node/5950998549"
    },
    {
      "type": "Feature",
      "properties": {
        "@id": "node/5961547995",
        "highway": "motorway_junction",
        "name": "Zwaagdijk-Oost"
      },
      "geometry": {
        "type": "Point",
        "coordinates": [
          5.1556079,
          52.6947192
        ]
      },
      "id": "node/5961547995"
    },
    {
      "type": "Feature",
      "properties": {
        "@id": "node/5971773028",
        "highway": "motorway_junction",
        "name": "Hoorn"
      },
      "geometry": {
        "type": "Point",
        "coordinates": [
          5.0656914,
          52.673417
        ]
      },
      "id": "node/5971773028"
    },
    {
      "type": "Feature",
      "properties": {
        "@id": "node/6050885745",
        "highway": "motorway_junction",
        "name": "Grootebroek"
      },
      "geometry": {
        "type": "Point",
        "coordinates": [
          5.2062604,
          52.6834375
        ]
      },
      "id": "node/6050885745"
    },
    {
      "type": "Feature",
      "properties": {
        "@id": "node/6186220252",
        "highway": "motorway_junction",
        "name": "Naanhofsweg"
      },
      "geometry": {
        "type": "Point",
        "coordinates": [
          5.8981411,
          50.9232835
        ]
      },
      "id": "node/6186220252"
    },
    {
      "type": "Feature",
      "properties": {
        "@id": "node/6367670384",
        "highway": "motorway_junction",
        "name": "Amsterdam-Oud Zuid",
        "ref": "8"
      },
      "geometry": {
        "type": "Point",
        "coordinates": [
          4.8594545,
          52.3378697
        ]
      },
      "id": "node/6367670384"
    },
    {
      "type": "Feature",
      "properties": {
        "@id": "node/6367848393",
        "highway": "motorway_junction",
        "name": "Amsterdam-Slotervaart",
        "ref": "7"
      },
      "geometry": {
        "type": "Point",
        "coordinates": [
          4.8411914,
          52.3483923
        ]
      },
      "id": "node/6367848393"
    },
    {
      "type": "Feature",
      "properties": {
        "@id": "node/6513758497",
        "highway": "motorway_junction",
        "name": "Knooppunt Hooipolder",
        "wikidata": "Q2465938",
        "wikipedia": "nl:Knooppunt Hooipolder"
      },
      "geometry": {
        "type": "Point",
        "coordinates": [
          4.8676167,
          51.6843287
        ]
      },
      "id": "node/6513758497"
    },
    {
      "type": "Feature",
      "properties": {
        "@id": "node/6601003533",
        "highway": "motorway_junction",
        "name": "Lelystad-Airport",
        "ref": "9"
      },
      "geometry": {
        "type": "Point",
        "coordinates": [
          5.4732987,
          52.4651902
        ]
      },
      "id": "node/6601003533"
    },
    {
      "type": "Feature",
      "properties": {
        "@id": "node/6603027879",
        "highway": "motorway_junction",
        "name": "Donkerbroek"
      },
      "geometry": {
        "type": "Point",
        "coordinates": [
          6.2295643,
          53.0134378
        ]
      },
      "id": "node/6603027879"
    },
    {
      "type": "Feature",
      "properties": {
        "@id": "node/6603165354",
        "highway": "motorway_junction",
        "name": "Oosterwolde"
      },
      "geometry": {
        "type": "Point",
        "coordinates": [
          6.2881516,
          52.9797479
        ]
      },
      "id": "node/6603165354"
    },
    {
      "type": "Feature",
      "properties": {
        "@id": "node/6629517847",
        "highway": "motorway_junction",
        "name": "Sleen"
      },
      "geometry": {
        "type": "Point",
        "coordinates": [
          6.789814,
          52.799137
        ]
      },
      "id": "node/6629517847"
    },
    {
      "type": "Feature",
      "properties": {
        "@id": "node/6750135856",
        "highway": "motorway_junction",
        "name": "Stedum"
      },
      "geometry": {
        "type": "Point",
        "coordinates": [
          6.6709279,
          53.3314456
        ]
      },
      "id": "node/6750135856"
    },
    {
      "type": "Feature",
      "properties": {
        "@id": "node/6769195150",
        "highway": "motorway_junction",
        "name": "Dordrecht",
        "ref": "20"
      },
      "geometry": {
        "type": "Point",
        "coordinates": [
          4.6492321,
          51.7754532
        ]
      },
      "id": "node/6769195150"
    },
    {
      "type": "Feature",
      "properties": {
        "@id": "node/6772844300",
        "highway": "motorway_junction",
        "name": "Stadskanaal"
      },
      "geometry": {
        "type": "Point",
        "coordinates": [
          6.9606268,
          53.0140447
        ]
      },
      "id": "node/6772844300"
    },
    {
      "type": "Feature",
      "properties": {
        "@id": "node/6795915842",
        "highway": "motorway_junction",
        "name": "Knooppunt Zaandam"
      },
      "geometry": {
        "type": "Point",
        "coordinates": [
          4.8467559,
          52.4590325
        ]
      },
      "id": "node/6795915842"
    },
    {
      "type": "Feature",
      "properties": {
        "@id": "node/6821142514",
        "highway": "motorway_junction",
        "name": "Culemborg"
      },
      "geometry": {
        "type": "Point",
        "coordinates": [
          5.5635908,
          51.9377629
        ]
      },
      "id": "node/6821142514"
    },
    {
      "type": "Feature",
      "properties": {
        "@id": "node/6840926547",
        "highway": "motorway_junction",
        "name": "Groningen-Centrum",
        "ref": "36b"
      },
      "geometry": {
        "type": "Point",
        "coordinates": [
          6.5680898,
          53.2041188
        ]
      },
      "id": "node/6840926547"
    },
    {
      "type": "Feature",
      "properties": {
        "@id": "node/6840926585",
        "highway": "motorway_junction",
        "name": "Groningen-Zuidoost",
        "ref": "38"
      },
      "geometry": {
        "type": "Point",
        "coordinates": [
          6.6048163,
          53.215312
        ]
      },
      "id": "node/6840926585"
    },
    {
      "type": "Feature",
      "properties": {
        "@id": "node/6840926591",
        "highway": "motorway_junction",
        "name": "Groningen-Zuidoost",
        "ref": "38"
      },
      "geometry": {
        "type": "Point",
        "coordinates": [
          6.6081038,
          53.2167178
        ]
      },
      "id": "node/6840926591"
    },
    {
      "type": "Feature",
      "properties": {
        "@id": "node/6840926729",
        "highway": "motorway_junction",
        "name": "Knooppunt Julianaplein",
        "wikidata": "Q2650314",
        "wikipedia": "nl:Knooppunt Julianaplein"
      },
      "geometry": {
        "type": "Point",
        "coordinates": [
          6.5711514,
          53.2046525
        ]
      },
      "id": "node/6840926729"
    },
    {
      "type": "Feature",
      "properties": {
        "@id": "node/6841393189",
        "highway": "motorway_junction",
        "name": "MartiniPlaza",
        "ref": "19"
      },
      "geometry": {
        "type": "Point",
        "coordinates": [
          6.554209,
          53.2010067
        ]
      },
      "id": "node/6841393189"
    },
    {
      "type": "Feature",
      "properties": {
        "@id": "node/7010077265",
        "highway": "motorway_junction",
        "name": "Dommelen"
      },
      "geometry": {
        "type": "Point",
        "coordinates": [
          5.428311,
          51.3410196
        ]
      },
      "id": "node/7010077265"
    },
    {
      "type": "Feature",
      "properties": {
        "@id": "node/7167652783",
        "highway": "motorway_junction",
        "name": "Berkel en Rodenrijs",
        "ref": "29",
        "wikidata": "Q125465146"
      },
      "geometry": {
        "type": "Point",
        "coordinates": [
          4.4621529,
          51.96992
        ]
      },
      "id": "node/7167652783"
    },
    {
      "type": "Feature",
      "properties": {
        "@id": "node/7248192473",
        "highway": "motorway_junction",
        "name": "Amsterdam-West",
        "ref": "6"
      },
      "geometry": {
        "type": "Point",
        "coordinates": [
          4.8427012,
          52.3544849
        ]
      },
      "id": "node/7248192473"
    },
    {
      "type": "Feature",
      "properties": {
        "@id": "node/7248306543",
        "highway": "motorway_junction",
        "name": "Zevenhuis"
      },
      "geometry": {
        "type": "Point",
        "coordinates": [
          5.078689,
          52.6767403
        ]
      },
      "id": "node/7248306543"
    },
    {
      "type": "Feature",
      "properties": {
        "@id": "node/7408599368",
        "highway": "motorway_junction",
        "name": "Kostverloren",
        "ref": "16"
      },
      "geometry": {
        "type": "Point",
        "coordinates": [
          6.5398472,
          53.2199714
        ]
      },
      "id": "node/7408599368"
    },
    {
      "type": "Feature",
      "properties": {
        "@id": "node/7476059424",
        "highway": "motorway_junction",
        "name": "Paddepoel / Vinkhuizen",
        "ref": "14"
      },
      "geometry": {
        "type": "Point",
        "coordinates": [
          6.5344683,
          53.2265275
        ]
      },
      "id": "node/7476059424"
    },
    {
      "type": "Feature",
      "properties": {
        "@id": "node/7477007708",
        "highway": "motorway_junction",
        "name": "Vinkhuizen-Zuid",
        "ref": "15"
      },
      "geometry": {
        "type": "Point",
        "coordinates": [
          6.5373081,
          53.2231339
        ]
      },
      "id": "node/7477007708"
    },
    {
      "type": "Feature",
      "properties": {
        "@id": "node/7534102555",
        "highway": "motorway_junction",
        "name": "Ede",
        "ref": "24"
      },
      "geometry": {
        "type": "Point",
        "coordinates": [
          5.6441456,
          52.0154411
        ]
      },
      "id": "node/7534102555"
    },
    {
      "type": "Feature",
      "properties": {
        "@id": "node/7636059397",
        "highway": "motorway_junction"
      },
      "geometry": {
        "type": "Point",
        "coordinates": [
          6.5162032,
          53.2368248
        ]
      },
      "id": "node/7636059397"
    },
    {
      "type": "Feature",
      "properties": {
        "@id": "node/7746423131",
        "highway": "motorway_junction",
        "name": "Ommen",
        "ref": "21"
      },
      "geometry": {
        "type": "Point",
        "coordinates": [
          6.1496949,
          52.5309105
        ]
      },
      "id": "node/7746423131"
    },
    {
      "type": "Feature",
      "properties": {
        "@id": "node/7747101957",
        "highway": "motorway_junction",
        "name": "Ommen"
      },
      "geometry": {
        "type": "Point",
        "coordinates": [
          6.4120031,
          52.5389393
        ]
      },
      "id": "node/7747101957"
    },
    {
      "type": "Feature",
      "properties": {
        "@id": "node/7811199615",
        "highway": "motorway_junction",
        "name": "Knooppunt Ommedijk",
        "wikidata": "Q27768260",
        "wikipedia": "nl:Knooppunt Ommedijk"
      },
      "geometry": {
        "type": "Point",
        "coordinates": [
          4.4445264,
          52.1575673
        ]
      },
      "id": "node/7811199615"
    },
    {
      "type": "Feature",
      "properties": {
        "@id": "node/7830039824",
        "highway": "motorway_junction",
        "name": "Emmen-West"
      },
      "geometry": {
        "type": "Point",
        "coordinates": [
          6.8433568,
          52.7663976
        ]
      },
      "id": "node/7830039824"
    },
    {
      "type": "Feature",
      "properties": {
        "@id": "node/7956102941",
        "highway": "motorway_junction",
        "name": "Amsterdam-Zuidoost",
        "ref": "3"
      },
      "geometry": {
        "type": "Point",
        "coordinates": [
          4.9474238,
          52.2996907
        ]
      },
      "id": "node/7956102941"
    },
    {
      "type": "Feature",
      "properties": {
        "@id": "node/7998264170",
        "highway": "motorway_junction",
        "name": "Knooppunt Hofvliet",
        "wikidata": "Q27768259",
        "wikipedia": "nl:Knooppunt Hofvliet"
      },
      "geometry": {
        "type": "Point",
        "coordinates": [
          4.4667588,
          52.1154504
        ]
      },
      "id": "node/7998264170"
    },
    {
      "type": "Feature",
      "properties": {
        "@id": "node/8177595731",
        "highway": "motorway_junction",
        "name": "Groningen-Centrum",
        "ref": "36b"
      },
      "geometry": {
        "type": "Point",
        "coordinates": [
          6.5596321,
          53.2021468
        ]
      },
      "id": "node/8177595731"
    },
    {
      "type": "Feature",
      "properties": {
        "@id": "node/8500607025",
        "highway": "motorway_junction",
        "name": "Beerzerveld",
        "proposed:ref": "7"
      },
      "geometry": {
        "type": "Point",
        "coordinates": [
          6.5776929,
          52.4999106
        ]
      },
      "id": "node/8500607025"
    },
    {
      "type": "Feature",
      "properties": {
        "@id": "node/8861336588",
        "highway": "motorway_junction",
        "name": "Leiden",
        "ref": "8b"
      },
      "geometry": {
        "type": "Point",
        "coordinates": [
          4.4500052,
          52.1633065
        ]
      },
      "id": "node/8861336588"
    },
    {
      "type": "Feature",
      "properties": {
        "@id": "node/9029538679",
        "highway": "motorway_junction",
        "name": "Leiden-Zuid",
        "ref": "9",
        "wikidata": "Q35199987"
      },
      "geometry": {
        "type": "Point",
        "coordinates": [
          4.4413569,
          52.15403
        ]
      },
      "id": "node/9029538679"
    },
    {
      "type": "Feature",
      "properties": {
        "@id": "node/9066874353",
        "highway": "motorway_junction",
        "name": "MartiniPlaza",
        "ref": "19"
      },
      "geometry": {
        "type": "Point",
        "coordinates": [
          6.5513985,
          53.2039667
        ]
      },
      "id": "node/9066874353"
    },
    {
      "type": "Feature",
      "properties": {
        "@id": "node/9137932491",
        "highway": "motorway_junction",
        "name": "Elburg"
      },
      "geometry": {
        "type": "Point",
        "coordinates": [
          5.8453586,
          52.5442241
        ]
      },
      "id": "node/9137932491"
    },
    {
      "type": "Feature",
      "properties": {
        "@id": "node/9137932506",
        "highway": "motorway_junction",
        "name": "Elburg"
      },
      "geometry": {
        "type": "Point",
        "coordinates": [
          5.8519479,
          52.5442661
        ]
      },
      "id": "node/9137932506"
    },
    {
      "type": "Feature",
      "properties": {
        "@id": "node/9225594345",
        "highway": "motorway_junction",
        "name": "Velden",
        "ref": "40",
        "wikidata": "Q96757058"
      },
      "geometry": {
        "type": "Point",
        "coordinates": [
          6.1652277,
          51.3959332
        ]
      },
      "id": "node/9225594345"
    },
    {
      "type": "Feature",
      "properties": {
        "@id": "node/9321335283",
        "highway": "motorway_junction",
        "name": "Elburg"
      },
      "geometry": {
        "type": "Point",
        "coordinates": [
          5.6095862,
          52.3653405
        ]
      },
      "id": "node/9321335283"
    },
    {
      "type": "Feature",
      "properties": {
        "@id": "node/9458259708",
        "highway": "motorway_junction",
        "name": "Weerdinge"
      },
      "geometry": {
        "type": "Point",
        "coordinates": [
          6.9476074,
          52.8081408
        ]
      },
      "id": "node/9458259708"
    },
    {
      "type": "Feature",
      "properties": {
        "@id": "node/9533083726",
        "highway": "motorway_junction",
        "name": "Knooppunt Julianaplein",
        "wikidata": "Q2650314",
        "wikipedia": "nl:Knooppunt Julianaplein"
      },
      "geometry": {
        "type": "Point",
        "coordinates": [
          6.5628674,
          53.2028103
        ]
      },
      "id": "node/9533083726"
    },
    {
      "type": "Feature",
      "properties": {
        "@id": "node/9998041719",
        "highway": "motorway_junction",
        "name": "Siddeburen"
      },
      "geometry": {
        "type": "Point",
        "coordinates": [
          6.8716913,
          53.2442638
        ]
      },
      "id": "node/9998041719"
    },
    {
      "type": "Feature",
      "properties": {
        "@id": "node/9998041731",
        "highway": "motorway_junction",
        "name": "Schildwolde"
      },
      "geometry": {
        "type": "Point",
        "coordinates": [
          6.8232885,
          53.2322242
        ]
      },
      "id": "node/9998041731"
    },
    {
      "type": "Feature",
      "properties": {
        "@id": "node/9998041786",
        "highway": "motorway_junction",
        "name": "Slochteren-Zuid"
      },
      "geometry": {
        "type": "Point",
        "coordinates": [
          6.7933873,
          53.2084486
        ]
      },
      "id": "node/9998041786"
    },
    {
      "type": "Feature",
      "properties": {
        "@id": "node/10002346478",
        "highway": "motorway_junction",
        "name": "Amsterdam-Bijlmermeer",
        "ref": "2"
      },
      "geometry": {
        "type": "Point",
        "coordinates": [
          4.965169,
          52.306019
        ]
      },
      "id": "node/10002346478"
    },
    {
      "type": "Feature",
      "properties": {
        "@id": "node/10002346484",
        "highway": "motorway_junction",
        "name": "Amsterdam-Gaasperdam",
        "ref": "2"
      },
      "geometry": {
        "type": "Point",
        "coordinates": [
          4.9771115,
          52.3105659
        ]
      },
      "id": "node/10002346484"
    },
    {
      "type": "Feature",
      "properties": {
        "@id": "node/10002346488",
        "highway": "motorway_junction",
        "name": "Amsterdam-Zuidoost",
        "ref": "3"
      },
      "geometry": {
        "type": "Point",
        "coordinates": [
          4.9544843,
          52.3025093
        ]
      },
      "id": "node/10002346488"
    },
    {
      "type": "Feature",
      "properties": {
        "@id": "node/10024826832",
        "highway": "motorway_junction",
        "name": "Elsloo",
        "ref": "49"
      },
      "geometry": {
        "type": "Point",
        "coordinates": [
          5.7885514,
          50.949702
        ]
      },
      "id": "node/10024826832"
    },
    {
      "type": "Feature",
      "properties": {
        "@id": "node/10024991798",
        "highway": "motorway_junction",
        "name": "Venlo-Zuid",
        "name:de": "Venlo-Süd",
        "ref": "16"
      },
      "geometry": {
        "type": "Point",
        "coordinates": [
          6.1509326,
          51.3530728
        ]
      },
      "id": "node/10024991798"
    },
    {
      "type": "Feature",
      "properties": {
        "@id": "node/10039792588",
        "highway": "motorway_junction",
        "name": "Knooppunt Beekbergen",
        "wikidata": "Q2409836",
        "wikipedia": "nl:Knooppunt Beekbergen"
      },
      "geometry": {
        "type": "Point",
        "coordinates": [
          6.010453,
          52.1843527
        ]
      },
      "id": "node/10039792588"
    },
    {
      "type": "Feature",
      "properties": {
        "@id": "node/10723701976",
        "highway": "motorway_junction",
        "name": "Wezep",
        "ref": "17",
        "wikidata": "Q97579597"
      },
      "geometry": {
        "type": "Point",
        "coordinates": [
          5.9997757,
          52.4738471
        ]
      },
      "id": "node/10723701976"
    },
    {
      "type": "Feature",
      "properties": {
        "@id": "node/10723716912",
        "highway": "motorway_junction",
        "name": "Wezep",
        "ref": "17",
        "wikidata": "Q97579597"
      },
      "geometry": {
        "type": "Point",
        "coordinates": [
          6.0078873,
          52.478372
        ]
      },
      "id": "node/10723716912"
    },
    {
      "type": "Feature",
      "properties": {
        "@id": "node/10780415114",
        "highway": "motorway_junction",
        "name": "Amstelveen",
        "ref": "4",
        "wikidata": "Q96196831"
      },
      "geometry": {
        "type": "Point",
        "coordinates": [
          4.8731641,
          52.2974039
        ]
      },
      "id": "node/10780415114"
    },
    {
      "type": "Feature",
      "properties": {
        "@id": "node/10786753597",
        "highway": "motorway_junction",
        "name": "Eemnes",
        "ref": "34"
      },
      "geometry": {
        "type": "Point",
        "coordinates": [
          5.2468837,
          52.2458393
        ]
      },
      "id": "node/10786753597"
    },
    {
      "type": "Feature",
      "properties": {
        "@id": "node/10957961991",
        "highway": "motorway_junction",
        "name": "Bolsward-Noord"
      },
      "geometry": {
        "type": "Point",
        "coordinates": [
          5.5160403,
          53.0791408
        ]
      },
      "id": "node/10957961991"
    },
    {
      "type": "Feature",
      "properties": {
        "@id": "node/11073594434",
        "highway": "motorway_junction",
        "name": "Pernis",
        "ref": "17a"
      },
      "geometry": {
        "type": "Point",
        "coordinates": [
          4.379072,
          51.8750311
        ]
      },
      "id": "node/11073594434"
    },
    {
      "type": "Feature",
      "properties": {
        "@id": "node/11083996627",
        "highway": "motorway_junction",
        "name": "Warmenhuizen"
      },
      "geometry": {
        "type": "Point",
        "coordinates": [
          4.7132596,
          52.7080986
        ]
      },
      "id": "node/11083996627"
    },
    {
      "type": "Feature",
      "properties": {
        "@id": "node/11084953402",
        "highway": "motorway_junction",
        "name": "Voorst",
        "ref": "21",
        "wikidata": "Q97710733"
      },
      "geometry": {
        "type": "Point",
        "coordinates": [
          6.0524695,
          52.1996882
        ]
      },
      "id": "node/11084953402"
    },
    {
      "type": "Feature",
      "properties": {
        "@id": "node/11084974459",
        "highway": "motorway_junction",
        "name": "Voorst",
        "ref": "21",
        "wikidata": "Q97710733"
      },
      "geometry": {
        "type": "Point",
        "coordinates": [
          6.042053,
          52.195458
        ]
      },
      "id": "node/11084974459"
    },
    {
      "type": "Feature",
      "properties": {
        "@id": "node/11093835786",
        "highway": "motorway_junction",
        "name": "Burgwerd"
      },
      "geometry": {
        "type": "Point",
        "coordinates": [
          5.5368603,
          53.0942852
        ]
      },
      "id": "node/11093835786"
    },
    {
      "type": "Feature",
      "properties": {
        "@id": "node/11101128841",
        "highway": "motorway_junction",
        "name": "Stadskanaal"
      },
      "geometry": {
        "type": "Point",
        "coordinates": [
          6.9608428,
          53.0196251
        ]
      },
      "id": "node/11101128841"
    },
    {
      "type": "Feature",
      "properties": {
        "@id": "node/11116034282",
        "highway": "motorway_junction",
        "name": "Oosterwolde"
      },
      "geometry": {
        "type": "Point",
        "coordinates": [
          6.2957721,
          52.9751125
        ]
      },
      "id": "node/11116034282"
    },
    {
      "type": "Feature",
      "properties": {
        "@id": "node/11125661731",
        "highway": "motorway_junction",
        "name": "'t Zand"
      },
      "geometry": {
        "type": "Point",
        "coordinates": [
          4.7331748,
          52.8098791
        ]
      },
      "id": "node/11125661731"
    },
    {
      "type": "Feature",
      "properties": {
        "@id": "node/11400949872",
        "highway": "motorway_junction",
        "name": "Goes-Zuid",
        "ref": "35a"
      },
      "geometry": {
        "type": "Point",
        "coordinates": [
          3.9026068,
          51.4801656
        ]
      },
      "id": "node/11400949872"
    },
    {
      "type": "Feature",
      "properties": {
        "@id": "node/11780829185",
        "highway": "motorway_junction",
        "name": "Numansdorp",
        "ref": "22",
        "source": "AND"
      },
      "geometry": {
        "type": "Point",
        "coordinates": [
          4.4136101,
          51.7454563
        ]
      },
      "id": "node/11780829185"
    },
    {
      "type": "Feature",
      "properties": {
        "@id": "node/11976740999",
        "highway": "motorway_junction",
        "name": "Knooppunt Beekbergen",
        "wikidata": "Q2409836",
        "wikipedia": "nl:Knooppunt Beekbergen"
      },
      "geometry": {
        "type": "Point",
        "coordinates": [
          6.0590073,
          52.20097
        ]
      },
      "id": "node/11976740999"
    },
    {
      "type": "Feature",
      "properties": {
        "@id": "node/12170512404",
        "highway": "motorway_junction",
        "name": "Hoogkerk",
        "ref": "35"
      },
      "geometry": {
        "type": "Point",
        "coordinates": [
          6.5156303,
          53.1986765
        ]
      },
      "id": "node/12170512404"
    },
    {
      "type": "Feature",
      "properties": {
        "@id": "node/12170803995",
        "highway": "motorway_junction",
        "name": "Katwijk / Leiden",
        "ref": "8"
      },
      "geometry": {
        "type": "Point",
        "coordinates": [
          4.4468477,
          52.1599429
        ]
      },
      "id": "node/12170803995"
    },
    {
      "type": "Feature",
      "properties": {
        "@id": "node/12298209894",
        "highway": "motorway_junction",
        "name": "Amsterdam-Tuindorp Oostzaan",
        "ref": "18"
      },
      "geometry": {
        "type": "Point",
        "coordinates": [
          4.8875883,
          52.4252357
        ]
      },
      "id": "node/12298209894"
    },
    {
      "type": "Feature",
      "properties": {
        "@id": "node/12329540853",
        "highway": "motorway_junction",
        "name": "Apeldoorn-Zuid",
        "ref": "20"
      },
      "geometry": {
        "type": "Point",
        "coordinates": [
          5.9821754,
          52.1764944
        ]
      },
      "id": "node/12329540853"
    },
    {
      "type": "Feature",
      "properties": {
        "@id": "node/12373895607",
        "highway": "motorway_junction",
        "name": "Katwijk",
        "ref": "8a"
      },
      "geometry": {
        "type": "Point",
        "coordinates": [
          4.4544832,
          52.1705349
        ]
      },
      "id": "node/12373895607"
    },
    {
      "type": "Feature",
      "properties": {
        "@id": "node/12758391491",
        "highway": "motorway_junction",
        "name": "Venserpolder"
      },
      "geometry": {
        "type": "Point",
        "coordinates": [
          4.9554016,
          52.3254955
        ]
      },
      "id": "node/12758391491"
    },
    {
      "type": "Feature",
      "properties": {
        "@id": "node/12793232043",
        "highway": "motorway_junction",
        "name": "Rotterdam-Terbregge",
        "ref": "27",
        "wikidata": "Q97013529"
      },
      "geometry": {
        "type": "Point",
        "coordinates": [
          4.5324062,
          51.9456899
        ]
      },
      "id": "node/12793232043"
    },
    {
      "type": "Feature",
      "properties": {
        "@id": "node/13072870891",
        "highway": "motorway_junction",
        "name": "Roswinkel"
      },
      "geometry": {
        "type": "Point",
        "coordinates": [
          7.020435,
          52.8476193
        ]
      },
      "id": "node/13072870891"
    },
    {
      "type": "Feature",
      "properties": {
        "@id": "node/13072870892",
        "highway": "motorway_junction",
        "name": "Roswinkel"
      },
      "geometry": {
        "type": "Point",
        "coordinates": [
          7.0344538,
          52.8527242
        ]
      },
      "id": "node/13072870892"
    },
    {
      "type": "Feature",
      "properties": {
        "@id": "node/13398832779",
        "highway": "motorway_junction",
        "name": "Bijlmermeer-H-Buurt"
      },
      "geometry": {
        "type": "Point",
        "coordinates": [
          4.9692962,
          52.3103913
        ]
      },
      "id": "node/13398832779"
    },
    {
      "type": "Feature",
      "properties": {
        "@id": "node/13770533404",
        "highway": "motorway_junction",
        "name": "Knooppunt Hooipolder",
        "wikidata": "Q2465938",
        "wikipedia": "nl:Knooppunt Hooipolder"
      },
      "geometry": {
        "type": "Point",
        "coordinates": [
          4.885618,
          51.6877316
        ]
      },
      "id": "node/13770533404"
    },
    {
      "type": "Feature",
      "properties": {
        "@id": "node/13929084549",
        "highway": "motorway_junction",
        "name": "Knooppunt Werpsterhoek",
        "name:fy": "Knooppunt Werpsterhoeke",
        "name:nl": "Knooppunt Werpsterhoek"
      },
      "geometry": {
        "type": "Point",
        "coordinates": [
          5.7861198,
          53.1583368
        ]
      },
      "id": "node/13929084549"
    },
    {
      "type": "Feature",
      "properties": {
        "@id": "node/14056701773",
        "highway": "motorway_junction",
        "name": "Amstelveen-Centrum",
        "old_name": "Amstelveen-Stadshart",
        "ref": "5",
        "wikidata": "Q96358637"
      },
      "geometry": {
        "type": "Point",
        "coordinates": [
          4.8626706,
          52.3000568
        ]
      },
      "id": "node/14056701773"
    },
    {
      "type": "Feature",
      "properties": {
        "@id": "node/14107197253",
        "highway": "motorway_junction",
        "name": "Egellelie"
      },
      "geometry": {
        "type": "Point",
        "coordinates": [
          4.9676231,
          52.3251167
        ]
      },
      "id": "node/14107197253"
    },
    {
      "type": "Feature",
      "properties": {
        "@id": "node/14183506675",
        "highway": "motorway_junction",
        "name": "Amstelveen-Centrum",
        "old_name": "Amstelveen-Stadshart",
        "ref": "5",
        "wikidata": "Q96358637"
      },
      "geometry": {
        "type": "Point",
        "coordinates": [
          4.8420208,
          52.3048574
        ]
      },
      "id": "node/14183506675"
    }
  ]
}